{
"type": "FeatureCollection",
"name": "metsailmoitukset",
"crs": { "type": "name", "properties": { "name": "urn:ogc:def:crs:OGC:1.3:CRS84" } },
"xy_coordinate_resolution": 1e-06,
"features": [
{ "type": "Feature", "properties": { "FORESTUSEDECLARATIONNUMBER": "1-2022-70425", "DECLARATIONREFERENCE": null, "PROCESSINGAREANUMBER": 1.0, "DECLARATIONSTATE": "50", "DECLARATIONSTATEDATASOURCE": 2.0, "VALID_NOW": 0.0, "DECLARATIONSTANDREFERENCE": null, "STANDNUMBER": 3.0, "STANDNUMBEREXTENSION": 0.0, "AREA": 0.95, "MAINGROUP": 1.0, "SUBGROUP": 1.0, "FERTILITYCLASS": 3.0, "SOILTYPE": 10.0, "DECLARATIONDEVELOPMENTCLASS": 8.0, "DECLARATIONMAINTREESPECIES": 2.0, "MEANAGE": 98.0, "MEANDIAMETER": 27.0, "HABITATCODE": 0.0, "DETAILEDHABITATCODE": 0.0, "OTHERHABITATCODE": null, "CUTTINGPURPOSE": 3.0, "CUTTINGREALIZATIONPRACTICE": 5.0, "REGENERATIONCOMMITMENT": null, "DECLSOILPREPARATIONOPERATION": 523.0, "DECLREGENERATIONOPERATION": 302.0, "HABITATOPERATION": null, "FORESTDAMAGEQUALIFIER": null, "COMPLETIONYEAR": null, "REGENSOILPREPARATIONOPERATION": null, "REGENERATIONYEAR": null, "REGENERATIONOPERATION": null, "REGERATIONAREA": null, "DECLARATIONARRIVALDATE": "2022-08-23T12:24:13", "DECLARATIONARRIVALYEAR": "2022", "DECLARATIONARRIVALMETHOD": 2.0, "STANDARRIVALDATE": "2022-08-23T12:24:13", "STANDARRIVALMETHOD": 2.0, "REGENERATIONARRIVALDATE": null, "DATASOURCE": null, "CREATIONTIME": null, "UPDATETIME": "2025-08-24T00:10:26" }, "geometry": { "type": "Polygon", "coordinates": [ [ [ 26.925648, 60.577959 ], [ 26.925765, 60.578131 ], [ 26.925437, 60.578645 ], [ 26.925792, 60.578883 ], [ 26.92591, 60.579072 ], [ 26.926156, 60.579184 ], [ 26.926292, 60.579548 ], [ 26.926693, 60.579943 ], [ 26.926805, 60.57999 ], [ 26.926618, 60.580044 ], [ 26.926324, 60.580117 ], [ 26.926288, 60.580149 ], [ 26.92614, 60.580155 ], [ 26.924377, 60.57874 ], [ 26.92475, 60.578742 ], [ 26.924963, 60.578742 ], [ 26.925112, 60.578701 ], [ 26.925363, 60.578605 ], [ 26.92541, 60.578482 ], [ 26.925439, 60.578299 ], [ 26.925365, 60.578125 ], [ 26.925648, 60.577959 ] ] ] } },
{ "type": "Feature", "properties": { "FORESTUSEDECLARATIONNUMBER": "1-2022-70425", "DECLARATIONREFERENCE": null, "PROCESSINGAREANUMBER": 2.0, "DECLARATIONSTATE": "50", "DECLARATIONSTATEDATASOURCE": 2.0, "VALID_NOW": 0.0, "DECLARATIONSTANDREFERENCE": null, "STANDNUMBER": 29.0, "STANDNUMBEREXTENSION": 0.0, "AREA": 1.09, "MAINGROUP": 1.0, "SUBGROUP": 1.0, "FERTILITYCLASS": 3.0, "SOILTYPE": 10.0, "DECLARATIONDEVELOPMENTCLASS": 8.0, "DECLARATIONMAINTREESPECIES": 2.0, "MEANAGE": 54.0, "MEANDIAMETER": 26.0, "HABITATCODE": 0.0, "DETAILEDHABITATCODE": 0.0, "OTHERHABITATCODE": null, "CUTTINGPURPOSE": 3.0, "CUTTINGREALIZATIONPRACTICE": 5.0, "REGENERATIONCOMMITMENT": null, "DECLSOILPREPARATIONOPERATION": 523.0, "DECLREGENERATIONOPERATION": 302.0, "HABITATOPERATION": null, "FORESTDAMAGEQUALIFIER": null, "COMPLETIONYEAR": null, "REGENSOILPREPARATIONOPERATION": null, "REGENERATIONYEAR": null, "REGENERATIONOPERATION": null, "REGERATIONAREA": null, "DECLARATIONARRIVALDATE": "2022-08-23T12:24:13", "DECLARATIONARRIVALYEAR": "2022", "DECLARATIONARRIVALMETHOD": 2.0, "STANDARRIVALDATE": "2022-08-23T12:24:13", "STANDARRIVALMETHOD": 2.0, "REGENERATIONARRIVALDATE": null, "DATASOURCE": null, "CREATIONTIME": null, "UPDATETIME": "2025-08-24T00:10:26" }, "geometry": { "type": "Polygon", "coordinates": [ [ [ 26.92585, 60.576936 ], [ 26.926393, 60.577074 ], [ 26.92608, 60.577228 ], [ 26.925884, 60.577382 ], [ 26.925649, 60.577516 ], [ 26.925649, 60.577689 ], [ 26.925551, 60.577804 ], [ 26.925648, 60.577959 ], [ 26.925365, 60.578125 ], [ 26.925439, 60.578299 ], [ 26.92541, 60.578482 ], [ 26.925363, 60.578605 ], [ 26.925112, 60.578701 ], [ 26.924963, 60.578742 ], [ 26.92475, 60.578742 ], [ 26.924377, 60.57874 ], [ 26.924212, 60.578608 ], [ 26.925235, 60.576879 ], [ 26.925535, 60.576913 ], [ 26.92585, 60.576936 ] ] ] } },
{ "type": "Feature", "properties": { "FORESTUSEDECLARATIONNUMBER": "1-2022-70425", "DECLARATIONREFERENCE": null, "PROCESSINGAREANUMBER": 3.0, "DECLARATIONSTATE": "50", "DECLARATIONSTATEDATASOURCE": 2.0, "VALID_NOW": 0.0, "DECLARATIONSTANDREFERENCE": null, "STANDNUMBER": 32.0, "STANDNUMBEREXTENSION": 0.0, "AREA": 0.28, "MAINGROUP": 1.0, "SUBGROUP": 1.0, "FERTILITYCLASS": 3.0, "SOILTYPE": 20.0, "DECLARATIONDEVELOPMENTCLASS": 8.0, "DECLARATIONMAINTREESPECIES": 4.0, "MEANAGE": 47.0, "MEANDIAMETER": 18.0, "HABITATCODE": 0.0, "DETAILEDHABITATCODE": 0.0, "OTHERHABITATCODE": null, "CUTTINGPURPOSE": 3.0, "CUTTINGREALIZATIONPRACTICE": 5.0, "REGENERATIONCOMMITMENT": null, "DECLSOILPREPARATIONOPERATION": 523.0, "DECLREGENERATIONOPERATION": 302.0, "HABITATOPERATION": null, "FORESTDAMAGEQUALIFIER": null, "COMPLETIONYEAR": null, "REGENSOILPREPARATIONOPERATION": null, "REGENERATIONYEAR": null, "REGENERATIONOPERATION": null, "REGERATIONAREA": null, "DECLARATIONARRIVALDATE": "2022-08-23T12:24:13", "DECLARATIONARRIVALYEAR": "2022", "DECLARATIONARRIVALMETHOD": 2.0, "STANDARRIVALDATE": "2022-08-23T12:24:13", "STANDARRIVALMETHOD": 2.0, "REGENERATIONARRIVALDATE": null, "DATASOURCE": null, "CREATIONTIME": null, "UPDATETIME": "2025-08-24T00:10:25" }, "geometry": { "type": "Polygon", "coordinates": [ [ [ 26.925637, 60.5762 ], [ 26.926285, 60.576243 ], [ 26.925999, 60.576675 ], [ 26.92585, 60.576936 ], [ 26.925535, 60.576913 ], [ 26.925235, 60.576879 ], [ 26.925637, 60.5762 ] ] ] } },
{ "type": "Feature", "properties": { "FORESTUSEDECLARATIONNUMBER": "1-2022-70425", "DECLARATIONREFERENCE": null, "PROCESSINGAREANUMBER": 4.0, "DECLARATIONSTATE": "50", "DECLARATIONSTATEDATASOURCE": 2.0, "VALID_NOW": 0.0, "DECLARATIONSTANDREFERENCE": null, "STANDNUMBER": 38.0, "STANDNUMBEREXTENSION": 0.0, "AREA": 0.54, "MAINGROUP": 1.0, "SUBGROUP": 1.0, "FERTILITYCLASS": 3.0, "SOILTYPE": 10.0, "DECLARATIONDEVELOPMENTCLASS": 8.0, "DECLARATIONMAINTREESPECIES": 2.0, "MEANAGE": 99.0, "MEANDIAMETER": 27.0, "HABITATCODE": 0.0, "DETAILEDHABITATCODE": 0.0, "OTHERHABITATCODE": null, "CUTTINGPURPOSE": 3.0, "CUTTINGREALIZATIONPRACTICE": 5.0, "REGENERATIONCOMMITMENT": null, "DECLSOILPREPARATIONOPERATION": 523.0, "DECLREGENERATIONOPERATION": 302.0, "HABITATOPERATION": null, "FORESTDAMAGEQUALIFIER": null, "COMPLETIONYEAR": null, "REGENSOILPREPARATIONOPERATION": null, "REGENERATIONYEAR": null, "REGENERATIONOPERATION": null, "REGERATIONAREA": null, "DECLARATIONARRIVALDATE": "2022-08-23T12:24:13", "DECLARATIONARRIVALYEAR": "2022", "DECLARATIONARRIVALMETHOD": 2.0, "STANDARRIVALDATE": "2022-08-23T12:24:13", "STANDARRIVALMETHOD": 2.0, "REGENERATIONARRIVALDATE": null, "DATASOURCE": null, "CREATIONTIME": null, "UPDATETIME": "2025-08-24T00:10:27" }, "geometry": { "type": "Polygon", "coordinates": [ [ [ 26.925765, 60.578131 ], [ 26.925726, 60.578257 ], [ 26.925718, 60.578369 ], [ 26.9258, 60.57849 ], [ 26.926057, 60.578574 ], [ 26.926093, 60.578594 ], [ 26.926248, 60.57883 ], [ 26.926458, 60.578892 ], [ 26.92664, 60.579 ], [ 26.926804, 60.579346 ], [ 26.926831, 60.579472 ], [ 26.92707, 60.579795 ], [ 26.92706, 60.579933 ], [ 26.926911, 60.579959 ], [ 26.926805, 60.57999 ], [ 26.926693, 60.579943 ], [ 26.926292, 60.579548 ], [ 26.926156, 60.579184 ], [ 26.92591, 60.579072 ], [ 26.925792, 60.578883 ], [ 26.925437, 60.578645 ], [ 26.925765, 60.578131 ] ] ] } },
{ "type": "Feature", "properties": { "FORESTUSEDECLARATIONNUMBER": "1-2023-23613", "DECLARATIONREFERENCE": null, "PROCESSINGAREANUMBER": 1.0, "DECLARATIONSTATE": "50", "DECLARATIONSTATEDATASOURCE": 2.0, "VALID_NOW": 0.0, "DECLARATIONSTANDREFERENCE": null, "STANDNUMBER": 40.0, "STANDNUMBEREXTENSION": 0.0, "AREA": 2.55, "MAINGROUP": 0.0, "SUBGROUP": null, "FERTILITYCLASS": 4.0, "SOILTYPE": 30.0, "DECLARATIONDEVELOPMENTCLASS": 8.0, "DECLARATIONMAINTREESPECIES": 1.0, "MEANAGE": null, "MEANDIAMETER": null, "HABITATCODE": 0.0, "DETAILEDHABITATCODE": 0.0, "OTHERHABITATCODE": null, "CUTTINGPURPOSE": 3.0, "CUTTINGREALIZATIONPRACTICE": 5.0, "REGENERATIONCOMMITMENT": 0.0, "DECLSOILPREPARATIONOPERATION": 530.0, "DECLREGENERATIONOPERATION": 201.0, "HABITATOPERATION": null, "FORESTDAMAGEQUALIFIER": null, "COMPLETIONYEAR": null, "REGENSOILPREPARATIONOPERATION": null, "REGENERATIONYEAR": null, "REGENERATIONOPERATION": null, "REGERATIONAREA": null, "DECLARATIONARRIVALDATE": "2023-03-03T08:56:58", "DECLARATIONARRIVALYEAR": "2023", "DECLARATIONARRIVALMETHOD": 2.0, "STANDARRIVALDATE": "2023-03-03T08:56:58", "STANDARRIVALMETHOD": 2.0, "REGENERATIONARRIVALDATE": null, "DATASOURCE": null, "CREATIONTIME": null, "UPDATETIME": "2026-03-04T00:05:58" }, "geometry": { "type": "Polygon", "coordinates": [ [ [ 26.870022, 60.58195 ], [ 26.869718, 60.582199 ], [ 26.869628, 60.582258 ], [ 26.869231, 60.582464 ], [ 26.869206, 60.582473 ], [ 26.864601, 60.580572 ], [ 26.864963, 60.579959 ], [ 26.865333, 60.580096 ], [ 26.865792, 60.580225 ], [ 26.866002, 60.580358 ], [ 26.866225, 60.580442 ], [ 26.866526, 60.580513 ], [ 26.867168, 60.58068 ], [ 26.86766, 60.580843 ], [ 26.868036, 60.580909 ], [ 26.868141, 60.580917 ], [ 26.868307, 60.581159 ], [ 26.868671, 60.581429 ], [ 26.869381, 60.581815 ], [ 26.870022, 60.58195 ] ] ] } },
{ "type": "Feature", "properties": { "FORESTUSEDECLARATIONNUMBER": "1-2023-74432", "DECLARATIONREFERENCE": null, "PROCESSINGAREANUMBER": 1.0, "DECLARATIONSTATE": "40", "DECLARATIONSTATEDATASOURCE": 2.0, "VALID_NOW": 1.0, "DECLARATIONSTANDREFERENCE": null, "STANDNUMBER": 41.0, "STANDNUMBEREXTENSION": 0.0, "AREA": 3.36, "MAINGROUP": 1.0, "SUBGROUP": 1.0, "FERTILITYCLASS": 4.0, "SOILTYPE": 10.0, "DECLARATIONDEVELOPMENTCLASS": 8.0, "DECLARATIONMAINTREESPECIES": 1.0, "MEANAGE": null, "MEANDIAMETER": null, "HABITATCODE": 0.0, "DETAILEDHABITATCODE": 0.0, "OTHERHABITATCODE": null, "CUTTINGPURPOSE": 3.0, "CUTTINGREALIZATIONPRACTICE": 5.0, "REGENERATIONCOMMITMENT": 0.0, "DECLSOILPREPARATIONOPERATION": 530.0, "DECLREGENERATIONOPERATION": 201.0, "HABITATOPERATION": null, "FORESTDAMAGEQUALIFIER": null, "COMPLETIONYEAR": null, "REGENSOILPREPARATIONOPERATION": null, "REGENERATIONYEAR": null, "REGENERATIONOPERATION": null, "REGERATIONAREA": null, "DECLARATIONARRIVALDATE": "2023-08-02T13:33:35", "DECLARATIONARRIVALYEAR": "2023", "DECLARATIONARRIVALMETHOD": 2.0, "STANDARRIVALDATE": "2023-08-02T13:33:35", "STANDARRIVALMETHOD": 2.0, "REGENERATIONARRIVALDATE": null, "DATASOURCE": null, "CREATIONTIME": null, "UPDATETIME": "2023-08-13T00:04:33" }, "geometry": { "type": "Polygon", "coordinates": [ [ [ 26.88943, 60.562617 ], [ 26.889061, 60.562525 ], [ 26.888629, 60.56246 ], [ 26.888123, 60.562361 ], [ 26.887425, 60.562308 ], [ 26.887563, 60.562209 ], [ 26.886539, 60.56171 ], [ 26.886565, 60.561695 ], [ 26.886587, 60.561682 ], [ 26.886681, 60.561627 ], [ 26.886911, 60.561493 ], [ 26.887059, 60.561383 ], [ 26.887159, 60.561457 ], [ 26.887352, 60.561504 ], [ 26.8884, 60.56182 ], [ 26.888619, 60.561794 ], [ 26.889097, 60.561887 ], [ 26.889699, 60.561955 ], [ 26.88979, 60.561944 ], [ 26.89001, 60.56186 ], [ 26.890066, 60.561739 ], [ 26.890066, 60.561732 ], [ 26.889853, 60.561652 ], [ 26.889713, 60.561372 ], [ 26.889768, 60.561099 ], [ 26.889623, 60.56104 ], [ 26.889741, 60.560964 ], [ 26.890053, 60.560862 ], [ 26.890509, 60.560907 ], [ 26.890836, 60.561096 ], [ 26.890681, 60.561275 ], [ 26.890624, 60.561377 ], [ 26.890662, 60.561466 ], [ 26.890954, 60.561569 ], [ 26.891246, 60.56152 ], [ 26.891492, 60.561586 ], [ 26.891614, 60.561619 ], [ 26.891674, 60.561678 ], [ 26.891533, 60.561712 ], [ 26.891696, 60.561848 ], [ 26.891878, 60.561825 ], [ 26.891974, 60.561857 ], [ 26.892092, 60.561916 ], [ 26.892042, 60.56199 ], [ 26.891914, 60.56201 ], [ 26.891723, 60.56203 ], [ 26.891605, 60.562071 ], [ 26.891829, 60.562298 ], [ 26.891699, 60.562411 ], [ 26.891594, 60.562464 ], [ 26.89163, 60.562635 ], [ 26.891802, 60.562801 ], [ 26.892155, 60.563033 ], [ 26.892099, 60.563163 ], [ 26.891915, 60.563256 ], [ 26.891846, 60.563276 ], [ 26.891746, 60.563206 ], [ 26.891726, 60.563133 ], [ 26.89161, 60.563089 ], [ 26.891517, 60.563097 ], [ 26.891363, 60.563062 ], [ 26.891126, 60.563033 ], [ 26.890972, 60.563052 ], [ 26.89083, 60.563069 ], [ 26.8906, 60.563136 ], [ 26.890289, 60.562987 ], [ 26.890013, 60.562824 ], [ 26.889676, 60.562746 ], [ 26.88943, 60.562617 ] ] ] } },
{ "type": "Feature", "properties": { "FORESTUSEDECLARATIONNUMBER": "1-2023-74432", "DECLARATIONREFERENCE": null, "PROCESSINGAREANUMBER": 1.0, "DECLARATIONSTATE": "40", "DECLARATIONSTATEDATASOURCE": 2.0, "VALID_NOW": 1.0, "DECLARATIONSTANDREFERENCE": null, "STANDNUMBER": 22.0, "STANDNUMBEREXTENSION": 1.0, "AREA": 1.77, "MAINGROUP": 1.0, "SUBGROUP": 1.0, "FERTILITYCLASS": 4.0, "SOILTYPE": 10.0, "DECLARATIONDEVELOPMENTCLASS": 8.0, "DECLARATIONMAINTREESPECIES": 1.0, "MEANAGE": null, "MEANDIAMETER": null, "HABITATCODE": 0.0, "DETAILEDHABITATCODE": 0.0, "OTHERHABITATCODE": null, "CUTTINGPURPOSE": 3.0, "CUTTINGREALIZATIONPRACTICE": 5.0, "REGENERATIONCOMMITMENT": 0.0, "DECLSOILPREPARATIONOPERATION": 530.0, "DECLREGENERATIONOPERATION": 201.0, "HABITATOPERATION": null, "FORESTDAMAGEQUALIFIER": null, "COMPLETIONYEAR": null, "REGENSOILPREPARATIONOPERATION": null, "REGENERATIONYEAR": null, "REGENERATIONOPERATION": null, "REGERATIONAREA": null, "DECLARATIONARRIVALDATE": "2023-08-02T13:33:35", "DECLARATIONARRIVALYEAR": "2023", "DECLARATIONARRIVALMETHOD": 2.0, "STANDARRIVALDATE": "2023-08-02T13:33:35", "STANDARRIVALMETHOD": 2.0, "REGENERATIONARRIVALDATE": null, "DATASOURCE": null, "CREATIONTIME": null, "UPDATETIME": "2023-08-13T00:04:33" }, "geometry": { "type": "Polygon", "coordinates": [ [ [ 26.895983, 60.564583 ], [ 26.896094, 60.56439 ], [ 26.896075, 60.564352 ], [ 26.895842, 60.564347 ], [ 26.895684, 60.564343 ], [ 26.895577, 60.564111 ], [ 26.895417, 60.56411 ], [ 26.895315, 60.564006 ], [ 26.895234, 60.563905 ], [ 26.89517, 60.563782 ], [ 26.895157, 60.563683 ], [ 26.895162, 60.563584 ], [ 26.89536, 60.563505 ], [ 26.895388, 60.563339 ], [ 26.895292, 60.563331 ], [ 26.895364, 60.56323 ], [ 26.89538, 60.563163 ], [ 26.895402, 60.563078 ], [ 26.89543, 60.563009 ], [ 26.895909, 60.562827 ], [ 26.89574, 60.562693 ], [ 26.895635, 60.562626 ], [ 26.895864, 60.5625 ], [ 26.895819, 60.562396 ], [ 26.895365, 60.562391 ], [ 26.895566, 60.562186 ], [ 26.897022, 60.562729 ], [ 26.896582, 60.564588 ], [ 26.89654, 60.564764 ], [ 26.896491, 60.56497 ], [ 26.896242, 60.564862 ], [ 26.896079, 60.564718 ], [ 26.895983, 60.564583 ] ] ] } },
{ "type": "Feature", "properties": { "FORESTUSEDECLARATIONNUMBER": "1-2023-74432", "DECLARATIONREFERENCE": null, "PROCESSINGAREANUMBER": 1.0, "DECLARATIONSTATE": "40", "DECLARATIONSTATEDATASOURCE": 2.0, "VALID_NOW": 1.0, "DECLARATIONSTANDREFERENCE": null, "STANDNUMBER": 18.0, "STANDNUMBEREXTENSION": 0.0, "AREA": 4.4, "MAINGROUP": 1.0, "SUBGROUP": 1.0, "FERTILITYCLASS": 4.0, "SOILTYPE": 10.0, "DECLARATIONDEVELOPMENTCLASS": 8.0, "DECLARATIONMAINTREESPECIES": 1.0, "MEANAGE": null, "MEANDIAMETER": null, "HABITATCODE": 0.0, "DETAILEDHABITATCODE": 0.0, "OTHERHABITATCODE": null, "CUTTINGPURPOSE": 3.0, "CUTTINGREALIZATIONPRACTICE": 5.0, "REGENERATIONCOMMITMENT": 0.0, "DECLSOILPREPARATIONOPERATION": 530.0, "DECLREGENERATIONOPERATION": 201.0, "HABITATOPERATION": null, "FORESTDAMAGEQUALIFIER": null, "COMPLETIONYEAR": null, "REGENSOILPREPARATIONOPERATION": null, "REGENERATIONYEAR": null, "REGENERATIONOPERATION": null, "REGERATIONAREA": null, "DECLARATIONARRIVALDATE": "2023-08-02T13:33:35", "DECLARATIONARRIVALYEAR": "2023", "DECLARATIONARRIVALMETHOD": 2.0, "STANDARRIVALDATE": "2023-08-02T13:33:35", "STANDARRIVALMETHOD": 2.0, "REGENERATIONARRIVALDATE": null, "DATASOURCE": null, "CREATIONTIME": null, "UPDATETIME": "2023-08-13T00:04:33" }, "geometry": { "type": "Polygon", "coordinates": [ [ [ 26.887548, 60.564182 ], [ 26.886644, 60.564131 ], [ 26.886453, 60.564163 ], [ 26.885989, 60.564163 ], [ 26.885105, 60.563983 ], [ 26.884941, 60.563987 ], [ 26.884794, 60.564265 ], [ 26.883953, 60.564601 ], [ 26.883481, 60.564757 ], [ 26.881336, 60.563942 ], [ 26.88175, 60.56374 ], [ 26.882522, 60.563446 ], [ 26.883176, 60.56322 ], [ 26.884049, 60.562919 ], [ 26.884421, 60.562777 ], [ 26.884543, 60.562831 ], [ 26.885108, 60.563034 ], [ 26.885297, 60.563102 ], [ 26.885558, 60.562957 ], [ 26.886959, 60.562887 ], [ 26.88716, 60.562979 ], [ 26.887351, 60.563316 ], [ 26.887361, 60.56354 ], [ 26.888133, 60.563729 ], [ 26.888215, 60.563887 ], [ 26.887548, 60.564182 ] ] ] } },
{ "type": "Feature", "properties": { "FORESTUSEDECLARATIONNUMBER": "1-2023-74432", "DECLARATIONREFERENCE": null, "PROCESSINGAREANUMBER": 1.0, "DECLARATIONSTATE": "40", "DECLARATIONSTATEDATASOURCE": 2.0, "VALID_NOW": 1.0, "DECLARATIONSTANDREFERENCE": null, "STANDNUMBER": 39.0, "STANDNUMBEREXTENSION": 0.0, "AREA": 0.42, "MAINGROUP": 1.0, "SUBGROUP": 1.0, "FERTILITYCLASS": 3.0, "SOILTYPE": 30.0, "DECLARATIONDEVELOPMENTCLASS": 8.0, "DECLARATIONMAINTREESPECIES": 2.0, "MEANAGE": null, "MEANDIAMETER": null, "HABITATCODE": 0.0, "DETAILEDHABITATCODE": 0.0, "OTHERHABITATCODE": null, "CUTTINGPURPOSE": 3.0, "CUTTINGREALIZATIONPRACTICE": 5.0, "REGENERATIONCOMMITMENT": 0.0, "DECLSOILPREPARATIONOPERATION": 523.0, "DECLREGENERATIONOPERATION": 302.0, "HABITATOPERATION": null, "FORESTDAMAGEQUALIFIER": null, "COMPLETIONYEAR": null, "REGENSOILPREPARATIONOPERATION": null, "REGENERATIONYEAR": null, "REGENERATIONOPERATION": null, "REGERATIONAREA": null, "DECLARATIONARRIVALDATE": "2023-08-02T13:33:35", "DECLARATIONARRIVALYEAR": "2023", "DECLARATIONARRIVALMETHOD": 2.0, "STANDARRIVALDATE": "2023-08-02T13:33:35", "STANDARRIVALMETHOD": 2.0, "REGENERATIONARRIVALDATE": null, "DATASOURCE": null, "CREATIONTIME": null, "UPDATETIME": "2023-08-13T00:04:33" }, "geometry": { "type": "Polygon", "coordinates": [ [ [ 26.890547, 60.563748 ], [ 26.890622, 60.563791 ], [ 26.890785, 60.563883 ], [ 26.891206, 60.564178 ], [ 26.891381, 60.564443 ], [ 26.890925, 60.564454 ], [ 26.89022, 60.564411 ], [ 26.890007, 60.564211 ], [ 26.889773, 60.564011 ], [ 26.889902, 60.563916 ], [ 26.890244, 60.563812 ], [ 26.890547, 60.563748 ] ] ] } },
{ "type": "Feature", "properties": { "FORESTUSEDECLARATIONNUMBER": "1-2024-16698", "DECLARATIONREFERENCE": null, "PROCESSINGAREANUMBER": 1.0, "DECLARATIONSTATE": "40", "DECLARATIONSTATEDATASOURCE": 2.0, "VALID_NOW": 1.0, "DECLARATIONSTANDREFERENCE": null, "STANDNUMBER": 32.0, "STANDNUMBEREXTENSION": 0.0, "AREA": 1.19, "MAINGROUP": 0.0, "SUBGROUP": null, "FERTILITYCLASS": 3.0, "SOILTYPE": 10.0, "DECLARATIONDEVELOPMENTCLASS": 8.0, "DECLARATIONMAINTREESPECIES": 2.0, "MEANAGE": null, "MEANDIAMETER": null, "HABITATCODE": 0.0, "DETAILEDHABITATCODE": 0.0, "OTHERHABITATCODE": null, "CUTTINGPURPOSE": 3.0, "CUTTINGREALIZATIONPRACTICE": 5.0, "REGENERATIONCOMMITMENT": 0.0, "DECLSOILPREPARATIONOPERATION": 520.0, "DECLREGENERATIONOPERATION": 302.0, "HABITATOPERATION": null, "FORESTDAMAGEQUALIFIER": null, "COMPLETIONYEAR": null, "REGENSOILPREPARATIONOPERATION": null, "REGENERATIONYEAR": null, "REGENERATIONOPERATION": null, "REGERATIONAREA": null, "DECLARATIONARRIVALDATE": "2024-02-14T14:44:29", "DECLARATIONARRIVALYEAR": "2024", "DECLARATIONARRIVALMETHOD": 2.0, "STANDARRIVALDATE": "2024-02-14T14:44:29", "STANDARRIVALMETHOD": 2.0, "REGENERATIONARRIVALDATE": null, "DATASOURCE": null, "CREATIONTIME": null, "UPDATETIME": "2024-02-25T00:03:44" }, "geometry": { "type": "Polygon", "coordinates": [ [ [ 26.878334, 60.584925 ], [ 26.87765, 60.585327 ], [ 26.877252, 60.58515 ], [ 26.877047, 60.585078 ], [ 26.876854, 60.585066 ], [ 26.876588, 60.585042 ], [ 26.876511, 60.584923 ], [ 26.876177, 60.584842 ], [ 26.876137, 60.584772 ], [ 26.876188, 60.584619 ], [ 26.876491, 60.584392 ], [ 26.876597, 60.584374 ], [ 26.877073, 60.584526 ], [ 26.877252, 60.584642 ], [ 26.877279, 60.584749 ], [ 26.877458, 60.584779 ], [ 26.877604, 60.584717 ], [ 26.877834, 60.584402 ], [ 26.878185, 60.584135 ], [ 26.878319, 60.583948 ], [ 26.878357, 60.583825 ], [ 26.879445, 60.584271 ], [ 26.878334, 60.584925 ] ] ] } },
{ "type": "Feature", "properties": { "FORESTUSEDECLARATIONNUMBER": "1-2024-30987", "DECLARATIONREFERENCE": null, "PROCESSINGAREANUMBER": 3.0, "DECLARATIONSTATE": "40", "DECLARATIONSTATEDATASOURCE": 2.0, "VALID_NOW": 1.0, "DECLARATIONSTANDREFERENCE": null, "STANDNUMBER": 51.0, "STANDNUMBEREXTENSION": 0.0, "AREA": 0.93, "MAINGROUP": 1.0, "SUBGROUP": 1.0, "FERTILITYCLASS": 3.0, "SOILTYPE": 10.0, "DECLARATIONDEVELOPMENTCLASS": 8.0, "DECLARATIONMAINTREESPECIES": 2.0, "MEANAGE": null, "MEANDIAMETER": null, "HABITATCODE": 0.0, "DETAILEDHABITATCODE": 0.0, "OTHERHABITATCODE": null, "CUTTINGPURPOSE": 3.0, "CUTTINGREALIZATIONPRACTICE": 5.0, "REGENERATIONCOMMITMENT": 0.0, "DECLSOILPREPARATIONOPERATION": 523.0, "DECLREGENERATIONOPERATION": 302.0, "HABITATOPERATION": null, "FORESTDAMAGEQUALIFIER": null, "COMPLETIONYEAR": null, "REGENSOILPREPARATIONOPERATION": null, "REGENERATIONYEAR": null, "REGENERATIONOPERATION": null, "REGERATIONAREA": null, "DECLARATIONARRIVALDATE": "2024-03-28T12:16:27", "DECLARATIONARRIVALYEAR": "2024", "DECLARATIONARRIVALMETHOD": 2.0, "STANDARRIVALDATE": "2024-03-28T12:16:27", "STANDARRIVALMETHOD": 2.0, "REGENERATIONARRIVALDATE": null, "DATASOURCE": null, "CREATIONTIME": null, "UPDATETIME": "2024-04-08T00:03:28" }, "geometry": { "type": "Polygon", "coordinates": [ [ [ 26.91453, 60.575001 ], [ 26.914544, 60.5749 ], [ 26.914403, 60.574593 ], [ 26.914832, 60.574863 ], [ 26.915036, 60.574978 ], [ 26.9155, 60.575264 ], [ 26.915602, 60.575565 ], [ 26.915145, 60.575638 ], [ 26.915024, 60.575936 ], [ 26.914626, 60.575929 ], [ 26.914267, 60.576397 ], [ 26.913485, 60.5761 ], [ 26.913395, 60.576065 ], [ 26.913721, 60.575852 ], [ 26.914069, 60.575601 ], [ 26.91453, 60.575001 ] ] ] } },
{ "type": "Feature", "properties": { "FORESTUSEDECLARATIONNUMBER": "1-2024-31244", "DECLARATIONREFERENCE": null, "PROCESSINGAREANUMBER": 2.0, "DECLARATIONSTATE": "40", "DECLARATIONSTATEDATASOURCE": 2.0, "VALID_NOW": 1.0, "DECLARATIONSTANDREFERENCE": null, "STANDNUMBER": 5.0, "STANDNUMBEREXTENSION": 0.0, "AREA": 3.98, "MAINGROUP": 1.0, "SUBGROUP": 1.0, "FERTILITYCLASS": 4.0, "SOILTYPE": 10.0, "DECLARATIONDEVELOPMENTCLASS": 8.0, "DECLARATIONMAINTREESPECIES": 1.0, "MEANAGE": null, "MEANDIAMETER": null, "HABITATCODE": 0.0, "DETAILEDHABITATCODE": 0.0, "OTHERHABITATCODE": null, "CUTTINGPURPOSE": 3.0, "CUTTINGREALIZATIONPRACTICE": 5.0, "REGENERATIONCOMMITMENT": 0.0, "DECLSOILPREPARATIONOPERATION": 530.0, "DECLREGENERATIONOPERATION": 201.0, "HABITATOPERATION": null, "FORESTDAMAGEQUALIFIER": null, "COMPLETIONYEAR": null, "REGENSOILPREPARATIONOPERATION": null, "REGENERATIONYEAR": null, "REGENERATIONOPERATION": null, "REGERATIONAREA": null, "DECLARATIONARRIVALDATE": "2024-03-28T12:20:11", "DECLARATIONARRIVALYEAR": "2024", "DECLARATIONARRIVALMETHOD": 2.0, "STANDARRIVALDATE": "2024-03-28T12:20:11", "STANDARRIVALMETHOD": 2.0, "REGENERATIONARRIVALDATE": null, "DATASOURCE": null, "CREATIONTIME": null, "UPDATETIME": "2024-04-08T00:05:32" }, "geometry": { "type": "Polygon", "coordinates": [ [ [ 26.880198, 60.586771 ], [ 26.879902, 60.586627 ], [ 26.880068, 60.58625 ], [ 26.88017, 60.585761 ], [ 26.88044, 60.585802 ], [ 26.880436, 60.585837 ], [ 26.880728, 60.585851 ], [ 26.881124, 60.58587 ], [ 26.881124, 60.585937 ], [ 26.881398, 60.585944 ], [ 26.881712, 60.585964 ], [ 26.881664, 60.586027 ], [ 26.881787, 60.586034 ], [ 26.881683, 60.586391 ], [ 26.882224, 60.586896 ], [ 26.882406, 60.587066 ], [ 26.882777, 60.587411 ], [ 26.883251, 60.587275 ], [ 26.883258, 60.587415 ], [ 26.883441, 60.587596 ], [ 26.88356, 60.587651 ], [ 26.883434, 60.587739 ], [ 26.883132, 60.587945 ], [ 26.88289, 60.588063 ], [ 26.882664, 60.588358 ], [ 26.882663, 60.588739 ], [ 26.88222, 60.588811 ], [ 26.881667, 60.588738 ], [ 26.881667, 60.588706 ], [ 26.881231, 60.588773 ], [ 26.880784, 60.588871 ], [ 26.880519, 60.588785 ], [ 26.880708, 60.588701 ], [ 26.880693, 60.58865 ], [ 26.880562, 60.588174 ], [ 26.880195, 60.58763 ], [ 26.880124, 60.586995 ], [ 26.880198, 60.586771 ] ] ] } },
{ "type": "Feature", "properties": { "FORESTUSEDECLARATIONNUMBER": "1-2024-31246", "DECLARATIONREFERENCE": null, "PROCESSINGAREANUMBER": 1.0, "DECLARATIONSTATE": "40", "DECLARATIONSTATEDATASOURCE": 2.0, "VALID_NOW": 1.0, "DECLARATIONSTANDREFERENCE": null, "STANDNUMBER": 22.0, "STANDNUMBEREXTENSION": 0.0, "AREA": 0.57, "MAINGROUP": 1.0, "SUBGROUP": 1.0, "FERTILITYCLASS": 4.0, "SOILTYPE": 10.0, "DECLARATIONDEVELOPMENTCLASS": 7.0, "DECLARATIONMAINTREESPECIES": 1.0, "MEANAGE": null, "MEANDIAMETER": null, "HABITATCODE": 0.0, "DETAILEDHABITATCODE": 0.0, "OTHERHABITATCODE": null, "CUTTINGPURPOSE": 3.0, "CUTTINGREALIZATIONPRACTICE": 5.0, "REGENERATIONCOMMITMENT": 0.0, "DECLSOILPREPARATIONOPERATION": 530.0, "DECLREGENERATIONOPERATION": 201.0, "HABITATOPERATION": null, "FORESTDAMAGEQUALIFIER": null, "COMPLETIONYEAR": null, "REGENSOILPREPARATIONOPERATION": null, "REGENERATIONYEAR": null, "REGENERATIONOPERATION": null, "REGERATIONAREA": null, "DECLARATIONARRIVALDATE": "2024-03-28T12:20:13", "DECLARATIONARRIVALYEAR": "2024", "DECLARATIONARRIVALMETHOD": 2.0, "STANDARRIVALDATE": "2024-03-28T12:20:13", "STANDARRIVALMETHOD": 2.0, "REGENERATIONARRIVALDATE": null, "DATASOURCE": null, "CREATIONTIME": null, "UPDATETIME": "2024-04-09T11:39:45" }, "geometry": { "type": "Polygon", "coordinates": [ [ [ 26.882057, 60.575726 ], [ 26.881949, 60.575732 ], [ 26.882048, 60.575381 ], [ 26.882129, 60.575239 ], [ 26.882286, 60.57513 ], [ 26.882333, 60.574995 ], [ 26.884408, 60.575629 ], [ 26.883712, 60.57607 ], [ 26.883547, 60.575976 ], [ 26.883383, 60.5759 ], [ 26.883356, 60.575729 ], [ 26.883339, 60.575608 ], [ 26.883257, 60.575482 ], [ 26.883102, 60.575415 ], [ 26.882613, 60.575472 ], [ 26.882057, 60.575726 ] ] ] } },
{ "type": "Feature", "properties": { "FORESTUSEDECLARATIONNUMBER": "1-2024-31246", "DECLARATIONREFERENCE": null, "PROCESSINGAREANUMBER": 1.0, "DECLARATIONSTATE": "40", "DECLARATIONSTATEDATASOURCE": 2.0, "VALID_NOW": 1.0, "DECLARATIONSTANDREFERENCE": null, "STANDNUMBER": 17.0, "STANDNUMBEREXTENSION": 0.0, "AREA": 0.84, "MAINGROUP": 1.0, "SUBGROUP": 1.0, "FERTILITYCLASS": 3.0, "SOILTYPE": 10.0, "DECLARATIONDEVELOPMENTCLASS": 8.0, "DECLARATIONMAINTREESPECIES": 1.0, "MEANAGE": null, "MEANDIAMETER": null, "HABITATCODE": 0.0, "DETAILEDHABITATCODE": 0.0, "OTHERHABITATCODE": null, "CUTTINGPURPOSE": 3.0, "CUTTINGREALIZATIONPRACTICE": 5.0, "REGENERATIONCOMMITMENT": 0.0, "DECLSOILPREPARATIONOPERATION": 523.0, "DECLREGENERATIONOPERATION": 302.0, "HABITATOPERATION": null, "FORESTDAMAGEQUALIFIER": null, "COMPLETIONYEAR": null, "REGENSOILPREPARATIONOPERATION": null, "REGENERATIONYEAR": null, "REGENERATIONOPERATION": null, "REGERATIONAREA": null, "DECLARATIONARRIVALDATE": "2024-03-28T12:20:13", "DECLARATIONARRIVALYEAR": "2024", "DECLARATIONARRIVALMETHOD": 2.0, "STANDARRIVALDATE": "2024-03-28T12:20:13", "STANDARRIVALMETHOD": 2.0, "REGENERATIONARRIVALDATE": null, "DATASOURCE": null, "CREATIONTIME": null, "UPDATETIME": "2024-04-09T11:39:45" }, "geometry": { "type": "Polygon", "coordinates": [ [ [ 26.875772, 60.573303 ], [ 26.876065, 60.573289 ], [ 26.876329, 60.573231 ], [ 26.876371, 60.573171 ], [ 26.876521, 60.573217 ], [ 26.876943, 60.573346 ], [ 26.876795, 60.573568 ], [ 26.876652, 60.57359 ], [ 26.87656, 60.573639 ], [ 26.87636, 60.573635 ], [ 26.876296, 60.573689 ], [ 26.876113, 60.573713 ], [ 26.876022, 60.573729 ], [ 26.876022, 60.573774 ], [ 26.876096, 60.573827 ], [ 26.875995, 60.573982 ], [ 26.875943, 60.574014 ], [ 26.87598, 60.574063 ], [ 26.876107, 60.57409 ], [ 26.876175, 60.574089 ], [ 26.876431, 60.57416 ], [ 26.876608, 60.57423 ], [ 26.876695, 60.574169 ], [ 26.877018, 60.574224 ], [ 26.877148, 60.574246 ], [ 26.877191, 60.574464 ], [ 26.877044, 60.574618 ], [ 26.874829, 60.573966 ], [ 26.875401, 60.573563 ], [ 26.875772, 60.573303 ] ] ] } },
{ "type": "Feature", "properties": { "FORESTUSEDECLARATIONNUMBER": "1-2024-31286", "DECLARATIONREFERENCE": null, "PROCESSINGAREANUMBER": 1.0, "DECLARATIONSTATE": "40", "DECLARATIONSTATEDATASOURCE": 2.0, "VALID_NOW": 1.0, "DECLARATIONSTANDREFERENCE": null, "STANDNUMBER": 14.0, "STANDNUMBEREXTENSION": 0.0, "AREA": 4.29, "MAINGROUP": 1.0, "SUBGROUP": 1.0, "FERTILITYCLASS": 4.0, "SOILTYPE": 20.0, "DECLARATIONDEVELOPMENTCLASS": 8.0, "DECLARATIONMAINTREESPECIES": 1.0, "MEANAGE": null, "MEANDIAMETER": null, "HABITATCODE": 0.0, "DETAILEDHABITATCODE": 0.0, "OTHERHABITATCODE": null, "CUTTINGPURPOSE": 3.0, "CUTTINGREALIZATIONPRACTICE": 5.0, "REGENERATIONCOMMITMENT": 0.0, "DECLSOILPREPARATIONOPERATION": 530.0, "DECLREGENERATIONOPERATION": 201.0, "HABITATOPERATION": null, "FORESTDAMAGEQUALIFIER": null, "COMPLETIONYEAR": null, "REGENSOILPREPARATIONOPERATION": null, "REGENERATIONYEAR": null, "REGENERATIONOPERATION": null, "REGERATIONAREA": null, "DECLARATIONARRIVALDATE": "2024-03-28T12:20:48", "DECLARATIONARRIVALYEAR": "2024", "DECLARATIONARRIVALMETHOD": 2.0, "STANDARRIVALDATE": "2024-03-28T12:20:48", "STANDARRIVALMETHOD": 2.0, "REGENERATIONARRIVALDATE": null, "DATASOURCE": null, "CREATIONTIME": null, "UPDATETIME": "2024-04-09T11:41:26" }, "geometry": { "type": "Polygon", "coordinates": [ [ [ 26.883396, 60.573617 ], [ 26.883398, 60.573915 ], [ 26.883098, 60.573821 ], [ 26.881262, 60.57324 ], [ 26.880874, 60.573119 ], [ 26.880869, 60.573044 ], [ 26.881027, 60.572874 ], [ 26.881086, 60.572564 ], [ 26.881283, 60.572618 ], [ 26.881512, 60.572651 ], [ 26.881466, 60.572749 ], [ 26.881662, 60.572892 ], [ 26.881867, 60.572917 ], [ 26.881927, 60.572985 ], [ 26.882296, 60.572932 ], [ 26.882541, 60.572803 ], [ 26.882842, 60.572884 ], [ 26.882805, 60.573037 ], [ 26.883169, 60.573299 ], [ 26.8832, 60.573344 ], [ 26.88339, 60.573384 ], [ 26.883627, 60.573407 ], [ 26.883958, 60.5734 ], [ 26.884078, 60.573428 ], [ 26.884284, 60.573449 ], [ 26.884701, 60.573532 ], [ 26.88492, 60.573546 ], [ 26.885304, 60.573115 ], [ 26.88543, 60.572832 ], [ 26.885352, 60.572581 ], [ 26.885352, 60.572523 ], [ 26.885158, 60.572514 ], [ 26.885158, 60.572389 ], [ 26.884941, 60.572326 ], [ 26.885207, 60.572086 ], [ 26.885518, 60.572188 ], [ 26.887427, 60.57282 ], [ 26.888365, 60.573133 ], [ 26.887114, 60.573921 ], [ 26.886924, 60.574041 ], [ 26.885879, 60.5747 ], [ 26.884874, 60.574382 ], [ 26.884503, 60.574265 ], [ 26.884103, 60.574138 ], [ 26.884281, 60.57396 ], [ 26.884189, 60.573611 ], [ 26.884037, 60.573583 ], [ 26.883396, 60.573617 ] ] ] } },
{ "type": "Feature", "properties": { "FORESTUSEDECLARATIONNUMBER": "1-2024-54693", "DECLARATIONREFERENCE": null, "PROCESSINGAREANUMBER": 1.0, "DECLARATIONSTATE": "40", "DECLARATIONSTATEDATASOURCE": 2.0, "VALID_NOW": 1.0, "DECLARATIONSTANDREFERENCE": null, "STANDNUMBER": 1.0, "STANDNUMBEREXTENSION": 0.0, "AREA": 4.6, "MAINGROUP": 1.0, "SUBGROUP": 1.0, "FERTILITYCLASS": 4.0, "SOILTYPE": 30.0, "DECLARATIONDEVELOPMENTCLASS": 8.0, "DECLARATIONMAINTREESPECIES": 1.0, "MEANAGE": null, "MEANDIAMETER": null, "HABITATCODE": 0.0, "DETAILEDHABITATCODE": 0.0, "OTHERHABITATCODE": null, "CUTTINGPURPOSE": 3.0, "CUTTINGREALIZATIONPRACTICE": 5.0, "REGENERATIONCOMMITMENT": 0.0, "DECLSOILPREPARATIONOPERATION": 530.0, "DECLREGENERATIONOPERATION": 201.0, "HABITATOPERATION": null, "FORESTDAMAGEQUALIFIER": null, "COMPLETIONYEAR": null, "REGENSOILPREPARATIONOPERATION": null, "REGENERATIONYEAR": null, "REGENERATIONOPERATION": null, "REGERATIONAREA": null, "DECLARATIONARRIVALDATE": "2024-05-30T11:02:41", "DECLARATIONARRIVALYEAR": "2024", "DECLARATIONARRIVALMETHOD": 2.0, "STANDARRIVALDATE": "2024-05-30T11:02:41", "STANDARRIVALMETHOD": 2.0, "REGENERATIONARRIVALDATE": null, "DATASOURCE": null, "CREATIONTIME": null, "UPDATETIME": "2024-06-10T00:03:23" }, "geometry": { "type": "Polygon", "coordinates": [ [ [ 26.875147, 60.57036 ], [ 26.8743, 60.571015 ], [ 26.874179, 60.570976 ], [ 26.87139, 60.570083 ], [ 26.872491, 60.569164 ], [ 26.872566, 60.569099 ], [ 26.873222, 60.568523 ], [ 26.873624, 60.568243 ], [ 26.874222, 60.568448 ], [ 26.874662, 60.568589 ], [ 26.876678, 60.569248 ], [ 26.876807, 60.569292 ], [ 26.876529, 60.569352 ], [ 26.876335, 60.569367 ], [ 26.875147, 60.57036 ] ] ] } },
{ "type": "Feature", "properties": { "FORESTUSEDECLARATIONNUMBER": "1-2024-54701", "DECLARATIONREFERENCE": null, "PROCESSINGAREANUMBER": 1.0, "DECLARATIONSTATE": "40", "DECLARATIONSTATEDATASOURCE": 2.0, "VALID_NOW": 1.0, "DECLARATIONSTANDREFERENCE": null, "STANDNUMBER": 15.0, "STANDNUMBEREXTENSION": 0.0, "AREA": 2.25, "MAINGROUP": 1.0, "SUBGROUP": 1.0, "FERTILITYCLASS": 4.0, "SOILTYPE": 30.0, "DECLARATIONDEVELOPMENTCLASS": 7.0, "DECLARATIONMAINTREESPECIES": 1.0, "MEANAGE": null, "MEANDIAMETER": null, "HABITATCODE": 0.0, "DETAILEDHABITATCODE": 0.0, "OTHERHABITATCODE": null, "CUTTINGPURPOSE": 3.0, "CUTTINGREALIZATIONPRACTICE": 5.0, "REGENERATIONCOMMITMENT": 0.0, "DECLSOILPREPARATIONOPERATION": 510.0, "DECLREGENERATIONOPERATION": 201.0, "HABITATOPERATION": null, "FORESTDAMAGEQUALIFIER": null, "COMPLETIONYEAR": null, "REGENSOILPREPARATIONOPERATION": null, "REGENERATIONYEAR": null, "REGENERATIONOPERATION": null, "REGERATIONAREA": null, "DECLARATIONARRIVALDATE": "2024-05-30T11:02:47", "DECLARATIONARRIVALYEAR": "2024", "DECLARATIONARRIVALMETHOD": 2.0, "STANDARRIVALDATE": "2024-05-30T11:02:47", "STANDARRIVALMETHOD": 2.0, "REGENERATIONARRIVALDATE": null, "DATASOURCE": null, "CREATIONTIME": null, "UPDATETIME": "2024-06-10T00:05:50" }, "geometry": { "type": "Polygon", "coordinates": [ [ [ 26.870088, 60.571249 ], [ 26.872585, 60.572013 ], [ 26.872512, 60.572328 ], [ 26.872801, 60.572493 ], [ 26.872709, 60.572666 ], [ 26.872586, 60.57295 ], [ 26.872227, 60.573201 ], [ 26.870874, 60.572803 ], [ 26.870743, 60.572765 ], [ 26.870153, 60.572591 ], [ 26.869436, 60.572392 ], [ 26.870088, 60.571249 ] ] ] } },
{ "type": "Feature", "properties": { "FORESTUSEDECLARATIONNUMBER": "1-2024-69257", "DECLARATIONREFERENCE": null, "PROCESSINGAREANUMBER": 3.0, "DECLARATIONSTATE": "40", "DECLARATIONSTATEDATASOURCE": 2.0, "VALID_NOW": 1.0, "DECLARATIONSTANDREFERENCE": null, "STANDNUMBER": 23.0, "STANDNUMBEREXTENSION": 0.0, "AREA": 2.0, "MAINGROUP": 1.0, "SUBGROUP": 1.0, "FERTILITYCLASS": 3.0, "SOILTYPE": 30.0, "DECLARATIONDEVELOPMENTCLASS": 7.0, "DECLARATIONMAINTREESPECIES": 2.0, "MEANAGE": 56.0, "MEANDIAMETER": 24.0, "HABITATCODE": 0.0, "DETAILEDHABITATCODE": 0.0, "OTHERHABITATCODE": null, "CUTTINGPURPOSE": 3.0, "CUTTINGREALIZATIONPRACTICE": 5.0, "REGENERATIONCOMMITMENT": 0.0, "DECLSOILPREPARATIONOPERATION": 520.0, "DECLREGENERATIONOPERATION": 301.0, "HABITATOPERATION": null, "FORESTDAMAGEQUALIFIER": null, "COMPLETIONYEAR": null, "REGENSOILPREPARATIONOPERATION": null, "REGENERATIONYEAR": null, "REGENERATIONOPERATION": null, "REGERATIONAREA": null, "DECLARATIONARRIVALDATE": "2024-07-01T14:37:22", "DECLARATIONARRIVALYEAR": "2024", "DECLARATIONARRIVALMETHOD": 2.0, "STANDARRIVALDATE": "2024-07-01T14:37:22", "STANDARRIVALMETHOD": 2.0, "REGENERATIONARRIVALDATE": null, "DATASOURCE": null, "CREATIONTIME": null, "UPDATETIME": "2024-07-12T00:02:36" }, "geometry": { "type": "Polygon", "coordinates": [ [ [ 26.872878, 60.576687 ], [ 26.872567, 60.57677 ], [ 26.872485, 60.576864 ], [ 26.872465, 60.576995 ], [ 26.872502, 60.577059 ], [ 26.872586, 60.577093 ], [ 26.872818, 60.57709 ], [ 26.872987, 60.577077 ], [ 26.873069, 60.577092 ], [ 26.872933, 60.577215 ], [ 26.872895, 60.577208 ], [ 26.872696, 60.577239 ], [ 26.872191, 60.577302 ], [ 26.871986, 60.577318 ], [ 26.871433, 60.577436 ], [ 26.871233, 60.577552 ], [ 26.871072, 60.577605 ], [ 26.870938, 60.577621 ], [ 26.870626, 60.57762 ], [ 26.87051, 60.577609 ], [ 26.870383, 60.577628 ], [ 26.870307, 60.577603 ], [ 26.870181, 60.577453 ], [ 26.870003, 60.577378 ], [ 26.869877, 60.577353 ], [ 26.869776, 60.577228 ], [ 26.869625, 60.577016 ], [ 26.869625, 60.577015 ], [ 26.8697, 60.576847 ], [ 26.869695, 60.576704 ], [ 26.869854, 60.576591 ], [ 26.869858, 60.576512 ], [ 26.869995, 60.576422 ], [ 26.870241, 60.576389 ], [ 26.87048, 60.576305 ], [ 26.870686, 60.576214 ], [ 26.870789, 60.57623 ], [ 26.870946, 60.576199 ], [ 26.871042, 60.576186 ], [ 26.870708, 60.576496 ], [ 26.870802, 60.576685 ], [ 26.871089, 60.576658 ], [ 26.871371, 60.576646 ], [ 26.871569, 60.576743 ], [ 26.871647, 60.576735 ], [ 26.872085, 60.576556 ], [ 26.872141, 60.576363 ], [ 26.872184, 60.576248 ], [ 26.872332, 60.576209 ], [ 26.872554, 60.576259 ], [ 26.872624, 60.576398 ], [ 26.872751, 60.576532 ], [ 26.872878, 60.576687 ] ] ] } },
{ "type": "Feature", "properties": { "FORESTUSEDECLARATIONNUMBER": "1-2024-69257", "DECLARATIONREFERENCE": null, "PROCESSINGAREANUMBER": 3.0, "DECLARATIONSTATE": "40", "DECLARATIONSTATEDATASOURCE": 2.0, "VALID_NOW": 1.0, "DECLARATIONSTANDREFERENCE": null, "STANDNUMBER": 39.0, "STANDNUMBEREXTENSION": 0.0, "AREA": 1.0, "MAINGROUP": 1.0, "SUBGROUP": 1.0, "FERTILITYCLASS": 3.0, "SOILTYPE": 20.0, "DECLARATIONDEVELOPMENTCLASS": 8.0, "DECLARATIONMAINTREESPECIES": 1.0, "MEANAGE": 75.0, "MEANDIAMETER": 21.0, "HABITATCODE": 0.0, "DETAILEDHABITATCODE": 0.0, "OTHERHABITATCODE": null, "CUTTINGPURPOSE": 3.0, "CUTTINGREALIZATIONPRACTICE": 5.0, "REGENERATIONCOMMITMENT": 0.0, "DECLSOILPREPARATIONOPERATION": 520.0, "DECLREGENERATIONOPERATION": 303.0, "HABITATOPERATION": null, "FORESTDAMAGEQUALIFIER": null, "COMPLETIONYEAR": null, "REGENSOILPREPARATIONOPERATION": null, "REGENERATIONYEAR": null, "REGENERATIONOPERATION": null, "REGERATIONAREA": null, "DECLARATIONARRIVALDATE": "2024-07-01T14:37:22", "DECLARATIONARRIVALYEAR": "2024", "DECLARATIONARRIVALMETHOD": 2.0, "STANDARRIVALDATE": "2024-07-01T14:37:22", "STANDARRIVALMETHOD": 2.0, "REGENERATIONARRIVALDATE": null, "DATASOURCE": null, "CREATIONTIME": null, "UPDATETIME": "2024-07-12T00:02:36" }, "geometry": { "type": "Polygon", "coordinates": [ [ [ 26.870378, 60.577787 ], [ 26.870429, 60.577772 ], [ 26.870422, 60.577731 ], [ 26.870475, 60.577729 ], [ 26.870604, 60.577723 ], [ 26.870658, 60.577724 ], [ 26.870771, 60.577737 ], [ 26.871034, 60.577721 ], [ 26.8714, 60.577605 ], [ 26.87155, 60.577555 ], [ 26.871792, 60.577466 ], [ 26.872249, 60.577429 ], [ 26.87262, 60.57739 ], [ 26.872765, 60.577345 ], [ 26.873082, 60.577332 ], [ 26.873415, 60.577301 ], [ 26.873476, 60.577308 ], [ 26.873478, 60.577308 ], [ 26.87356, 60.577317 ], [ 26.873466, 60.577382 ], [ 26.873534, 60.577443 ], [ 26.873534, 60.577452 ], [ 26.873546, 60.577469 ], [ 26.873407, 60.577482 ], [ 26.872685, 60.577498 ], [ 26.872695, 60.577534 ], [ 26.872037, 60.577793 ], [ 26.872073, 60.577906 ], [ 26.872365, 60.577937 ], [ 26.872985, 60.577924 ], [ 26.87314, 60.57801 ], [ 26.873103, 60.578082 ], [ 26.872665, 60.578059 ], [ 26.872191, 60.578085 ], [ 26.872181, 60.578278 ], [ 26.872627, 60.578436 ], [ 26.87353, 60.578562 ], [ 26.873511, 60.578679 ], [ 26.873128, 60.578728 ], [ 26.872627, 60.578606 ], [ 26.871906, 60.578556 ], [ 26.871478, 60.578367 ], [ 26.871296, 60.578152 ], [ 26.870896, 60.577981 ], [ 26.870357, 60.577867 ], [ 26.870356, 60.57783 ], [ 26.870379, 60.577788 ], [ 26.870378, 60.577787 ] ] ] } },
{ "type": "Feature", "properties": { "FORESTUSEDECLARATIONNUMBER": "1-2021-25279", "DECLARATIONREFERENCE": null, "PROCESSINGAREANUMBER": 2.0, "DECLARATIONSTATE": "50", "DECLARATIONSTATEDATASOURCE": 2.0, "VALID_NOW": 0.0, "DECLARATIONSTANDREFERENCE": null, "STANDNUMBER": 12.0, "STANDNUMBEREXTENSION": 0.0, "AREA": 0.64, "MAINGROUP": 1.0, "SUBGROUP": 1.0, "FERTILITYCLASS": 4.0, "SOILTYPE": 10.0, "DECLARATIONDEVELOPMENTCLASS": 8.0, "DECLARATIONMAINTREESPECIES": 1.0, "MEANAGE": 120.0, "MEANDIAMETER": 38.0, "HABITATCODE": 0.0, "DETAILEDHABITATCODE": 0.0, "OTHERHABITATCODE": null, "CUTTINGPURPOSE": 3.0, "CUTTINGREALIZATIONPRACTICE": 5.0, "REGENERATIONCOMMITMENT": null, "DECLSOILPREPARATIONOPERATION": 522.0, "DECLREGENERATIONOPERATION": 301.0, "HABITATOPERATION": null, "FORESTDAMAGEQUALIFIER": null, "COMPLETIONYEAR": null, "REGENSOILPREPARATIONOPERATION": null, "REGENERATIONYEAR": null, "REGENERATIONOPERATION": null, "REGERATIONAREA": null, "DECLARATIONARRIVALDATE": "2021-03-12T11:48:01", "DECLARATIONARRIVALYEAR": "2021", "DECLARATIONARRIVALMETHOD": 2.0, "STANDARRIVALDATE": "2021-03-12T11:48:01", "STANDARRIVALMETHOD": 2.0, "REGENERATIONARRIVALDATE": null, "DATASOURCE": null, "CREATIONTIME": null, "UPDATETIME": "2024-03-13T00:10:24" }, "geometry": { "type": "Polygon", "coordinates": [ [ [ 26.911001, 60.59383 ], [ 26.91115, 60.59409 ], [ 26.909732, 60.594235 ], [ 26.909712, 60.593939 ], [ 26.909513, 60.593468 ], [ 26.910822, 60.593327 ], [ 26.911001, 60.59383 ] ] ] } },
{ "type": "Feature", "properties": { "FORESTUSEDECLARATIONNUMBER": "1-2021-60038", "DECLARATIONREFERENCE": null, "PROCESSINGAREANUMBER": 1.0, "DECLARATIONSTATE": "50", "DECLARATIONSTATEDATASOURCE": 2.0, "VALID_NOW": 0.0, "DECLARATIONSTANDREFERENCE": null, "STANDNUMBER": 4.0, "STANDNUMBEREXTENSION": 0.0, "AREA": 1.91, "MAINGROUP": 0.0, "SUBGROUP": null, "FERTILITYCLASS": 4.0, "SOILTYPE": 10.0, "DECLARATIONDEVELOPMENTCLASS": 8.0, "DECLARATIONMAINTREESPECIES": 1.0, "MEANAGE": null, "MEANDIAMETER": null, "HABITATCODE": 0.0, "DETAILEDHABITATCODE": 0.0, "OTHERHABITATCODE": null, "CUTTINGPURPOSE": 3.0, "CUTTINGREALIZATIONPRACTICE": 5.0, "REGENERATIONCOMMITMENT": 0.0, "DECLSOILPREPARATIONOPERATION": 530.0, "DECLREGENERATIONOPERATION": 201.0, "HABITATOPERATION": null, "FORESTDAMAGEQUALIFIER": null, "COMPLETIONYEAR": null, "REGENSOILPREPARATIONOPERATION": null, "REGENERATIONYEAR": null, "REGENERATIONOPERATION": null, "REGERATIONAREA": null, "DECLARATIONARRIVALDATE": "2021-06-07T15:57:38", "DECLARATIONARRIVALYEAR": "2021", "DECLARATIONARRIVALMETHOD": 2.0, "STANDARRIVALDATE": "2021-06-07T15:57:38", "STANDARRIVALMETHOD": 2.0, "REGENERATIONARRIVALDATE": null, "DATASOURCE": null, "CREATIONTIME": null, "UPDATETIME": "2024-06-08T00:27:16" }, "geometry": { "type": "Polygon", "coordinates": [ [ [ 26.880448, 60.598201 ], [ 26.879851, 60.597955 ], [ 26.879851, 60.597955 ], [ 26.880319, 60.59748 ], [ 26.88004, 60.597027 ], [ 26.88004, 60.597027 ], [ 26.880516, 60.596635 ], [ 26.880517, 60.596634 ], [ 26.883841, 60.597971 ], [ 26.883841, 60.597972 ], [ 26.881938, 60.598101 ], [ 26.880448, 60.598201 ], [ 26.880448, 60.598201 ] ] ] } },
{ "type": "Feature", "properties": { "FORESTUSEDECLARATIONNUMBER": "1-2021-67778", "DECLARATIONREFERENCE": null, "PROCESSINGAREANUMBER": 2.0, "DECLARATIONSTATE": "50", "DECLARATIONSTATEDATASOURCE": 2.0, "VALID_NOW": 0.0, "DECLARATIONSTANDREFERENCE": null, "STANDNUMBER": 3.0, "STANDNUMBEREXTENSION": 0.0, "AREA": 1.0, "MAINGROUP": 1.0, "SUBGROUP": 3.0, "FERTILITYCLASS": 4.0, "SOILTYPE": 60.0, "DECLARATIONDEVELOPMENTCLASS": 8.0, "DECLARATIONMAINTREESPECIES": 1.0, "MEANAGE": 90.0, "MEANDIAMETER": 19.0, "HABITATCODE": 0.0, "DETAILEDHABITATCODE": 0.0, "OTHERHABITATCODE": null, "CUTTINGPURPOSE": 3.0, "CUTTINGREALIZATIONPRACTICE": 5.0, "REGENERATIONCOMMITMENT": null, "DECLSOILPREPARATIONOPERATION": 550.0, "DECLREGENERATIONOPERATION": 302.0, "HABITATOPERATION": null, "FORESTDAMAGEQUALIFIER": null, "COMPLETIONYEAR": null, "REGENSOILPREPARATIONOPERATION": null, "REGENERATIONYEAR": null, "REGENERATIONOPERATION": null, "REGERATIONAREA": null, "DECLARATIONARRIVALDATE": "2021-06-24T06:51:00", "DECLARATIONARRIVALYEAR": "2021", "DECLARATIONARRIVALMETHOD": 2.0, "STANDARRIVALDATE": "2021-06-24T06:51:00", "STANDARRIVALMETHOD": 2.0, "REGENERATIONARRIVALDATE": null, "DATASOURCE": null, "CREATIONTIME": null, "UPDATETIME": "2024-06-25T00:08:17" }, "geometry": { "type": "Polygon", "coordinates": [ [ [ 26.892818, 60.610407 ], [ 26.894057, 60.610148 ], [ 26.893907, 60.610597 ], [ 26.89432, 60.611287 ], [ 26.893665, 60.611397 ], [ 26.893462, 60.611005 ], [ 26.893174, 60.610952 ], [ 26.892929, 60.610787 ], [ 26.892923, 60.610563 ], [ 26.892818, 60.610407 ] ] ] } },
{ "type": "Feature", "properties": { "FORESTUSEDECLARATIONNUMBER": "1-2021-67778", "DECLARATIONREFERENCE": null, "PROCESSINGAREANUMBER": 7.0, "DECLARATIONSTATE": "50", "DECLARATIONSTATEDATASOURCE": 2.0, "VALID_NOW": 0.0, "DECLARATIONSTANDREFERENCE": null, "STANDNUMBER": 22.0, "STANDNUMBEREXTENSION": 0.0, "AREA": 1.0, "MAINGROUP": 1.0, "SUBGROUP": 1.0, "FERTILITYCLASS": 4.0, "SOILTYPE": 31.0, "DECLARATIONDEVELOPMENTCLASS": 8.0, "DECLARATIONMAINTREESPECIES": 1.0, "MEANAGE": 105.0, "MEANDIAMETER": 29.0, "HABITATCODE": 0.0, "DETAILEDHABITATCODE": 0.0, "OTHERHABITATCODE": null, "CUTTINGPURPOSE": 3.0, "CUTTINGREALIZATIONPRACTICE": 4.0, "REGENERATIONCOMMITMENT": null, "DECLSOILPREPARATIONOPERATION": 530.0, "DECLREGENERATIONOPERATION": 201.0, "HABITATOPERATION": null, "FORESTDAMAGEQUALIFIER": null, "COMPLETIONYEAR": null, "REGENSOILPREPARATIONOPERATION": null, "REGENERATIONYEAR": null, "REGENERATIONOPERATION": null, "REGERATIONAREA": null, "DECLARATIONARRIVALDATE": "2021-06-24T06:51:00", "DECLARATIONARRIVALYEAR": "2021", "DECLARATIONARRIVALMETHOD": 2.0, "STANDARRIVALDATE": "2021-06-24T06:51:00", "STANDARRIVALMETHOD": 2.0, "REGENERATIONARRIVALDATE": null, "DATASOURCE": null, "CREATIONTIME": null, "UPDATETIME": "2024-06-25T00:08:13" }, "geometry": { "type": "Polygon", "coordinates": [ [ [ 26.915981, 60.607642 ], [ 26.915293, 60.607758 ], [ 26.915143, 60.607783 ], [ 26.915046, 60.607799 ], [ 26.915068, 60.607625 ], [ 26.915054, 60.607545 ], [ 26.914952, 60.607495 ], [ 26.91472, 60.607502 ], [ 26.914469, 60.607527 ], [ 26.914177, 60.607531 ], [ 26.914089, 60.607526 ], [ 26.914024, 60.607442 ], [ 26.914005, 60.607328 ], [ 26.913926, 60.607214 ], [ 26.913861, 60.607141 ], [ 26.913777, 60.607068 ], [ 26.914325, 60.607047 ], [ 26.914427, 60.607052 ], [ 26.914599, 60.60705 ], [ 26.914812, 60.607029 ], [ 26.915044, 60.606984 ], [ 26.915192, 60.606955 ], [ 26.915602, 60.606966 ], [ 26.916044, 60.606846 ], [ 26.916288, 60.607125 ], [ 26.916581, 60.607311 ], [ 26.916979, 60.607472 ], [ 26.915981, 60.607642 ] ] ] } },
{ "type": "Feature", "properties": { "FORESTUSEDECLARATIONNUMBER": "1-2021-67778", "DECLARATIONREFERENCE": null, "PROCESSINGAREANUMBER": 8.0, "DECLARATIONSTATE": "50", "DECLARATIONSTATEDATASOURCE": 2.0, "VALID_NOW": 0.0, "DECLARATIONSTANDREFERENCE": null, "STANDNUMBER": 26.0, "STANDNUMBEREXTENSION": 0.0, "AREA": 5.0, "MAINGROUP": 1.0, "SUBGROUP": 1.0, "FERTILITYCLASS": 3.0, "SOILTYPE": 31.0, "DECLARATIONDEVELOPMENTCLASS": 8.0, "DECLARATIONMAINTREESPECIES": 1.0, "MEANAGE": 100.0, "MEANDIAMETER": 27.0, "HABITATCODE": 0.0, "DETAILEDHABITATCODE": 0.0, "OTHERHABITATCODE": null, "CUTTINGPURPOSE": 3.0, "CUTTINGREALIZATIONPRACTICE": 5.0, "REGENERATIONCOMMITMENT": null, "DECLSOILPREPARATIONOPERATION": 523.0, "DECLREGENERATIONOPERATION": 302.0, "HABITATOPERATION": null, "FORESTDAMAGEQUALIFIER": null, "COMPLETIONYEAR": null, "REGENSOILPREPARATIONOPERATION": null, "REGENERATIONYEAR": null, "REGENERATIONOPERATION": null, "REGERATIONAREA": null, "DECLARATIONARRIVALDATE": "2021-06-24T06:51:00", "DECLARATIONARRIVALYEAR": "2021", "DECLARATIONARRIVALMETHOD": 2.0, "STANDARRIVALDATE": "2021-06-24T06:51:00", "STANDARRIVALMETHOD": 2.0, "REGENERATIONARRIVALDATE": null, "DATASOURCE": null, "CREATIONTIME": null, "UPDATETIME": "2024-06-25T00:08:14" }, "geometry": { "type": "Polygon", "coordinates": [ [ [ 26.922585, 60.60652 ], [ 26.921767, 60.606669 ], [ 26.921719, 60.606677 ], [ 26.919584, 60.607033 ], [ 26.919465, 60.606912 ], [ 26.918614, 60.606711 ], [ 26.91898, 60.606669 ], [ 26.919224, 60.606526 ], [ 26.918884, 60.606286 ], [ 26.918787, 60.606094 ], [ 26.918284, 60.606023 ], [ 26.917884, 60.605701 ], [ 26.917425, 60.605673 ], [ 26.917033, 60.605728 ], [ 26.916789, 60.605805 ], [ 26.916642, 60.605877 ], [ 26.916545, 60.605973 ], [ 26.916544, 60.606093 ], [ 26.915859, 60.606052 ], [ 26.915535, 60.606101 ], [ 26.915456, 60.606021 ], [ 26.915349, 60.605895 ], [ 26.915214, 60.605809 ], [ 26.915096, 60.605738 ], [ 26.915707, 60.60561 ], [ 26.916196, 60.605509 ], [ 26.916854, 60.605372 ], [ 26.917695, 60.605197 ], [ 26.918986, 60.604927 ], [ 26.919929, 60.604731 ], [ 26.920133, 60.604688 ], [ 26.92002, 60.604939 ], [ 26.920429, 60.604961 ], [ 26.920736, 60.605072 ], [ 26.921043, 60.605314 ], [ 26.921206, 60.605525 ], [ 26.921431, 60.605787 ], [ 26.921682, 60.605898 ], [ 26.921914, 60.606021 ], [ 26.922035, 60.606149 ], [ 26.92223, 60.606316 ], [ 26.922585, 60.60652 ] ] ] } },
{ "type": "Feature", "properties": { "FORESTUSEDECLARATIONNUMBER": "1-2021-68301", "DECLARATIONREFERENCE": null, "PROCESSINGAREANUMBER": 7.0, "DECLARATIONSTATE": "50", "DECLARATIONSTATEDATASOURCE": 2.0, "VALID_NOW": 0.0, "DECLARATIONSTANDREFERENCE": null, "STANDNUMBER": 22.0, "STANDNUMBEREXTENSION": 0.0, "AREA": 1.0, "MAINGROUP": 1.0, "SUBGROUP": 1.0, "FERTILITYCLASS": 4.0, "SOILTYPE": 31.0, "DECLARATIONDEVELOPMENTCLASS": 8.0, "DECLARATIONMAINTREESPECIES": 1.0, "MEANAGE": 105.0, "MEANDIAMETER": 29.0, "HABITATCODE": 0.0, "DETAILEDHABITATCODE": 0.0, "OTHERHABITATCODE": null, "CUTTINGPURPOSE": 3.0, "CUTTINGREALIZATIONPRACTICE": 5.0, "REGENERATIONCOMMITMENT": null, "DECLSOILPREPARATIONOPERATION": 530.0, "DECLREGENERATIONOPERATION": 201.0, "HABITATOPERATION": null, "FORESTDAMAGEQUALIFIER": null, "COMPLETIONYEAR": null, "REGENSOILPREPARATIONOPERATION": null, "REGENERATIONYEAR": null, "REGENERATIONOPERATION": null, "REGERATIONAREA": null, "DECLARATIONARRIVALDATE": "2021-06-24T15:08:22", "DECLARATIONARRIVALYEAR": "2021", "DECLARATIONARRIVALMETHOD": 2.0, "STANDARRIVALDATE": "2021-06-24T15:08:22", "STANDARRIVALMETHOD": 2.0, "REGENERATIONARRIVALDATE": null, "DATASOURCE": null, "CREATIONTIME": null, "UPDATETIME": "2024-06-25T00:04:28" }, "geometry": { "type": "Polygon", "coordinates": [ [ [ 26.915981, 60.607642 ], [ 26.915293, 60.607758 ], [ 26.915143, 60.607783 ], [ 26.915046, 60.607799 ], [ 26.915068, 60.607625 ], [ 26.915054, 60.607545 ], [ 26.914952, 60.607495 ], [ 26.91472, 60.607502 ], [ 26.914469, 60.607527 ], [ 26.914177, 60.607531 ], [ 26.914089, 60.607526 ], [ 26.914024, 60.607442 ], [ 26.914005, 60.607328 ], [ 26.913926, 60.607214 ], [ 26.913861, 60.607141 ], [ 26.913777, 60.607068 ], [ 26.914325, 60.607047 ], [ 26.914427, 60.607052 ], [ 26.914599, 60.60705 ], [ 26.914812, 60.607029 ], [ 26.915044, 60.606984 ], [ 26.915192, 60.606955 ], [ 26.915602, 60.606966 ], [ 26.916044, 60.606846 ], [ 26.916288, 60.607125 ], [ 26.916581, 60.607311 ], [ 26.916979, 60.607472 ], [ 26.915981, 60.607642 ] ] ] } },
{ "type": "Feature", "properties": { "FORESTUSEDECLARATIONNUMBER": "1-2021-68301", "DECLARATIONREFERENCE": null, "PROCESSINGAREANUMBER": 8.0, "DECLARATIONSTATE": "50", "DECLARATIONSTATEDATASOURCE": 2.0, "VALID_NOW": 0.0, "DECLARATIONSTANDREFERENCE": null, "STANDNUMBER": 26.0, "STANDNUMBEREXTENSION": 0.0, "AREA": 5.0, "MAINGROUP": 1.0, "SUBGROUP": 1.0, "FERTILITYCLASS": 3.0, "SOILTYPE": 31.0, "DECLARATIONDEVELOPMENTCLASS": 8.0, "DECLARATIONMAINTREESPECIES": 1.0, "MEANAGE": 100.0, "MEANDIAMETER": 27.0, "HABITATCODE": 0.0, "DETAILEDHABITATCODE": 0.0, "OTHERHABITATCODE": null, "CUTTINGPURPOSE": 3.0, "CUTTINGREALIZATIONPRACTICE": 5.0, "REGENERATIONCOMMITMENT": null, "DECLSOILPREPARATIONOPERATION": 523.0, "DECLREGENERATIONOPERATION": 302.0, "HABITATOPERATION": null, "FORESTDAMAGEQUALIFIER": null, "COMPLETIONYEAR": null, "REGENSOILPREPARATIONOPERATION": null, "REGENERATIONYEAR": null, "REGENERATIONOPERATION": null, "REGERATIONAREA": null, "DECLARATIONARRIVALDATE": "2021-06-24T15:08:22", "DECLARATIONARRIVALYEAR": "2021", "DECLARATIONARRIVALMETHOD": 2.0, "STANDARRIVALDATE": "2021-06-24T15:08:22", "STANDARRIVALMETHOD": 2.0, "REGENERATIONARRIVALDATE": null, "DATASOURCE": null, "CREATIONTIME": null, "UPDATETIME": "2024-06-25T00:04:28" }, "geometry": { "type": "Polygon", "coordinates": [ [ [ 26.922585, 60.60652 ], [ 26.921767, 60.606669 ], [ 26.921719, 60.606677 ], [ 26.919584, 60.607033 ], [ 26.919465, 60.606912 ], [ 26.918614, 60.606711 ], [ 26.91898, 60.606669 ], [ 26.919224, 60.606526 ], [ 26.918884, 60.606286 ], [ 26.918787, 60.606094 ], [ 26.918284, 60.606023 ], [ 26.917884, 60.605701 ], [ 26.917425, 60.605673 ], [ 26.917033, 60.605728 ], [ 26.916789, 60.605805 ], [ 26.916642, 60.605877 ], [ 26.916545, 60.605973 ], [ 26.916544, 60.606093 ], [ 26.915859, 60.606052 ], [ 26.915535, 60.606101 ], [ 26.915456, 60.606021 ], [ 26.915349, 60.605895 ], [ 26.915214, 60.605809 ], [ 26.915096, 60.605738 ], [ 26.915707, 60.60561 ], [ 26.916196, 60.605509 ], [ 26.916854, 60.605372 ], [ 26.917695, 60.605197 ], [ 26.918986, 60.604927 ], [ 26.919929, 60.604731 ], [ 26.920133, 60.604688 ], [ 26.92002, 60.604939 ], [ 26.920429, 60.604961 ], [ 26.920736, 60.605072 ], [ 26.921043, 60.605314 ], [ 26.921206, 60.605525 ], [ 26.921431, 60.605787 ], [ 26.921682, 60.605898 ], [ 26.921914, 60.606021 ], [ 26.922035, 60.606149 ], [ 26.92223, 60.606316 ], [ 26.922585, 60.60652 ] ] ] } },
{ "type": "Feature", "properties": { "FORESTUSEDECLARATIONNUMBER": "1-2021-79727", "DECLARATIONREFERENCE": null, "PROCESSINGAREANUMBER": 1.0, "DECLARATIONSTATE": "50", "DECLARATIONSTATEDATASOURCE": 2.0, "VALID_NOW": 0.0, "DECLARATIONSTANDREFERENCE": null, "STANDNUMBER": 246.0, "STANDNUMBEREXTENSION": 0.0, "AREA": 2.0, "MAINGROUP": 1.0, "SUBGROUP": 1.0, "FERTILITYCLASS": 3.0, "SOILTYPE": 10.0, "DECLARATIONDEVELOPMENTCLASS": 8.0, "DECLARATIONMAINTREESPECIES": 2.0, "MEANAGE": 83.0, "MEANDIAMETER": 28.0, "HABITATCODE": 0.0, "DETAILEDHABITATCODE": 0.0, "OTHERHABITATCODE": null, "CUTTINGPURPOSE": 3.0, "CUTTINGREALIZATIONPRACTICE": 5.0, "REGENERATIONCOMMITMENT": null, "DECLSOILPREPARATIONOPERATION": 523.0, "DECLREGENERATIONOPERATION": 302.0, "HABITATOPERATION": null, "FORESTDAMAGEQUALIFIER": null, "COMPLETIONYEAR": null, "REGENSOILPREPARATIONOPERATION": null, "REGENERATIONYEAR": null, "REGENERATIONOPERATION": null, "REGERATIONAREA": null, "DECLARATIONARRIVALDATE": "2021-08-05T08:19:27", "DECLARATIONARRIVALYEAR": "2021", "DECLARATIONARRIVALMETHOD": 2.0, "STANDARRIVALDATE": "2021-08-05T08:19:27", "STANDARRIVALMETHOD": 2.0, "REGENERATIONARRIVALDATE": null, "DATASOURCE": null, "CREATIONTIME": null, "UPDATETIME": "2024-08-06T00:06:19" }, "geometry": { "type": "Polygon", "coordinates": [ [ [ 26.852657, 60.595822 ], [ 26.852893, 60.595714 ], [ 26.852968, 60.595581 ], [ 26.852973, 60.595446 ], [ 26.853129, 60.595395 ], [ 26.853407, 60.59539 ], [ 26.853677, 60.595422 ], [ 26.853888, 60.595327 ], [ 26.853922, 60.595276 ], [ 26.854234, 60.595395 ], [ 26.854193, 60.595495 ], [ 26.854594, 60.595666 ], [ 26.855041, 60.595779 ], [ 26.855204, 60.595958 ], [ 26.856261, 60.596359 ], [ 26.856452, 60.596489 ], [ 26.856626, 60.59653 ], [ 26.857098, 60.596492 ], [ 26.857231, 60.596543 ], [ 26.857098, 60.596677 ], [ 26.856789, 60.596863 ], [ 26.856838, 60.59678 ], [ 26.856761, 60.596711 ], [ 26.856267, 60.596813 ], [ 26.856037, 60.596895 ], [ 26.855951, 60.596942 ], [ 26.855798, 60.597024 ], [ 26.855601, 60.596948 ], [ 26.854431, 60.596501 ], [ 26.852657, 60.595822 ] ] ] } },
{ "type": "Feature", "properties": { "FORESTUSEDECLARATIONNUMBER": "1-2021-79727", "DECLARATIONREFERENCE": null, "PROCESSINGAREANUMBER": 1.0, "DECLARATIONSTATE": "50", "DECLARATIONSTATEDATASOURCE": 2.0, "VALID_NOW": 0.0, "DECLARATIONSTANDREFERENCE": null, "STANDNUMBER": 248.0, "STANDNUMBEREXTENSION": 0.0, "AREA": 1.0, "MAINGROUP": 1.0, "SUBGROUP": 1.0, "FERTILITYCLASS": 3.0, "SOILTYPE": 10.0, "DECLARATIONDEVELOPMENTCLASS": 8.0, "DECLARATIONMAINTREESPECIES": 2.0, "MEANAGE": 73.0, "MEANDIAMETER": 29.0, "HABITATCODE": 0.0, "DETAILEDHABITATCODE": 0.0, "OTHERHABITATCODE": null, "CUTTINGPURPOSE": 3.0, "CUTTINGREALIZATIONPRACTICE": 5.0, "REGENERATIONCOMMITMENT": null, "DECLSOILPREPARATIONOPERATION": 523.0, "DECLREGENERATIONOPERATION": 302.0, "HABITATOPERATION": null, "FORESTDAMAGEQUALIFIER": null, "COMPLETIONYEAR": null, "REGENSOILPREPARATIONOPERATION": null, "REGENERATIONYEAR": null, "REGENERATIONOPERATION": null, "REGERATIONAREA": null, "DECLARATIONARRIVALDATE": "2021-08-05T08:19:27", "DECLARATIONARRIVALYEAR": "2021", "DECLARATIONARRIVALMETHOD": 2.0, "STANDARRIVALDATE": "2021-08-05T08:19:27", "STANDARRIVALMETHOD": 2.0, "REGENERATIONARRIVALDATE": null, "DATASOURCE": null, "CREATIONTIME": null, "UPDATETIME": "2024-08-06T00:06:21" }, "geometry": { "type": "Polygon", "coordinates": [ [ [ 26.856682, 60.597043 ], [ 26.856789, 60.596863 ], [ 26.857098, 60.596677 ], [ 26.857231, 60.596543 ], [ 26.858567, 60.597054 ], [ 26.858426, 60.597079 ], [ 26.858055, 60.597246 ], [ 26.858018, 60.597255 ], [ 26.857641, 60.59734 ], [ 26.857242, 60.597354 ], [ 26.856769, 60.597281 ], [ 26.856594, 60.597328 ], [ 26.856558, 60.597315 ], [ 26.856354, 60.597236 ], [ 26.856538, 60.597163 ], [ 26.856682, 60.597043 ] ] ] } },
{ "type": "Feature", "properties": { "FORESTUSEDECLARATIONNUMBER": "1-2021-79727", "DECLARATIONREFERENCE": null, "PROCESSINGAREANUMBER": 1.0, "DECLARATIONSTATE": "50", "DECLARATIONSTATEDATASOURCE": 2.0, "VALID_NOW": 0.0, "DECLARATIONSTANDREFERENCE": null, "STANDNUMBER": 250.0, "STANDNUMBEREXTENSION": 1.0, "AREA": 0.0, "MAINGROUP": 1.0, "SUBGROUP": 1.0, "FERTILITYCLASS": 4.0, "SOILTYPE": 30.0, "DECLARATIONDEVELOPMENTCLASS": 8.0, "DECLARATIONMAINTREESPECIES": 1.0, "MEANAGE": 72.0, "MEANDIAMETER": 29.0, "HABITATCODE": 0.0, "DETAILEDHABITATCODE": 0.0, "OTHERHABITATCODE": null, "CUTTINGPURPOSE": 3.0, "CUTTINGREALIZATIONPRACTICE": 5.0, "REGENERATIONCOMMITMENT": null, "DECLSOILPREPARATIONOPERATION": 523.0, "DECLREGENERATIONOPERATION": 301.0, "HABITATOPERATION": null, "FORESTDAMAGEQUALIFIER": null, "COMPLETIONYEAR": null, "REGENSOILPREPARATIONOPERATION": null, "REGENERATIONYEAR": null, "REGENERATIONOPERATION": null, "REGERATIONAREA": null, "DECLARATIONARRIVALDATE": "2021-08-05T08:19:27", "DECLARATIONARRIVALYEAR": "2021", "DECLARATIONARRIVALMETHOD": 2.0, "STANDARRIVALDATE": "2021-08-05T08:19:27", "STANDARRIVALMETHOD": 2.0, "REGENERATIONARRIVALDATE": null, "DATASOURCE": null, "CREATIONTIME": null, "UPDATETIME": "2024-08-06T00:06:21" }, "geometry": { "type": "Polygon", "coordinates": [ [ [ 26.859113, 60.597502 ], [ 26.858915, 60.597403 ], [ 26.858649, 60.597355 ], [ 26.85837, 60.597312 ], [ 26.858109, 60.597268 ], [ 26.858018, 60.597255 ], [ 26.858055, 60.597246 ], [ 26.858426, 60.597079 ], [ 26.858567, 60.597054 ], [ 26.859887, 60.597559 ], [ 26.859398, 60.597797 ], [ 26.859362, 60.597753 ], [ 26.859247, 60.597631 ], [ 26.859113, 60.597502 ] ] ] } },
{ "type": "Feature", "properties": { "FORESTUSEDECLARATIONNUMBER": "1-2021-79727", "DECLARATIONREFERENCE": null, "PROCESSINGAREANUMBER": 1.0, "DECLARATIONSTATE": "50", "DECLARATIONSTATEDATASOURCE": 2.0, "VALID_NOW": 0.0, "DECLARATIONSTANDREFERENCE": null, "STANDNUMBER": 251.0, "STANDNUMBEREXTENSION": 0.0, "AREA": 1.0, "MAINGROUP": 1.0, "SUBGROUP": 1.0, "FERTILITYCLASS": 3.0, "SOILTYPE": 30.0, "DECLARATIONDEVELOPMENTCLASS": 8.0, "DECLARATIONMAINTREESPECIES": 2.0, "MEANAGE": 83.0, "MEANDIAMETER": 32.0, "HABITATCODE": 0.0, "DETAILEDHABITATCODE": 0.0, "OTHERHABITATCODE": null, "CUTTINGPURPOSE": 3.0, "CUTTINGREALIZATIONPRACTICE": 5.0, "REGENERATIONCOMMITMENT": null, "DECLSOILPREPARATIONOPERATION": 523.0, "DECLREGENERATIONOPERATION": 302.0, "HABITATOPERATION": null, "FORESTDAMAGEQUALIFIER": null, "COMPLETIONYEAR": null, "REGENSOILPREPARATIONOPERATION": null, "REGENERATIONYEAR": null, "REGENERATIONOPERATION": null, "REGERATIONAREA": null, "DECLARATIONARRIVALDATE": "2021-08-05T08:19:27", "DECLARATIONARRIVALYEAR": "2021", "DECLARATIONARRIVALMETHOD": 2.0, "STANDARRIVALDATE": "2021-08-05T08:19:27", "STANDARRIVALMETHOD": 2.0, "REGENERATIONARRIVALDATE": null, "DATASOURCE": null, "CREATIONTIME": null, "UPDATETIME": "2024-08-06T00:06:22" }, "geometry": { "type": "Polygon", "coordinates": [ [ [ 26.851546, 60.595013 ], [ 26.851976, 60.594739 ], [ 26.852132, 60.59459 ], [ 26.852694, 60.594806 ], [ 26.852681, 60.59486 ], [ 26.852607, 60.594998 ], [ 26.852532, 60.595131 ], [ 26.852448, 60.595261 ], [ 26.85234, 60.595385 ], [ 26.852242, 60.595512 ], [ 26.8521, 60.595609 ], [ 26.851129, 60.595237 ], [ 26.851546, 60.595013 ] ] ] } },
{ "type": "Feature", "properties": { "FORESTUSEDECLARATIONNUMBER": "1-2021-79727", "DECLARATIONREFERENCE": null, "PROCESSINGAREANUMBER": 1.0, "DECLARATIONSTATE": "50", "DECLARATIONSTATEDATASOURCE": 2.0, "VALID_NOW": 0.0, "DECLARATIONSTANDREFERENCE": null, "STANDNUMBER": 252.0, "STANDNUMBEREXTENSION": 0.0, "AREA": 0.0, "MAINGROUP": 1.0, "SUBGROUP": 1.0, "FERTILITYCLASS": 4.0, "SOILTYPE": 10.0, "DECLARATIONDEVELOPMENTCLASS": 7.0, "DECLARATIONMAINTREESPECIES": 1.0, "MEANAGE": 58.0, "MEANDIAMETER": 21.0, "HABITATCODE": 0.0, "DETAILEDHABITATCODE": 0.0, "OTHERHABITATCODE": null, "CUTTINGPURPOSE": 3.0, "CUTTINGREALIZATIONPRACTICE": 5.0, "REGENERATIONCOMMITMENT": null, "DECLSOILPREPARATIONOPERATION": 523.0, "DECLREGENERATIONOPERATION": 301.0, "HABITATOPERATION": null, "FORESTDAMAGEQUALIFIER": null, "COMPLETIONYEAR": null, "REGENSOILPREPARATIONOPERATION": null, "REGENERATIONYEAR": null, "REGENERATIONOPERATION": null, "REGERATIONAREA": null, "DECLARATIONARRIVALDATE": "2021-08-05T08:19:27", "DECLARATIONARRIVALYEAR": "2021", "DECLARATIONARRIVALMETHOD": 2.0, "STANDARRIVALDATE": "2021-08-05T08:19:27", "STANDARRIVALMETHOD": 2.0, "REGENERATIONARRIVALDATE": null, "DATASOURCE": null, "CREATIONTIME": null, "UPDATETIME": "2024-08-06T00:06:22" }, "geometry": { "type": "Polygon", "coordinates": [ [ [ 26.852242, 60.595512 ], [ 26.85234, 60.595385 ], [ 26.852448, 60.595261 ], [ 26.852532, 60.595131 ], [ 26.852607, 60.594998 ], [ 26.852681, 60.59486 ], [ 26.852694, 60.594806 ], [ 26.853119, 60.594968 ], [ 26.853922, 60.595276 ], [ 26.853888, 60.595327 ], [ 26.853677, 60.595422 ], [ 26.853407, 60.59539 ], [ 26.853129, 60.595395 ], [ 26.852973, 60.595446 ], [ 26.852968, 60.595581 ], [ 26.852893, 60.595714 ], [ 26.852657, 60.595822 ], [ 26.852223, 60.595656 ], [ 26.8521, 60.595609 ], [ 26.852242, 60.595512 ] ] ] } },
{ "type": "Feature", "properties": { "FORESTUSEDECLARATIONNUMBER": "1-2024-31245", "DECLARATIONREFERENCE": null, "PROCESSINGAREANUMBER": 2.0, "DECLARATIONSTATE": "40", "DECLARATIONSTATEDATASOURCE": 2.0, "VALID_NOW": 1.0, "DECLARATIONSTANDREFERENCE": null, "STANDNUMBER": 28.0, "STANDNUMBEREXTENSION": 0.0, "AREA": 0.29, "MAINGROUP": 1.0, "SUBGROUP": 1.0, "FERTILITYCLASS": 3.0, "SOILTYPE": 20.0, "DECLARATIONDEVELOPMENTCLASS": 8.0, "DECLARATIONMAINTREESPECIES": 1.0, "MEANAGE": null, "MEANDIAMETER": null, "HABITATCODE": 0.0, "DETAILEDHABITATCODE": 0.0, "OTHERHABITATCODE": null, "CUTTINGPURPOSE": 3.0, "CUTTINGREALIZATIONPRACTICE": 5.0, "REGENERATIONCOMMITMENT": 0.0, "DECLSOILPREPARATIONOPERATION": 523.0, "DECLREGENERATIONOPERATION": 302.0, "HABITATOPERATION": null, "FORESTDAMAGEQUALIFIER": null, "COMPLETIONYEAR": null, "REGENSOILPREPARATIONOPERATION": null, "REGENERATIONYEAR": null, "REGENERATIONOPERATION": null, "REGERATIONAREA": null, "DECLARATIONARRIVALDATE": "2024-03-28T12:20:12", "DECLARATIONARRIVALYEAR": "2024", "DECLARATIONARRIVALMETHOD": 2.0, "STANDARRIVALDATE": "2024-03-28T12:20:12", "STANDARRIVALMETHOD": 2.0, "REGENERATIONARRIVALDATE": null, "DATASOURCE": null, "CREATIONTIME": null, "UPDATETIME": "2024-04-08T00:07:52" }, "geometry": { "type": "Polygon", "coordinates": [ [ [ 26.895747, 60.591986 ], [ 26.896681, 60.592183 ], [ 26.89627, 60.592525 ], [ 26.896256, 60.592536 ], [ 26.895788, 60.592525 ], [ 26.89513, 60.592554 ], [ 26.895292, 60.592297 ], [ 26.895673, 60.59223 ], [ 26.895876, 60.592132 ], [ 26.895747, 60.591986 ] ] ] } },
{ "type": "Feature", "properties": { "FORESTUSEDECLARATIONNUMBER": "1-2024-106023", "DECLARATIONREFERENCE": null, "PROCESSINGAREANUMBER": 7.0, "DECLARATIONSTATE": "40", "DECLARATIONSTATEDATASOURCE": 2.0, "VALID_NOW": 1.0, "DECLARATIONSTANDREFERENCE": null, "STANDNUMBER": 47.0, "STANDNUMBEREXTENSION": 0.0, "AREA": 2.0, "MAINGROUP": 1.0, "SUBGROUP": 3.0, "FERTILITYCLASS": 4.0, "SOILTYPE": 60.0, "DECLARATIONDEVELOPMENTCLASS": 8.0, "DECLARATIONMAINTREESPECIES": 1.0, "MEANAGE": 93.0, "MEANDIAMETER": 25.0, "HABITATCODE": 0.0, "DETAILEDHABITATCODE": 0.0, "OTHERHABITATCODE": null, "CUTTINGPURPOSE": 3.0, "CUTTINGREALIZATIONPRACTICE": 5.0, "REGENERATIONCOMMITMENT": null, "DECLSOILPREPARATIONOPERATION": 550.0, "DECLREGENERATIONOPERATION": 301.0, "HABITATOPERATION": null, "FORESTDAMAGEQUALIFIER": null, "COMPLETIONYEAR": null, "REGENSOILPREPARATIONOPERATION": null, "REGENERATIONYEAR": null, "REGENERATIONOPERATION": null, "REGERATIONAREA": null, "DECLARATIONARRIVALDATE": "2024-10-03T12:16:38", "DECLARATIONARRIVALYEAR": "2024", "DECLARATIONARRIVALMETHOD": 2.0, "STANDARRIVALDATE": "2024-10-03T12:16:38", "STANDARRIVALMETHOD": 2.0, "REGENERATIONARRIVALDATE": null, "DATASOURCE": null, "CREATIONTIME": null, "UPDATETIME": "2024-10-14T00:31:59" }, "geometry": { "type": "Polygon", "coordinates": [ [ [ 26.911226, 60.608442 ], [ 26.911443, 60.608406 ], [ 26.912552, 60.608219 ], [ 26.912647, 60.608303 ], [ 26.912791, 60.608472 ], [ 26.912921, 60.608575 ], [ 26.912983, 60.608634 ], [ 26.912889, 60.608761 ], [ 26.912748, 60.60879 ], [ 26.912903, 60.608916 ], [ 26.912967, 60.609037 ], [ 26.913063, 60.609043 ], [ 26.913273, 60.6092 ], [ 26.913748, 60.609266 ], [ 26.913934, 60.609346 ], [ 26.91411, 60.60949 ], [ 26.914148, 60.609547 ], [ 26.913953, 60.609759 ], [ 26.913725, 60.609748 ], [ 26.913493, 60.609743 ], [ 26.913048, 60.609779 ], [ 26.912834, 60.6098 ], [ 26.912598, 60.609861 ], [ 26.912503, 60.609887 ], [ 26.912161, 60.60985 ], [ 26.91177, 60.610003 ], [ 26.911613, 60.609988 ], [ 26.911541, 60.609669 ], [ 26.911432, 60.609346 ], [ 26.911351, 60.609036 ], [ 26.911226, 60.608442 ] ] ] } },
{ "type": "Feature", "properties": { "FORESTUSEDECLARATIONNUMBER": "1-2024-106023", "DECLARATIONREFERENCE": null, "PROCESSINGAREANUMBER": 8.0, "DECLARATIONSTATE": "40", "DECLARATIONSTATEDATASOURCE": 2.0, "VALID_NOW": 1.0, "DECLARATIONSTANDREFERENCE": null, "STANDNUMBER": 61.0, "STANDNUMBEREXTENSION": 0.0, "AREA": 0.0, "MAINGROUP": 1.0, "SUBGROUP": 1.0, "FERTILITYCLASS": 4.0, "SOILTYPE": 10.0, "DECLARATIONDEVELOPMENTCLASS": 8.0, "DECLARATIONMAINTREESPECIES": 1.0, "MEANAGE": 95.0, "MEANDIAMETER": 23.0, "HABITATCODE": 0.0, "DETAILEDHABITATCODE": 0.0, "OTHERHABITATCODE": null, "CUTTINGPURPOSE": 3.0, "CUTTINGREALIZATIONPRACTICE": 5.0, "REGENERATIONCOMMITMENT": null, "DECLSOILPREPARATIONOPERATION": 510.0, "DECLREGENERATIONOPERATION": 201.0, "HABITATOPERATION": null, "FORESTDAMAGEQUALIFIER": null, "COMPLETIONYEAR": null, "REGENSOILPREPARATIONOPERATION": null, "REGENERATIONYEAR": null, "REGENERATIONOPERATION": null, "REGERATIONAREA": null, "DECLARATIONARRIVALDATE": "2024-10-03T12:16:38", "DECLARATIONARRIVALYEAR": "2024", "DECLARATIONARRIVALMETHOD": 2.0, "STANDARRIVALDATE": "2024-10-03T12:16:38", "STANDARRIVALMETHOD": 2.0, "REGENERATIONARRIVALDATE": null, "DATASOURCE": null, "CREATIONTIME": null, "UPDATETIME": "2024-10-14T00:31:59" }, "geometry": { "type": "Polygon", "coordinates": [ [ [ 26.914749, 60.608262 ], [ 26.914382, 60.607912 ], [ 26.915182, 60.607777 ], [ 26.915281, 60.607942 ], [ 26.915163, 60.608051 ], [ 26.915162, 60.608075 ], [ 26.91521, 60.60822 ], [ 26.915386, 60.608297 ], [ 26.915582, 60.608379 ], [ 26.915934, 60.60848 ], [ 26.916404, 60.608591 ], [ 26.916716, 60.608601 ], [ 26.916991, 60.608557 ], [ 26.917147, 60.608476 ], [ 26.917167, 60.60838 ], [ 26.917092, 60.608296 ], [ 26.91714, 60.608286 ], [ 26.917304, 60.608244 ], [ 26.917412, 60.608368 ], [ 26.917291, 60.608521 ], [ 26.917489, 60.608557 ], [ 26.917166, 60.608606 ], [ 26.91626, 60.608744 ], [ 26.916235, 60.608773 ], [ 26.916004, 60.608702 ], [ 26.915907, 60.60873 ], [ 26.915981, 60.608626 ], [ 26.915735, 60.608509 ], [ 26.915604, 60.608514 ], [ 26.915571, 60.608475 ], [ 26.915303, 60.608475 ], [ 26.915202, 60.608518 ], [ 26.915027, 60.60846 ], [ 26.915032, 60.608415 ], [ 26.914749, 60.608262 ] ] ] } },
{ "type": "Feature", "properties": { "FORESTUSEDECLARATIONNUMBER": "1-2024-106023", "DECLARATIONREFERENCE": null, "PROCESSINGAREANUMBER": 9.0, "DECLARATIONSTATE": "40", "DECLARATIONSTATEDATASOURCE": 2.0, "VALID_NOW": 1.0, "DECLARATIONSTANDREFERENCE": null, "STANDNUMBER": 62.0, "STANDNUMBEREXTENSION": 0.0, "AREA": 1.0, "MAINGROUP": 1.0, "SUBGROUP": 1.0, "FERTILITYCLASS": 4.0, "SOILTYPE": 31.0, "DECLARATIONDEVELOPMENTCLASS": 8.0, "DECLARATIONMAINTREESPECIES": 2.0, "MEANAGE": 79.0, "MEANDIAMETER": 26.0, "HABITATCODE": 0.0, "DETAILEDHABITATCODE": 0.0, "OTHERHABITATCODE": null, "CUTTINGPURPOSE": 3.0, "CUTTINGREALIZATIONPRACTICE": 5.0, "REGENERATIONCOMMITMENT": null, "DECLSOILPREPARATIONOPERATION": 510.0, "DECLREGENERATIONOPERATION": 301.0, "HABITATOPERATION": null, "FORESTDAMAGEQUALIFIER": null, "COMPLETIONYEAR": null, "REGENSOILPREPARATIONOPERATION": null, "REGENERATIONYEAR": null, "REGENERATIONOPERATION": null, "REGERATIONAREA": null, "DECLARATIONARRIVALDATE": "2024-10-03T12:16:38", "DECLARATIONARRIVALYEAR": "2024", "DECLARATIONARRIVALMETHOD": 2.0, "STANDARRIVALDATE": "2024-10-03T12:16:38", "STANDARRIVALMETHOD": 2.0, "REGENERATIONARRIVALDATE": null, "DATASOURCE": null, "CREATIONTIME": null, "UPDATETIME": "2024-10-14T00:31:59" }, "geometry": { "type": "Polygon", "coordinates": [ [ [ 26.917428, 60.607399 ], [ 26.917422, 60.607486 ], [ 26.917375, 60.607561 ], [ 26.917255, 60.607657 ], [ 26.917147, 60.607748 ], [ 26.917148, 60.607902 ], [ 26.917172, 60.608038 ], [ 26.917255, 60.608186 ], [ 26.917304, 60.608244 ], [ 26.91714, 60.608286 ], [ 26.917092, 60.608296 ], [ 26.917021, 60.608216 ], [ 26.916796, 60.608221 ], [ 26.916619, 60.608264 ], [ 26.916424, 60.608278 ], [ 26.916257, 60.608244 ], [ 26.916085, 60.608114 ], [ 26.916034, 60.608087 ], [ 26.916019, 60.607984 ], [ 26.916025, 60.607927 ], [ 26.916036, 60.607845 ], [ 26.915997, 60.607819 ], [ 26.915917, 60.607765 ], [ 26.915843, 60.607721 ], [ 26.915619, 60.607728 ], [ 26.915564, 60.607729 ], [ 26.915586, 60.607709 ], [ 26.917428, 60.607399 ] ] ] } },
{ "type": "Feature", "properties": { "FORESTUSEDECLARATIONNUMBER": "1-2024-106023", "DECLARATIONREFERENCE": null, "PROCESSINGAREANUMBER": 10.0, "DECLARATIONSTATE": "40", "DECLARATIONSTATEDATASOURCE": 2.0, "VALID_NOW": 1.0, "DECLARATIONSTANDREFERENCE": null, "STANDNUMBER": 63.0, "STANDNUMBEREXTENSION": 0.0, "AREA": 1.0, "MAINGROUP": 1.0, "SUBGROUP": 1.0, "FERTILITYCLASS": 3.0, "SOILTYPE": 11.0, "DECLARATIONDEVELOPMENTCLASS": 8.0, "DECLARATIONMAINTREESPECIES": 2.0, "MEANAGE": 78.0, "MEANDIAMETER": 27.0, "HABITATCODE": 0.0, "DETAILEDHABITATCODE": 0.0, "OTHERHABITATCODE": null, "CUTTINGPURPOSE": 3.0, "CUTTINGREALIZATIONPRACTICE": 5.0, "REGENERATIONCOMMITMENT": null, "DECLSOILPREPARATIONOPERATION": 510.0, "DECLREGENERATIONOPERATION": 302.0, "HABITATOPERATION": null, "FORESTDAMAGEQUALIFIER": null, "COMPLETIONYEAR": null, "REGENSOILPREPARATIONOPERATION": null, "REGENERATIONYEAR": null, "REGENERATIONOPERATION": null, "REGERATIONAREA": null, "DECLARATIONARRIVALDATE": "2024-10-03T12:16:38", "DECLARATIONARRIVALYEAR": "2024", "DECLARATIONARRIVALMETHOD": 2.0, "STANDARRIVALDATE": "2024-10-03T12:16:38", "STANDARRIVALMETHOD": 2.0, "REGENERATIONARRIVALDATE": null, "DATASOURCE": null, "CREATIONTIME": null, "UPDATETIME": "2024-10-14T00:31:59" }, "geometry": { "type": "Polygon", "coordinates": [ [ [ 26.919395, 60.607068 ], [ 26.919495, 60.607159 ], [ 26.919529, 60.607182 ], [ 26.919011, 60.607369 ], [ 26.918865, 60.607521 ], [ 26.918498, 60.607611 ], [ 26.918387, 60.607751 ], [ 26.918424, 60.607893 ], [ 26.918411, 60.608012 ], [ 26.918233, 60.608001 ], [ 26.918322, 60.608129 ], [ 26.918276, 60.608289 ], [ 26.918114, 60.608342 ], [ 26.918234, 60.608394 ], [ 26.918182, 60.60845 ], [ 26.918253, 60.608653 ], [ 26.917942, 60.608783 ], [ 26.917765, 60.608684 ], [ 26.917677, 60.608604 ], [ 26.917593, 60.608541 ], [ 26.917489, 60.608557 ], [ 26.917291, 60.608521 ], [ 26.917412, 60.608368 ], [ 26.917304, 60.608244 ], [ 26.917255, 60.608186 ], [ 26.917172, 60.608038 ], [ 26.917148, 60.607902 ], [ 26.917147, 60.607748 ], [ 26.917255, 60.607657 ], [ 26.917375, 60.607561 ], [ 26.917422, 60.607486 ], [ 26.917428, 60.607399 ], [ 26.919395, 60.607068 ] ] ] } },
{ "type": "Feature", "properties": { "FORESTUSEDECLARATIONNUMBER": "1-2024-106023", "DECLARATIONREFERENCE": null, "PROCESSINGAREANUMBER": 11.0, "DECLARATIONSTATE": "40", "DECLARATIONSTATEDATASOURCE": 2.0, "VALID_NOW": 1.0, "DECLARATIONSTANDREFERENCE": null, "STANDNUMBER": 68.0, "STANDNUMBEREXTENSION": 0.0, "AREA": 1.0, "MAINGROUP": 1.0, "SUBGROUP": 1.0, "FERTILITYCLASS": 3.0, "SOILTYPE": 10.0, "DECLARATIONDEVELOPMENTCLASS": 8.0, "DECLARATIONMAINTREESPECIES": 3.0, "MEANAGE": 100.0, "MEANDIAMETER": 28.0, "HABITATCODE": 0.0, "DETAILEDHABITATCODE": 0.0, "OTHERHABITATCODE": null, "CUTTINGPURPOSE": 3.0, "CUTTINGREALIZATIONPRACTICE": 5.0, "REGENERATIONCOMMITMENT": null, "DECLSOILPREPARATIONOPERATION": 523.0, "DECLREGENERATIONOPERATION": 302.0, "HABITATOPERATION": null, "FORESTDAMAGEQUALIFIER": null, "COMPLETIONYEAR": null, "REGENSOILPREPARATIONOPERATION": null, "REGENERATIONYEAR": null, "REGENERATIONOPERATION": null, "REGERATIONAREA": null, "DECLARATIONARRIVALDATE": "2024-10-03T12:16:38", "DECLARATIONARRIVALYEAR": "2024", "DECLARATIONARRIVALMETHOD": 2.0, "STANDARRIVALDATE": "2024-10-03T12:16:38", "STANDARRIVALMETHOD": 2.0, "REGENERATIONARRIVALDATE": null, "DATASOURCE": null, "CREATIONTIME": null, "UPDATETIME": "2024-10-14T00:31:59" }, "geometry": { "type": "Polygon", "coordinates": [ [ [ 26.90331, 60.609774 ], [ 26.903991, 60.609659 ], [ 26.904499, 60.609574 ], [ 26.904438, 60.609686 ], [ 26.904438, 60.60974 ], [ 26.904648, 60.609906 ], [ 26.904812, 60.610031 ], [ 26.904802, 60.610139 ], [ 26.904948, 60.610247 ], [ 26.905216, 60.610305 ], [ 26.905259, 60.610356 ], [ 26.904097, 60.610557 ], [ 26.903806, 60.610278 ], [ 26.903533, 60.609977 ], [ 26.90331, 60.609774 ] ] ] } },
{ "type": "Feature", "properties": { "FORESTUSEDECLARATIONNUMBER": "1-2025-19087", "DECLARATIONREFERENCE": null, "PROCESSINGAREANUMBER": 1.0, "DECLARATIONSTATE": "40", "DECLARATIONSTATEDATASOURCE": 2.0, "VALID_NOW": 1.0, "DECLARATIONSTANDREFERENCE": null, "STANDNUMBER": 2.0, "STANDNUMBEREXTENSION": 0.0, "AREA": 1.0, "MAINGROUP": 1.0, "SUBGROUP": 1.0, "FERTILITYCLASS": 3.0, "SOILTYPE": 20.0, "DECLARATIONDEVELOPMENTCLASS": 7.0, "DECLARATIONMAINTREESPECIES": 2.0, "MEANAGE": 69.0, "MEANDIAMETER": 26.0, "HABITATCODE": 0.0, "DETAILEDHABITATCODE": 0.0, "OTHERHABITATCODE": null, "CUTTINGPURPOSE": 3.0, "CUTTINGREALIZATIONPRACTICE": 5.0, "REGENERATIONCOMMITMENT": null, "DECLSOILPREPARATIONOPERATION": 523.0, "DECLREGENERATIONOPERATION": 302.0, "HABITATOPERATION": null, "FORESTDAMAGEQUALIFIER": null, "COMPLETIONYEAR": null, "REGENSOILPREPARATIONOPERATION": null, "REGENERATIONYEAR": null, "REGENERATIONOPERATION": null, "REGERATIONAREA": null, "DECLARATIONARRIVALDATE": "2025-02-10T16:56:25", "DECLARATIONARRIVALYEAR": "2025", "DECLARATIONARRIVALMETHOD": 2.0, "STANDARRIVALDATE": "2025-02-10T16:56:25", "STANDARRIVALMETHOD": 2.0, "REGENERATIONARRIVALDATE": null, "DATASOURCE": null, "CREATIONTIME": null, "UPDATETIME": "2025-02-21T00:09:30" }, "geometry": { "type": "Polygon", "coordinates": [ [ [ 26.914963, 60.603019 ], [ 26.915013, 60.603049 ], [ 26.915105, 60.603071 ], [ 26.91506, 60.603072 ], [ 26.914952, 60.60306 ], [ 26.914099, 60.602944 ], [ 26.914018, 60.602937 ], [ 26.913891, 60.602938 ], [ 26.913776, 60.602906 ], [ 26.913562, 60.602876 ], [ 26.913421, 60.602875 ], [ 26.913261, 60.602905 ], [ 26.913169, 60.602909 ], [ 26.91312, 60.602896 ], [ 26.913042, 60.602848 ], [ 26.912989, 60.602829 ], [ 26.912841, 60.602812 ], [ 26.912705, 60.602789 ], [ 26.912649, 60.602758 ], [ 26.912608, 60.602722 ], [ 26.912642, 60.60268 ], [ 26.912715, 60.602623 ], [ 26.912735, 60.602591 ], [ 26.912745, 60.60242 ], [ 26.912731, 60.602396 ], [ 26.912684, 60.602379 ], [ 26.912426, 60.602313 ], [ 26.912129, 60.602223 ], [ 26.911889, 60.602181 ], [ 26.911812, 60.602174 ], [ 26.911788, 60.602178 ], [ 26.911676, 60.602087 ], [ 26.911647, 60.602048 ], [ 26.913251, 60.601762 ], [ 26.913449, 60.601727 ], [ 26.913658, 60.60169 ], [ 26.91368, 60.601719 ], [ 26.913737, 60.60179 ], [ 26.913837, 60.601852 ], [ 26.913892, 60.60197 ], [ 26.913991, 60.602046 ], [ 26.914087, 60.602152 ], [ 26.914185, 60.602226 ], [ 26.914456, 60.602512 ], [ 26.914803, 60.602851 ], [ 26.914963, 60.603019 ] ] ] } },
{ "type": "Feature", "properties": { "FORESTUSEDECLARATIONNUMBER": "1-2025-72245", "DECLARATIONREFERENCE": null, "PROCESSINGAREANUMBER": 1.0, "DECLARATIONSTATE": "40", "DECLARATIONSTATEDATASOURCE": 2.0, "VALID_NOW": 1.0, "DECLARATIONSTANDREFERENCE": null, "STANDNUMBER": 7.0, "STANDNUMBEREXTENSION": 0.0, "AREA": 1.78, "MAINGROUP": 0.0, "SUBGROUP": null, "FERTILITYCLASS": 3.0, "SOILTYPE": 10.0, "DECLARATIONDEVELOPMENTCLASS": 8.0, "DECLARATIONMAINTREESPECIES": 2.0, "MEANAGE": null, "MEANDIAMETER": null, "HABITATCODE": 0.0, "DETAILEDHABITATCODE": 0.0, "OTHERHABITATCODE": null, "CUTTINGPURPOSE": 3.0, "CUTTINGREALIZATIONPRACTICE": 5.0, "REGENERATIONCOMMITMENT": 0.0, "DECLSOILPREPARATIONOPERATION": 520.0, "DECLREGENERATIONOPERATION": 301.0, "HABITATOPERATION": null, "FORESTDAMAGEQUALIFIER": null, "COMPLETIONYEAR": null, "REGENSOILPREPARATIONOPERATION": null, "REGENERATIONYEAR": null, "REGENERATIONOPERATION": null, "REGERATIONAREA": null, "DECLARATIONARRIVALDATE": "2025-06-18T14:28:54", "DECLARATIONARRIVALYEAR": "2025", "DECLARATIONARRIVALMETHOD": 2.0, "STANDARRIVALDATE": "2025-06-18T14:28:54", "STANDARRIVALMETHOD": 2.0, "REGENERATIONARRIVALDATE": null, "DATASOURCE": null, "CREATIONTIME": null, "UPDATETIME": "2025-06-29T00:06:10" }, "geometry": { "type": "Polygon", "coordinates": [ [ [ 26.911186, 60.604436 ], [ 26.911511, 60.604371 ], [ 26.911605, 60.604408 ], [ 26.911756, 60.604429 ], [ 26.911843, 60.604443 ], [ 26.911956, 60.604476 ], [ 26.912059, 60.60448 ], [ 26.912117, 60.604494 ], [ 26.912161, 60.604548 ], [ 26.912286, 60.604616 ], [ 26.912321, 60.60466 ], [ 26.912425, 60.604665 ], [ 26.912511, 60.604681 ], [ 26.912564, 60.604743 ], [ 26.912691, 60.604752 ], [ 26.912781, 60.604711 ], [ 26.912886, 60.604699 ], [ 26.912969, 60.604743 ], [ 26.913077, 60.604779 ], [ 26.91315, 60.604801 ], [ 26.913275, 60.60481 ], [ 26.913361, 60.604822 ], [ 26.913423, 60.604857 ], [ 26.91345, 60.604909 ], [ 26.913457, 60.604968 ], [ 26.913496, 60.605015 ], [ 26.913542, 60.605039 ], [ 26.913655, 60.605048 ], [ 26.91373, 60.605079 ], [ 26.913805, 60.605098 ], [ 26.913815, 60.60515 ], [ 26.913867, 60.605195 ], [ 26.913947, 60.605208 ], [ 26.914032, 60.605228 ], [ 26.914127, 60.605237 ], [ 26.914272, 60.605285 ], [ 26.91435, 60.605273 ], [ 26.914452, 60.605265 ], [ 26.914553, 60.60528 ], [ 26.914613, 60.605318 ], [ 26.914642, 60.60536 ], [ 26.914751, 60.605343 ], [ 26.914865, 60.605322 ], [ 26.914868, 60.605565 ], [ 26.914901, 60.605644 ], [ 26.914952, 60.605695 ], [ 26.915044, 60.605747 ], [ 26.913008, 60.606171 ], [ 26.912955, 60.60612 ], [ 26.912917, 60.606049 ], [ 26.912779, 60.606008 ], [ 26.912678, 60.60594 ], [ 26.912546, 60.605921 ], [ 26.912484, 60.605885 ], [ 26.912505, 60.605769 ], [ 26.912427, 60.605705 ], [ 26.912415, 60.60564 ], [ 26.912476, 60.605604 ], [ 26.912567, 60.605563 ], [ 26.912652, 60.605543 ], [ 26.912772, 60.605533 ], [ 26.912787, 60.605503 ], [ 26.912699, 60.605323 ], [ 26.912611, 60.605281 ], [ 26.912344, 60.605262 ], [ 26.912373, 60.605191 ], [ 26.912366, 60.605142 ], [ 26.912361, 60.605041 ], [ 26.912262, 60.604993 ], [ 26.912188, 60.604941 ], [ 26.912068, 60.604918 ], [ 26.911979, 60.604954 ], [ 26.911811, 60.604964 ], [ 26.911705, 60.604952 ], [ 26.911615, 60.604922 ], [ 26.911541, 60.604907 ], [ 26.911406, 60.60491 ], [ 26.911328, 60.604892 ], [ 26.911248, 60.604877 ], [ 26.911206, 60.604824 ], [ 26.911052, 60.60478 ], [ 26.910994, 60.604726 ], [ 26.91089, 60.604687 ], [ 26.910904, 60.604629 ], [ 26.910996, 60.604582 ], [ 26.910996, 60.604526 ], [ 26.910959, 60.604481 ], [ 26.911186, 60.604436 ] ] ] } },
{ "type": "Feature", "properties": { "FORESTUSEDECLARATIONNUMBER": "1-2021-14752", "DECLARATIONREFERENCE": null, "PROCESSINGAREANUMBER": 2.0, "DECLARATIONSTATE": "50", "DECLARATIONSTATEDATASOURCE": 2.0, "VALID_NOW": 0.0, "DECLARATIONSTANDREFERENCE": null, "STANDNUMBER": 14.0, "STANDNUMBEREXTENSION": 0.0, "AREA": 1.2, "MAINGROUP": 1.0, "SUBGROUP": 3.0, "FERTILITYCLASS": 3.0, "SOILTYPE": 60.0, "DECLARATIONDEVELOPMENTCLASS": 8.0, "DECLARATIONMAINTREESPECIES": 1.0, "MEANAGE": 102.0, "MEANDIAMETER": 30.0, "HABITATCODE": 0.0, "DETAILEDHABITATCODE": 0.0, "OTHERHABITATCODE": null, "CUTTINGPURPOSE": 3.0, "CUTTINGREALIZATIONPRACTICE": 5.0, "REGENERATIONCOMMITMENT": null, "DECLSOILPREPARATIONOPERATION": 522.0, "DECLREGENERATIONOPERATION": 301.0, "HABITATOPERATION": null, "FORESTDAMAGEQUALIFIER": null, "COMPLETIONYEAR": null, "REGENSOILPREPARATIONOPERATION": null, "REGENERATIONYEAR": null, "REGENERATIONOPERATION": null, "REGERATIONAREA": null, "DECLARATIONARRIVALDATE": "2021-02-05T14:44:31", "DECLARATIONARRIVALYEAR": "2021", "DECLARATIONARRIVALMETHOD": 2.0, "STANDARRIVALDATE": "2021-02-05T14:44:31", "STANDARRIVALMETHOD": 2.0, "REGENERATIONARRIVALDATE": null, "DATASOURCE": null, "CREATIONTIME": null, "UPDATETIME": "2024-02-06T00:23:10" }, "geometry": { "type": "Polygon", "coordinates": [ [ [ 26.879373, 60.625463 ], [ 26.879365, 60.625336 ], [ 26.879469, 60.625238 ], [ 26.879444, 60.62507 ], [ 26.879476, 60.625038 ], [ 26.87949, 60.624914 ], [ 26.883053, 60.624369 ], [ 26.883216, 60.62488 ], [ 26.879373, 60.625463 ] ] ] } },
{ "type": "Feature", "properties": { "FORESTUSEDECLARATIONNUMBER": "1-2021-14752", "DECLARATIONREFERENCE": null, "PROCESSINGAREANUMBER": 2.0, "DECLARATIONSTATE": "50", "DECLARATIONSTATEDATASOURCE": 2.0, "VALID_NOW": 0.0, "DECLARATIONSTANDREFERENCE": null, "STANDNUMBER": 17.0, "STANDNUMBEREXTENSION": 0.0, "AREA": 1.3, "MAINGROUP": 1.0, "SUBGROUP": 2.0, "FERTILITYCLASS": 3.0, "SOILTYPE": 60.0, "DECLARATIONDEVELOPMENTCLASS": 8.0, "DECLARATIONMAINTREESPECIES": 1.0, "MEANAGE": 64.0, "MEANDIAMETER": 32.1, "HABITATCODE": 0.0, "DETAILEDHABITATCODE": 0.0, "OTHERHABITATCODE": null, "CUTTINGPURPOSE": 3.0, "CUTTINGREALIZATIONPRACTICE": 5.0, "REGENERATIONCOMMITMENT": null, "DECLSOILPREPARATIONOPERATION": 523.0, "DECLREGENERATIONOPERATION": 302.0, "HABITATOPERATION": null, "FORESTDAMAGEQUALIFIER": null, "COMPLETIONYEAR": null, "REGENSOILPREPARATIONOPERATION": null, "REGENERATIONYEAR": null, "REGENERATIONOPERATION": null, "REGERATIONAREA": null, "DECLARATIONARRIVALDATE": "2021-02-05T14:44:31", "DECLARATIONARRIVALYEAR": "2021", "DECLARATIONARRIVALMETHOD": 2.0, "STANDARRIVALDATE": "2021-02-05T14:44:31", "STANDARRIVALMETHOD": 2.0, "REGENERATIONARRIVALDATE": null, "DATASOURCE": null, "CREATIONTIME": null, "UPDATETIME": "2024-02-06T00:23:11" }, "geometry": { "type": "Polygon", "coordinates": [ [ [ 26.88878, 60.623492 ], [ 26.892625, 60.622904 ], [ 26.892688, 60.623039 ], [ 26.89252, 60.62319 ], [ 26.89279, 60.623279 ], [ 26.89298, 60.6234 ], [ 26.888816, 60.624031 ], [ 26.88878, 60.623492 ] ] ] } },
{ "type": "Feature", "properties": { "FORESTUSEDECLARATIONNUMBER": "1-2021-63133", "DECLARATIONREFERENCE": null, "PROCESSINGAREANUMBER": 1.0, "DECLARATIONSTATE": "50", "DECLARATIONSTATEDATASOURCE": 2.0, "VALID_NOW": 0.0, "DECLARATIONSTANDREFERENCE": null, "STANDNUMBER": 3.0, "STANDNUMBEREXTENSION": 0.0, "AREA": 1.4, "MAINGROUP": 1.0, "SUBGROUP": 3.0, "FERTILITYCLASS": 3.0, "SOILTYPE": 60.0, "DECLARATIONDEVELOPMENTCLASS": 8.0, "DECLARATIONMAINTREESPECIES": 1.0, "MEANAGE": 85.0, "MEANDIAMETER": 23.0, "HABITATCODE": 0.0, "DETAILEDHABITATCODE": 0.0, "OTHERHABITATCODE": null, "CUTTINGPURPOSE": 3.0, "CUTTINGREALIZATIONPRACTICE": 5.0, "REGENERATIONCOMMITMENT": null, "DECLSOILPREPARATIONOPERATION": 550.0, "DECLREGENERATIONOPERATION": 302.0, "HABITATOPERATION": null, "FORESTDAMAGEQUALIFIER": null, "COMPLETIONYEAR": null, "REGENSOILPREPARATIONOPERATION": null, "REGENERATIONYEAR": null, "REGENERATIONOPERATION": null, "REGERATIONAREA": null, "DECLARATIONARRIVALDATE": "2021-06-14T13:05:19", "DECLARATIONARRIVALYEAR": "2021", "DECLARATIONARRIVALMETHOD": 2.0, "STANDARRIVALDATE": "2021-06-14T13:05:19", "STANDARRIVALMETHOD": 2.0, "REGENERATIONARRIVALDATE": null, "DATASOURCE": null, "CREATIONTIME": null, "UPDATETIME": "2024-06-15T00:18:53" }, "geometry": { "type": "Polygon", "coordinates": [ [ [ 26.892327, 60.614196 ], [ 26.892341, 60.614282 ], [ 26.892358, 60.614409 ], [ 26.892485, 60.614427 ], [ 26.892568, 60.614422 ], [ 26.892656, 60.614362 ], [ 26.892796, 60.614387 ], [ 26.893163, 60.614671 ], [ 26.893056, 60.61484 ], [ 26.893027, 60.614997 ], [ 26.89311, 60.615206 ], [ 26.892624, 60.615295 ], [ 26.891397, 60.615517 ], [ 26.890767, 60.615324 ], [ 26.890579, 60.615266 ], [ 26.890863, 60.614895 ], [ 26.891202, 60.61454 ], [ 26.891551, 60.614146 ], [ 26.891809, 60.614158 ], [ 26.892048, 60.614211 ], [ 26.892327, 60.614196 ] ] ] } },
{ "type": "Feature", "properties": { "FORESTUSEDECLARATIONNUMBER": "1-2021-63133", "DECLARATIONREFERENCE": null, "PROCESSINGAREANUMBER": 3.0, "DECLARATIONSTATE": "50", "DECLARATIONSTATEDATASOURCE": 2.0, "VALID_NOW": 0.0, "DECLARATIONSTANDREFERENCE": null, "STANDNUMBER": 40.0, "STANDNUMBEREXTENSION": 0.0, "AREA": 1.91, "MAINGROUP": 1.0, "SUBGROUP": 1.0, "FERTILITYCLASS": 3.0, "SOILTYPE": 11.0, "DECLARATIONDEVELOPMENTCLASS": 8.0, "DECLARATIONMAINTREESPECIES": 1.0, "MEANAGE": 100.0, "MEANDIAMETER": 30.0, "HABITATCODE": 0.0, "DETAILEDHABITATCODE": 0.0, "OTHERHABITATCODE": null, "CUTTINGPURPOSE": 3.0, "CUTTINGREALIZATIONPRACTICE": 5.0, "REGENERATIONCOMMITMENT": null, "DECLSOILPREPARATIONOPERATION": 523.0, "DECLREGENERATIONOPERATION": 302.0, "HABITATOPERATION": null, "FORESTDAMAGEQUALIFIER": null, "COMPLETIONYEAR": null, "REGENSOILPREPARATIONOPERATION": null, "REGENERATIONYEAR": null, "REGENERATIONOPERATION": null, "REGERATIONAREA": null, "DECLARATIONARRIVALDATE": "2021-06-14T13:05:19", "DECLARATIONARRIVALYEAR": "2021", "DECLARATIONARRIVALMETHOD": 2.0, "STANDARRIVALDATE": "2021-06-14T13:05:19", "STANDARRIVALMETHOD": 2.0, "REGENERATIONARRIVALDATE": null, "DATASOURCE": null, "CREATIONTIME": null, "UPDATETIME": "2024-06-15T00:18:52" }, "geometry": { "type": "Polygon", "coordinates": [ [ [ 26.896402, 60.612885 ], [ 26.895932, 60.612973 ], [ 26.895755, 60.613033 ], [ 26.895308, 60.613033 ], [ 26.895076, 60.613058 ], [ 26.894703, 60.613054 ], [ 26.894445, 60.613094 ], [ 26.894236, 60.613002 ], [ 26.894213, 60.612985 ], [ 26.894245, 60.612981 ], [ 26.894259, 60.612949 ], [ 26.89418, 60.612794 ], [ 26.89408, 60.612497 ], [ 26.894099, 60.612309 ], [ 26.894274, 60.612053 ], [ 26.89473, 60.611802 ], [ 26.895142, 60.611847 ], [ 26.89548, 60.611686 ], [ 26.895509, 60.611655 ], [ 26.895923, 60.611679 ], [ 26.896141, 60.611779 ], [ 26.896372, 60.611878 ], [ 26.896405, 60.61189 ], [ 26.896581, 60.611955 ], [ 26.896841, 60.612056 ], [ 26.89698, 60.612138 ], [ 26.897041, 60.61225 ], [ 26.896985, 60.612378 ], [ 26.896963, 60.612496 ], [ 26.896905, 60.612624 ], [ 26.896789, 60.612639 ], [ 26.896402, 60.612885 ] ] ] } },
{ "type": "Feature", "properties": { "FORESTUSEDECLARATIONNUMBER": "1-2021-63133", "DECLARATIONREFERENCE": null, "PROCESSINGAREANUMBER": 4.0, "DECLARATIONSTATE": "50", "DECLARATIONSTATEDATASOURCE": 2.0, "VALID_NOW": 0.0, "DECLARATIONSTANDREFERENCE": null, "STANDNUMBER": 42.0, "STANDNUMBEREXTENSION": 0.0, "AREA": 0.29, "MAINGROUP": 1.0, "SUBGROUP": 3.0, "FERTILITYCLASS": 4.0, "SOILTYPE": 60.0, "DECLARATIONDEVELOPMENTCLASS": 8.0, "DECLARATIONMAINTREESPECIES": 1.0, "MEANAGE": 95.0, "MEANDIAMETER": 26.0, "HABITATCODE": 0.0, "DETAILEDHABITATCODE": 0.0, "OTHERHABITATCODE": null, "CUTTINGPURPOSE": 3.0, "CUTTINGREALIZATIONPRACTICE": 5.0, "REGENERATIONCOMMITMENT": null, "DECLSOILPREPARATIONOPERATION": 550.0, "DECLREGENERATIONOPERATION": 301.0, "HABITATOPERATION": null, "FORESTDAMAGEQUALIFIER": null, "COMPLETIONYEAR": null, "REGENSOILPREPARATIONOPERATION": null, "REGENERATIONYEAR": null, "REGENERATIONOPERATION": null, "REGERATIONAREA": null, "DECLARATIONARRIVALDATE": "2021-06-14T13:05:19", "DECLARATIONARRIVALYEAR": "2021", "DECLARATIONARRIVALMETHOD": 2.0, "STANDARRIVALDATE": "2021-06-14T13:05:19", "STANDARRIVALMETHOD": 2.0, "REGENERATIONARRIVALDATE": null, "DATASOURCE": null, "CREATIONTIME": null, "UPDATETIME": "2024-06-15T00:18:52" }, "geometry": { "type": "Polygon", "coordinates": [ [ [ 26.897529, 60.612077 ], [ 26.897553, 60.612195 ], [ 26.897644, 60.612393 ], [ 26.89775, 60.61251 ], [ 26.897448, 60.612551 ], [ 26.896905, 60.612624 ], [ 26.896963, 60.612496 ], [ 26.896985, 60.612378 ], [ 26.897041, 60.61225 ], [ 26.89698, 60.612138 ], [ 26.896841, 60.612056 ], [ 26.896581, 60.611955 ], [ 26.896405, 60.61189 ], [ 26.896766, 60.611832 ], [ 26.897101, 60.61189 ], [ 26.897329, 60.611908 ], [ 26.897529, 60.612077 ] ] ] } },
{ "type": "Feature", "properties": { "FORESTUSEDECLARATIONNUMBER": "1-2024-106023", "DECLARATIONREFERENCE": null, "PROCESSINGAREANUMBER": 1.0, "DECLARATIONSTATE": "40", "DECLARATIONSTATEDATASOURCE": 2.0, "VALID_NOW": 1.0, "DECLARATIONSTANDREFERENCE": null, "STANDNUMBER": 10.0, "STANDNUMBEREXTENSION": 0.0, "AREA": 0.0, "MAINGROUP": 1.0, "SUBGROUP": 3.0, "FERTILITYCLASS": 3.0, "SOILTYPE": 60.0, "DECLARATIONDEVELOPMENTCLASS": 8.0, "DECLARATIONMAINTREESPECIES": 4.0, "MEANAGE": 74.0, "MEANDIAMETER": 25.0, "HABITATCODE": 0.0, "DETAILEDHABITATCODE": 0.0, "OTHERHABITATCODE": null, "CUTTINGPURPOSE": 3.0, "CUTTINGREALIZATIONPRACTICE": 5.0, "REGENERATIONCOMMITMENT": null, "DECLSOILPREPARATIONOPERATION": 550.0, "DECLREGENERATIONOPERATION": 302.0, "HABITATOPERATION": null, "FORESTDAMAGEQUALIFIER": null, "COMPLETIONYEAR": null, "REGENSOILPREPARATIONOPERATION": null, "REGENERATIONYEAR": null, "REGENERATIONOPERATION": null, "REGERATIONAREA": null, "DECLARATIONARRIVALDATE": "2024-10-03T12:16:38", "DECLARATIONARRIVALYEAR": "2024", "DECLARATIONARRIVALMETHOD": 2.0, "STANDARRIVALDATE": "2024-10-03T12:16:38", "STANDARRIVALMETHOD": 2.0, "REGENERATIONARRIVALDATE": null, "DATASOURCE": null, "CREATIONTIME": null, "UPDATETIME": "2024-10-14T00:31:59" }, "geometry": { "type": "Polygon", "coordinates": [ [ [ 26.889776, 60.611553 ], [ 26.890089, 60.611634 ], [ 26.890102, 60.611707 ], [ 26.89007, 60.611787 ], [ 26.890188, 60.611976 ], [ 26.89026, 60.612124 ], [ 26.890205, 60.612303 ], [ 26.890054, 60.612468 ], [ 26.890002, 60.612488 ], [ 26.889719, 60.612517 ], [ 26.889643, 60.612511 ], [ 26.889647, 60.612415 ], [ 26.889523, 60.612341 ], [ 26.889311, 60.612321 ], [ 26.889246, 60.612261 ], [ 26.888926, 60.612266 ], [ 26.889109, 60.612154 ], [ 26.889475, 60.611984 ], [ 26.889568, 60.611697 ], [ 26.889713, 60.611614 ], [ 26.889776, 60.611553 ] ] ] } },
{ "type": "Feature", "properties": { "FORESTUSEDECLARATIONNUMBER": "1-2024-106023", "DECLARATIONREFERENCE": null, "PROCESSINGAREANUMBER": 12.0, "DECLARATIONSTATE": "40", "DECLARATIONSTATEDATASOURCE": 2.0, "VALID_NOW": 1.0, "DECLARATIONSTANDREFERENCE": null, "STANDNUMBER": 69.0, "STANDNUMBEREXTENSION": 0.0, "AREA": 1.0, "MAINGROUP": 1.0, "SUBGROUP": 1.0, "FERTILITYCLASS": 3.0, "SOILTYPE": 20.0, "DECLARATIONDEVELOPMENTCLASS": 7.0, "DECLARATIONMAINTREESPECIES": 2.0, "MEANAGE": 70.0, "MEANDIAMETER": 25.0, "HABITATCODE": 0.0, "DETAILEDHABITATCODE": 0.0, "OTHERHABITATCODE": null, "CUTTINGPURPOSE": 3.0, "CUTTINGREALIZATIONPRACTICE": 5.0, "REGENERATIONCOMMITMENT": null, "DECLSOILPREPARATIONOPERATION": null, "DECLREGENERATIONOPERATION": 302.0, "HABITATOPERATION": null, "FORESTDAMAGEQUALIFIER": null, "COMPLETIONYEAR": null, "REGENSOILPREPARATIONOPERATION": null, "REGENERATIONYEAR": null, "REGENERATIONOPERATION": null, "REGERATIONAREA": null, "DECLARATIONARRIVALDATE": "2024-10-03T12:16:38", "DECLARATIONARRIVALYEAR": "2024", "DECLARATIONARRIVALMETHOD": 2.0, "STANDARRIVALDATE": "2024-10-03T12:16:38", "STANDARRIVALMETHOD": 2.0, "REGENERATIONARRIVALDATE": null, "DATASOURCE": null, "CREATIONTIME": null, "UPDATETIME": "2024-10-14T00:31:59" }, "geometry": { "type": "Polygon", "coordinates": [ [ [ 26.892944, 60.6134 ], [ 26.893237, 60.613503 ], [ 26.893497, 60.613597 ], [ 26.893784, 60.613697 ], [ 26.894063, 60.613786 ], [ 26.894332, 60.613816 ], [ 26.894345, 60.613888 ], [ 26.894361, 60.613974 ], [ 26.894212, 60.614222 ], [ 26.893993, 60.61437 ], [ 26.893983, 60.61454 ], [ 26.893864, 60.614513 ], [ 26.893627, 60.614365 ], [ 26.893628, 60.614221 ], [ 26.89319, 60.61405 ], [ 26.892889, 60.613844 ], [ 26.89257, 60.613695 ], [ 26.892573, 60.613596 ], [ 26.892699, 60.613548 ], [ 26.892833, 60.613455 ], [ 26.892944, 60.6134 ] ] ] } },
{ "type": "Feature", "properties": { "FORESTUSEDECLARATIONNUMBER": "1-2024-106078", "DECLARATIONREFERENCE": null, "PROCESSINGAREANUMBER": 8.0, "DECLARATIONSTATE": "40", "DECLARATIONSTATEDATASOURCE": 2.0, "VALID_NOW": 1.0, "DECLARATIONSTANDREFERENCE": null, "STANDNUMBER": 3.0, "STANDNUMBEREXTENSION": 0.0, "AREA": 1.0, "MAINGROUP": 1.0, "SUBGROUP": 1.0, "FERTILITYCLASS": 3.0, "SOILTYPE": 10.0, "DECLARATIONDEVELOPMENTCLASS": 7.0, "DECLARATIONMAINTREESPECIES": 2.0, "MEANAGE": 49.0, "MEANDIAMETER": 19.0, "HABITATCODE": 0.0, "DETAILEDHABITATCODE": 0.0, "OTHERHABITATCODE": null, "CUTTINGPURPOSE": 3.0, "CUTTINGREALIZATIONPRACTICE": 5.0, "REGENERATIONCOMMITMENT": null, "DECLSOILPREPARATIONOPERATION": null, "DECLREGENERATIONOPERATION": 102.0, "HABITATOPERATION": null, "FORESTDAMAGEQUALIFIER": null, "COMPLETIONYEAR": null, "REGENSOILPREPARATIONOPERATION": null, "REGENERATIONYEAR": null, "REGENERATIONOPERATION": null, "REGERATIONAREA": null, "DECLARATIONARRIVALDATE": "2024-10-03T12:58:39", "DECLARATIONARRIVALYEAR": "2024", "DECLARATIONARRIVALMETHOD": 2.0, "STANDARRIVALDATE": "2024-10-03T12:58:39", "STANDARRIVALMETHOD": 2.0, "REGENERATIONARRIVALDATE": null, "DATASOURCE": null, "CREATIONTIME": null, "UPDATETIME": "2024-10-14T00:32:16" }, "geometry": { "type": "Polygon", "coordinates": [ [ [ 26.875874, 60.616066 ], [ 26.875776, 60.615915 ], [ 26.875926, 60.615886 ], [ 26.876375, 60.616277 ], [ 26.876399, 60.616291 ], [ 26.877005, 60.61654 ], [ 26.877372, 60.617628 ], [ 26.877193, 60.617715 ], [ 26.876986, 60.617583 ], [ 26.87697, 60.617465 ], [ 26.876957, 60.617365 ], [ 26.876928, 60.617344 ], [ 26.876928, 60.617335 ], [ 26.876712, 60.617087 ], [ 26.876676, 60.617043 ], [ 26.876614, 60.616944 ], [ 26.876544, 60.616832 ], [ 26.876351, 60.616854 ], [ 26.876328, 60.617095 ], [ 26.876201, 60.617285 ], [ 26.876178, 60.617306 ], [ 26.875945, 60.617353 ], [ 26.875942, 60.617308 ], [ 26.875884, 60.616517 ], [ 26.875904, 60.616508 ], [ 26.875884, 60.616471 ], [ 26.875874, 60.616066 ] ] ] } },
{ "type": "Feature", "properties": { "FORESTUSEDECLARATIONNUMBER": "1-2021-62691", "DECLARATIONREFERENCE": null, "PROCESSINGAREANUMBER": 1.0, "DECLARATIONSTATE": "32", "DECLARATIONSTATEDATASOURCE": 2.0, "VALID_NOW": 0.0, "DECLARATIONSTANDREFERENCE": null, "STANDNUMBER": 3.0, "STANDNUMBEREXTENSION": 0.0, "AREA": 0.23, "MAINGROUP": 0.0, "SUBGROUP": null, "FERTILITYCLASS": 3.0, "SOILTYPE": 30.0, "DECLARATIONDEVELOPMENTCLASS": 7.0, "DECLARATIONMAINTREESPECIES": 0.0, "MEANAGE": 0.0, "MEANDIAMETER": null, "HABITATCODE": 0.0, "DETAILEDHABITATCODE": 0.0, "OTHERHABITATCODE": null, "CUTTINGPURPOSE": 3.0, "CUTTINGREALIZATIONPRACTICE": 5.0, "REGENERATIONCOMMITMENT": null, "DECLSOILPREPARATIONOPERATION": 500.0, "DECLREGENERATIONOPERATION": 302.0, "HABITATOPERATION": null, "FORESTDAMAGEQUALIFIER": null, "COMPLETIONYEAR": null, "REGENSOILPREPARATIONOPERATION": null, "REGENERATIONYEAR": null, "REGENERATIONOPERATION": null, "REGERATIONAREA": null, "DECLARATIONARRIVALDATE": "2021-06-12T14:30:05", "DECLARATIONARRIVALYEAR": "2021", "DECLARATIONARRIVALMETHOD": 2.0, "STANDARRIVALDATE": "2021-06-12T14:30:05", "STANDARRIVALMETHOD": 2.0, "REGENERATIONARRIVALDATE": null, "DATASOURCE": null, "CREATIONTIME": null, "UPDATETIME": "2025-02-18T11:24:57" }, "geometry": { "type": "Polygon", "coordinates": [ [ [ 26.875813, 60.62782 ], [ 26.87595, 60.628034 ], [ 26.875881, 60.628045 ], [ 26.874336, 60.628297 ], [ 26.874331, 60.628268 ], [ 26.874271, 60.628215 ], [ 26.874293, 60.62817 ], [ 26.874347, 60.628143 ], [ 26.874408, 60.628115 ], [ 26.874515, 60.628096 ], [ 26.874588, 60.628058 ], [ 26.874654, 60.627972 ], [ 26.874768, 60.627948 ], [ 26.874831, 60.627899 ], [ 26.875425, 60.627895 ], [ 26.875813, 60.62782 ] ] ] } },
{ "type": "Feature", "properties": { "FORESTUSEDECLARATIONNUMBER": "1-2021-74003", "DECLARATIONREFERENCE": null, "PROCESSINGAREANUMBER": 1.0, "DECLARATIONSTATE": "50", "DECLARATIONSTATEDATASOURCE": 2.0, "VALID_NOW": 0.0, "DECLARATIONSTANDREFERENCE": null, "STANDNUMBER": 3.0, "STANDNUMBEREXTENSION": 0.0, "AREA": 0.0, "MAINGROUP": 1.0, "SUBGROUP": 1.0, "FERTILITYCLASS": 3.0, "SOILTYPE": null, "DECLARATIONDEVELOPMENTCLASS": 7.0, "DECLARATIONMAINTREESPECIES": 2.0, "MEANAGE": 65.0, "MEANDIAMETER": 24.0, "HABITATCODE": 0.0, "DETAILEDHABITATCODE": 0.0, "OTHERHABITATCODE": null, "CUTTINGPURPOSE": 3.0, "CUTTINGREALIZATIONPRACTICE": 5.0, "REGENERATIONCOMMITMENT": 0.0, "DECLSOILPREPARATIONOPERATION": 523.0, "DECLREGENERATIONOPERATION": 302.0, "HABITATOPERATION": null, "FORESTDAMAGEQUALIFIER": null, "COMPLETIONYEAR": null, "REGENSOILPREPARATIONOPERATION": null, "REGENERATIONYEAR": null, "REGENERATIONOPERATION": null, "REGERATIONAREA": null, "DECLARATIONARRIVALDATE": "2021-07-14T10:44:31", "DECLARATIONARRIVALYEAR": "2021", "DECLARATIONARRIVALMETHOD": 2.0, "STANDARRIVALDATE": "2021-07-14T10:44:31", "STANDARRIVALMETHOD": 2.0, "REGENERATIONARRIVALDATE": null, "DATASOURCE": null, "CREATIONTIME": null, "UPDATETIME": "2025-04-03T09:55:15" }, "geometry": { "type": "Polygon", "coordinates": [ [ [ 26.875833, 60.627851 ], [ 26.87595, 60.628034 ], [ 26.874341, 60.628296 ], [ 26.874351, 60.62816 ], [ 26.874603, 60.628016 ], [ 26.875016, 60.627931 ], [ 26.875833, 60.627851 ] ] ] } },
{ "type": "Feature", "properties": { "FORESTUSEDECLARATIONNUMBER": "1-2023-61943", "DECLARATIONREFERENCE": null, "PROCESSINGAREANUMBER": 2.0, "DECLARATIONSTATE": "40", "DECLARATIONSTATEDATASOURCE": 2.0, "VALID_NOW": 1.0, "DECLARATIONSTANDREFERENCE": null, "STANDNUMBER": 11.0, "STANDNUMBEREXTENSION": 0.0, "AREA": 0.35, "MAINGROUP": 1.0, "SUBGROUP": 1.0, "FERTILITYCLASS": 2.0, "SOILTYPE": 20.0, "DECLARATIONDEVELOPMENTCLASS": 7.0, "DECLARATIONMAINTREESPECIES": 2.0, "MEANAGE": 60.0, "MEANDIAMETER": 25.7, "HABITATCODE": 0.0, "DETAILEDHABITATCODE": 0.0, "OTHERHABITATCODE": null, "CUTTINGPURPOSE": 3.0, "CUTTINGREALIZATIONPRACTICE": 5.0, "REGENERATIONCOMMITMENT": null, "DECLSOILPREPARATIONOPERATION": 523.0, "DECLREGENERATIONOPERATION": 302.0, "HABITATOPERATION": null, "FORESTDAMAGEQUALIFIER": null, "COMPLETIONYEAR": null, "REGENSOILPREPARATIONOPERATION": null, "REGENERATIONYEAR": null, "REGENERATIONOPERATION": null, "REGERATIONAREA": null, "DECLARATIONARRIVALDATE": "2023-06-12T16:54:10", "DECLARATIONARRIVALYEAR": "2023", "DECLARATIONARRIVALMETHOD": 2.0, "STANDARRIVALDATE": "2023-06-12T16:54:10", "STANDARRIVALMETHOD": 2.0, "REGENERATIONARRIVALDATE": null, "DATASOURCE": null, "CREATIONTIME": null, "UPDATETIME": "2023-06-23T00:09:51" }, "geometry": { "type": "Polygon", "coordinates": [ [ [ 26.88905, 60.626004 ], [ 26.889749, 60.626047 ], [ 26.890183, 60.626255 ], [ 26.8896, 60.62635 ], [ 26.889573, 60.626355 ], [ 26.888527, 60.626526 ], [ 26.888586, 60.626244 ], [ 26.888556, 60.626165 ], [ 26.88843, 60.625948 ], [ 26.88905, 60.626004 ] ] ] } },
{ "type": "Feature", "properties": { "FORESTUSEDECLARATIONNUMBER": "1-2023-61943", "DECLARATIONREFERENCE": null, "PROCESSINGAREANUMBER": 2.0, "DECLARATIONSTATE": "40", "DECLARATIONSTATEDATASOURCE": 2.0, "VALID_NOW": 1.0, "DECLARATIONSTANDREFERENCE": null, "STANDNUMBER": 13.0, "STANDNUMBEREXTENSION": 0.0, "AREA": 0.5, "MAINGROUP": 1.0, "SUBGROUP": 1.0, "FERTILITYCLASS": 2.0, "SOILTYPE": 20.0, "DECLARATIONDEVELOPMENTCLASS": 7.0, "DECLARATIONMAINTREESPECIES": 2.0, "MEANAGE": 59.0, "MEANDIAMETER": 24.5, "HABITATCODE": 0.0, "DETAILEDHABITATCODE": 0.0, "OTHERHABITATCODE": null, "CUTTINGPURPOSE": 3.0, "CUTTINGREALIZATIONPRACTICE": 5.0, "REGENERATIONCOMMITMENT": null, "DECLSOILPREPARATIONOPERATION": 523.0, "DECLREGENERATIONOPERATION": 302.0, "HABITATOPERATION": null, "FORESTDAMAGEQUALIFIER": null, "COMPLETIONYEAR": null, "REGENSOILPREPARATIONOPERATION": null, "REGENERATIONYEAR": null, "REGENERATIONOPERATION": null, "REGERATIONAREA": null, "DECLARATIONARRIVALDATE": "2023-06-12T16:54:10", "DECLARATIONARRIVALYEAR": "2023", "DECLARATIONARRIVALMETHOD": 2.0, "STANDARRIVALDATE": "2023-06-12T16:54:10", "STANDARRIVALMETHOD": 2.0, "REGENERATIONARRIVALDATE": null, "DATASOURCE": null, "CREATIONTIME": null, "UPDATETIME": "2023-06-23T00:09:51" }, "geometry": { "type": "Polygon", "coordinates": [ [ [ 26.889555, 60.625691 ], [ 26.889541, 60.625694 ], [ 26.889224, 60.625664 ], [ 26.888923, 60.625483 ], [ 26.889138, 60.62545 ], [ 26.889145, 60.625449 ], [ 26.891303, 60.625112 ], [ 26.891427, 60.625311 ], [ 26.891412, 60.625361 ], [ 26.891317, 60.625523 ], [ 26.891281, 60.62555 ], [ 26.891127, 60.625533 ], [ 26.891067, 60.625537 ], [ 26.89101, 60.62555 ], [ 26.890963, 60.625572 ], [ 26.890927, 60.625601 ], [ 26.890887, 60.625663 ], [ 26.890896, 60.625703 ], [ 26.890913, 60.625724 ], [ 26.89062, 60.625724 ], [ 26.890357, 60.62564 ], [ 26.890054, 60.625581 ], [ 26.889555, 60.625691 ] ] ] } },
{ "type": "Feature", "properties": { "FORESTUSEDECLARATIONNUMBER": "1-2023-106701", "DECLARATIONREFERENCE": null, "PROCESSINGAREANUMBER": 1.0, "DECLARATIONSTATE": "40", "DECLARATIONSTATEDATASOURCE": 2.0, "VALID_NOW": 1.0, "DECLARATIONSTANDREFERENCE": null, "STANDNUMBER": 1.0, "STANDNUMBEREXTENSION": 0.0, "AREA": 0.9, "MAINGROUP": null, "SUBGROUP": null, "FERTILITYCLASS": 10.0, "SOILTYPE": 90.0, "DECLARATIONDEVELOPMENTCLASS": null, "DECLARATIONMAINTREESPECIES": 0.0, "MEANAGE": 0.0, "MEANDIAMETER": null, "HABITATCODE": 0.0, "DETAILEDHABITATCODE": null, "OTHERHABITATCODE": null, "CUTTINGPURPOSE": 3.0, "CUTTINGREALIZATIONPRACTICE": 5.0, "REGENERATIONCOMMITMENT": null, "DECLSOILPREPARATIONOPERATION": 520.0, "DECLREGENERATIONOPERATION": 302.0, "HABITATOPERATION": null, "FORESTDAMAGEQUALIFIER": null, "COMPLETIONYEAR": null, "REGENSOILPREPARATIONOPERATION": null, "REGENERATIONYEAR": null, "REGENERATIONOPERATION": null, "REGERATIONAREA": null, "DECLARATIONARRIVALDATE": "2023-10-24T00:00:00", "DECLARATIONARRIVALYEAR": "2023", "DECLARATIONARRIVALMETHOD": 1.0, "STANDARRIVALDATE": "2023-10-24T00:00:00", "STANDARRIVALMETHOD": 1.0, "REGENERATIONARRIVALDATE": null, "DATASOURCE": null, "CREATIONTIME": null, "UPDATETIME": "2023-11-04T00:03:34" }, "geometry": { "type": "Polygon", "coordinates": [ [ [ 26.879185, 60.628046 ], [ 26.879203, 60.628056 ], [ 26.876711, 60.628464 ], [ 26.875978, 60.628585 ], [ 26.875937, 60.628036 ], [ 26.87595, 60.628034 ], [ 26.878464, 60.627626 ], [ 26.878487, 60.627639 ], [ 26.878469, 60.627639 ], [ 26.878481, 60.627649 ], [ 26.878458, 60.62765 ], [ 26.878492, 60.627724 ], [ 26.878654, 60.627855 ], [ 26.879173, 60.62806 ], [ 26.879185, 60.628046 ] ] ] } },
{ "type": "Feature", "properties": { "FORESTUSEDECLARATIONNUMBER": "1-2023-106701", "DECLARATIONREFERENCE": null, "PROCESSINGAREANUMBER": 1.0, "DECLARATIONSTATE": "40", "DECLARATIONSTATEDATASOURCE": 2.0, "VALID_NOW": 1.0, "DECLARATIONSTANDREFERENCE": null, "STANDNUMBER": 3.0, "STANDNUMBEREXTENSION": 0.0, "AREA": 0.7, "MAINGROUP": null, "SUBGROUP": null, "FERTILITYCLASS": 10.0, "SOILTYPE": 90.0, "DECLARATIONDEVELOPMENTCLASS": null, "DECLARATIONMAINTREESPECIES": 0.0, "MEANAGE": 0.0, "MEANDIAMETER": null, "HABITATCODE": 0.0, "DETAILEDHABITATCODE": null, "OTHERHABITATCODE": null, "CUTTINGPURPOSE": 3.0, "CUTTINGREALIZATIONPRACTICE": 5.0, "REGENERATIONCOMMITMENT": null, "DECLSOILPREPARATIONOPERATION": 520.0, "DECLREGENERATIONOPERATION": 302.0, "HABITATOPERATION": null, "FORESTDAMAGEQUALIFIER": null, "COMPLETIONYEAR": null, "REGENSOILPREPARATIONOPERATION": null, "REGENERATIONYEAR": null, "REGENERATIONOPERATION": null, "REGERATIONAREA": null, "DECLARATIONARRIVALDATE": "2023-10-24T00:00:00", "DECLARATIONARRIVALYEAR": "2023", "DECLARATIONARRIVALMETHOD": 1.0, "STANDARRIVALDATE": "2023-10-24T00:00:00", "STANDARRIVALMETHOD": 1.0, "REGENERATIONARRIVALDATE": null, "DATASOURCE": null, "CREATIONTIME": null, "UPDATETIME": "2023-11-04T00:03:34" }, "geometry": { "type": "Polygon", "coordinates": [ [ [ 26.874254, 60.628326 ], [ 26.874224, 60.628328 ], [ 26.874397, 60.628844 ], [ 26.871747, 60.629278 ], [ 26.871859, 60.628921 ], [ 26.872, 60.628678 ], [ 26.874249, 60.628311 ], [ 26.874254, 60.628326 ] ] ] } }
]
}
