{
"type": "FeatureCollection",
"name": "teltat",
"crs": { "type": "name", "properties": { "name": "urn:ogc:def:crs:OGC:1.3:CRS84" } },
"xy_coordinate_resolution": 1e-06,
"features": [
{ "type": "Feature", "properties": { "address": "H31" }, "geometry": { "type": "MultiPolygon", "coordinates": [ [ [ [ 26.900415, 60.574327, -0.000065 ], [ 26.900287, 60.574415, -0.00006 ], [ 26.900464, 60.574478, -0.000065 ], [ 26.900592, 60.574391, -0.000069 ], [ 26.900415, 60.574327, -0.000065 ] ] ] ] } },
{ "type": "Feature", "properties": { "address": "H30" }, "geometry": { "type": "MultiPolygon", "coordinates": [ [ [ [ 26.900238, 60.574264, -0.00006 ], [ 26.900109, 60.574351, -0.000056 ], [ 26.900287, 60.574415, -0.00006 ], [ 26.900415, 60.574327, -0.000065 ], [ 26.900238, 60.574264, -0.00006 ] ] ] ] } },
{ "type": "Feature", "properties": { "address": "H35" }, "geometry": { "type": "MultiPolygon", "coordinates": [ [ [ [ 26.900366, 60.574177, -0.000065 ], [ 26.900238, 60.574264, -0.00006 ], [ 26.900415, 60.574327, -0.000065 ], [ 26.900543, 60.57424, -0.000069 ], [ 26.900366, 60.574177, -0.000065 ] ] ] ] } },
{ "type": "Feature", "properties": { "address": "H34" }, "geometry": { "type": "MultiPolygon", "coordinates": [ [ [ [ 26.900189, 60.574114, -0.000061 ], [ 26.90006, 60.574201, -0.000056 ], [ 26.900238, 60.574264, -0.00006 ], [ 26.900366, 60.574177, -0.000065 ], [ 26.900189, 60.574114, -0.000061 ] ] ] ] } },
{ "type": "Feature", "properties": { "address": "H29" }, "geometry": { "type": "MultiPolygon", "coordinates": [ [ [ [ 26.90006, 60.574201, -0.000056 ], [ 26.899932, 60.574288, -0.000052 ], [ 26.900109, 60.574351, -0.000056 ], [ 26.900238, 60.574264, -0.00006 ], [ 26.90006, 60.574201, -0.000056 ] ] ] ] } },
{ "type": "Feature", "properties": { "address": "H120" }, "geometry": { "type": "MultiPolygon", "coordinates": [ [ [ [ 26.900436, 60.573359, 0.0 ], [ 26.900617, 60.57342, 0.0 ], [ 26.900741, 60.573331, 0.0 ], [ 26.90056, 60.57327, 0.0 ], [ 26.900436, 60.573359, 0.0 ] ] ] ] } },
{ "type": "Feature", "properties": { "address": "H119" }, "geometry": { "type": "MultiPolygon", "coordinates": [ [ [ [ 26.900256, 60.573298, 0.0 ], [ 26.900436, 60.573359, 0.0 ], [ 26.90056, 60.57327, 0.0 ], [ 26.90038, 60.573209, 0.0 ], [ 26.900256, 60.573298, 0.0 ] ] ] ] } },
{ "type": "Feature", "properties": { "address": "H118" }, "geometry": { "type": "MultiPolygon", "coordinates": [ [ [ [ 26.900076, 60.573237, 0.0 ], [ 26.900256, 60.573298, 0.0 ], [ 26.90038, 60.573209, 0.0 ], [ 26.9002, 60.573148, 0.0 ], [ 26.900076, 60.573237, 0.0 ] ] ] ] } },
{ "type": "Feature", "properties": { "address": "H117" }, "geometry": { "type": "MultiPolygon", "coordinates": [ [ [ [ 26.899895, 60.573176, 0.0 ], [ 26.900076, 60.573237, 0.0 ], [ 26.9002, 60.573148, 0.0 ], [ 26.900019, 60.573087, 0.0 ], [ 26.899895, 60.573176, 0.0 ] ] ] ] } },
{ "type": "Feature", "properties": { "address": "H113" }, "geometry": { "type": "MultiPolygon", "coordinates": [ [ [ [ 26.899952, 60.573325, 0.0 ], [ 26.900132, 60.573386, 0.0 ], [ 26.900256, 60.573298, 0.0 ], [ 26.900076, 60.573237, 0.0 ], [ 26.899952, 60.573325, 0.0 ] ] ] ] } },
{ "type": "Feature", "properties": { "address": "H112" }, "geometry": { "type": "MultiPolygon", "coordinates": [ [ [ [ 26.899771, 60.573264, 0.0 ], [ 26.899952, 60.573325, 0.0 ], [ 26.900076, 60.573237, 0.0 ], [ 26.899895, 60.573176, 0.0 ], [ 26.899771, 60.573264, 0.0 ] ] ] ] } },
{ "type": "Feature", "properties": { "address": "H114" }, "geometry": { "type": "MultiPolygon", "coordinates": [ [ [ [ 26.900132, 60.573386, 0.0 ], [ 26.900312, 60.573447, 0.0 ], [ 26.900436, 60.573359, 0.0 ], [ 26.900256, 60.573298, 0.0 ], [ 26.900132, 60.573386, 0.0 ] ] ] ] } },
{ "type": "Feature", "properties": { "address": "H115" }, "geometry": { "type": "MultiPolygon", "coordinates": [ [ [ [ 26.900312, 60.573447, 0.0 ], [ 26.900493, 60.573508, 0.0 ], [ 26.900617, 60.57342, 0.0 ], [ 26.900436, 60.573359, 0.0 ], [ 26.900312, 60.573447, 0.0 ] ] ] ] } },
{ "type": "Feature", "properties": { "address": "H109" }, "geometry": { "type": "MultiPolygon", "coordinates": [ [ [ [ 26.899828, 60.573414, 0.0 ], [ 26.900008, 60.573475, 0.0 ], [ 26.900132, 60.573386, 0.0 ], [ 26.899952, 60.573325, 0.0 ], [ 26.899828, 60.573414, 0.0 ] ] ] ] } },
{ "type": "Feature", "properties": { "address": "H110" }, "geometry": { "type": "MultiPolygon", "coordinates": [ [ [ [ 26.900008, 60.573475, 0.0 ], [ 26.900189, 60.573536, 0.0 ], [ 26.900312, 60.573447, 0.0 ], [ 26.900132, 60.573386, 0.0 ], [ 26.900008, 60.573475, 0.0 ] ] ] ] } },
{ "type": "Feature", "properties": { "address": "H111" }, "geometry": { "type": "MultiPolygon", "coordinates": [ [ [ [ 26.900189, 60.573536, 0.0 ], [ 26.900369, 60.573597, 0.0 ], [ 26.900493, 60.573508, 0.0 ], [ 26.900312, 60.573447, 0.0 ], [ 26.900189, 60.573536, 0.0 ] ] ] ] } },
{ "type": "Feature", "properties": { "address": "H144" }, "geometry": { "type": "MultiPolygon", "coordinates": [ [ [ [ 26.900154, 60.57261, 0.0 ], [ 26.900335, 60.572671, 0.0 ], [ 26.900459, 60.572582, 0.0 ], [ 26.900278, 60.572521, 0.0 ], [ 26.900154, 60.57261, 0.0 ] ] ] ] } },
{ "type": "Feature", "properties": { "address": "H136" }, "geometry": { "type": "MultiPolygon", "coordinates": [ [ [ [ 26.90003, 60.572699, 0.0 ], [ 26.900211, 60.57276, 0.0 ], [ 26.900335, 60.572671, 0.0 ], [ 26.900154, 60.57261, 0.0 ], [ 26.90003, 60.572699, 0.0 ] ] ] ] } },
{ "type": "Feature", "properties": { "address": "H162" }, "geometry": { "type": "MultiPolygon", "coordinates": [ [ [ [ 26.900402, 60.572432, 0.0 ], [ 26.900582, 60.572493, 0.0 ], [ 26.900706, 60.572404, 0.0 ], [ 26.900526, 60.572344, 0.0 ], [ 26.900402, 60.572432, 0.0 ] ] ] ] } },
{ "type": "Feature", "properties": { "address": "H152" }, "geometry": { "type": "MultiPolygon", "coordinates": [ [ [ [ 26.900278, 60.572521, 0.0 ], [ 26.900459, 60.572582, 0.0 ], [ 26.900582, 60.572493, 0.0 ], [ 26.900402, 60.572432, 0.0 ], [ 26.900278, 60.572521, 0.0 ] ] ] ] } },
{ "type": "Feature", "properties": { "address": "H161" }, "geometry": { "type": "MultiPolygon", "coordinates": [ [ [ [ 26.900222, 60.572371, 0.0 ], [ 26.900402, 60.572432, 0.0 ], [ 26.900526, 60.572344, 0.0 ], [ 26.900346, 60.572283, 0.0 ], [ 26.900222, 60.572371, 0.0 ] ] ] ] } },
{ "type": "Feature", "properties": { "address": "H151" }, "geometry": { "type": "MultiPolygon", "coordinates": [ [ [ [ 26.900098, 60.57246, 0.0 ], [ 26.900278, 60.572521, 0.0 ], [ 26.900402, 60.572432, 0.0 ], [ 26.900222, 60.572371, 0.0 ], [ 26.900098, 60.57246, 0.0 ] ] ] ] } },
{ "type": "Feature", "properties": { "address": "H172" }, "geometry": { "type": "MultiPolygon", "coordinates": [ [ [ [ 26.900346, 60.572283, 0.0 ], [ 26.900526, 60.572344, 0.0 ], [ 26.90065, 60.572255, 0.0 ], [ 26.90047, 60.572194, 0.0 ], [ 26.900346, 60.572283, 0.0 ] ] ] ] } },
{ "type": "Feature", "properties": { "address": "H173" }, "geometry": { "type": "MultiPolygon", "coordinates": [ [ [ [ 26.900526, 60.572344, 0.0 ], [ 26.900706, 60.572404, 0.0 ], [ 26.90083, 60.572316, 0.0 ], [ 26.90065, 60.572255, 0.0 ], [ 26.900526, 60.572344, 0.0 ] ] ] ] } },
{ "type": "Feature", "properties": { "address": "H116" }, "geometry": { "type": "MultiPolygon", "coordinates": [ [ [ [ 26.899715, 60.573115, 0.0 ], [ 26.899895, 60.573176, 0.0 ], [ 26.900019, 60.573087, 0.0 ], [ 26.899839, 60.573026, 0.0 ], [ 26.899715, 60.573115, 0.0 ] ] ] ] } },
{ "type": "Feature", "properties": { "address": "H121" }, "geometry": { "type": "MultiPolygon", "coordinates": [ [ [ [ 26.900019, 60.573087, 0.0 ], [ 26.9002, 60.573148, 0.0 ], [ 26.900324, 60.573059, 0.0 ], [ 26.900143, 60.572998, 0.0 ], [ 26.900019, 60.573087, 0.0 ] ] ] ] } },
{ "type": "Feature", "properties": { "address": "H122" }, "geometry": { "type": "MultiPolygon", "coordinates": [ [ [ [ 26.9002, 60.573148, 0.0 ], [ 26.90038, 60.573209, 0.0 ], [ 26.900504, 60.57312, 0.0 ], [ 26.900324, 60.573059, 0.0 ], [ 26.9002, 60.573148, 0.0 ] ] ] ] } },
{ "type": "Feature", "properties": { "address": "H123" }, "geometry": { "type": "MultiPolygon", "coordinates": [ [ [ [ 26.90038, 60.573209, 0.0 ], [ 26.90056, 60.57327, 0.0 ], [ 26.900684, 60.573181, 0.0 ], [ 26.900504, 60.57312, 0.0 ], [ 26.90038, 60.573209, 0.0 ] ] ] ] } },
{ "type": "Feature", "properties": { "address": "H124" }, "geometry": { "type": "MultiPolygon", "coordinates": [ [ [ [ 26.90056, 60.57327, 0.0 ], [ 26.900741, 60.573331, 0.0 ], [ 26.900865, 60.573242, 0.0 ], [ 26.900684, 60.573181, 0.0 ], [ 26.90056, 60.57327, 0.0 ] ] ] ] } },
{ "type": "Feature", "properties": { "address": "H125" }, "geometry": { "type": "MultiPolygon", "coordinates": [ [ [ [ 26.900143, 60.572998, 0.0 ], [ 26.900324, 60.573059, 0.0 ], [ 26.900447, 60.57297, 0.0 ], [ 26.900267, 60.572909, 0.0 ], [ 26.900143, 60.572998, 0.0 ] ] ] ] } },
{ "type": "Feature", "properties": { "address": "H126" }, "geometry": { "type": "MultiPolygon", "coordinates": [ [ [ [ 26.900324, 60.573059, 0.0 ], [ 26.900504, 60.57312, 0.0 ], [ 26.900628, 60.573031, 0.0 ], [ 26.900447, 60.57297, 0.0 ], [ 26.900324, 60.573059, 0.0 ] ] ] ] } },
{ "type": "Feature", "properties": { "address": "H127" }, "geometry": { "type": "MultiPolygon", "coordinates": [ [ [ [ 26.900504, 60.57312, 0.0 ], [ 26.900684, 60.573181, 0.0 ], [ 26.900808, 60.573092, 0.0 ], [ 26.900628, 60.573031, 0.0 ], [ 26.900504, 60.57312, 0.0 ] ] ] ] } },
{ "type": "Feature", "properties": { "address": "H130" }, "geometry": { "type": "MultiPolygon", "coordinates": [ [ [ [ 26.900087, 60.572848, 0.0 ], [ 26.900267, 60.572909, 0.0 ], [ 26.900391, 60.572821, 0.0 ], [ 26.900211, 60.57276, 0.0 ], [ 26.900087, 60.572848, 0.0 ] ] ] ] } },
{ "type": "Feature", "properties": { "address": "H131" }, "geometry": { "type": "MultiPolygon", "coordinates": [ [ [ [ 26.900267, 60.572909, 0.0 ], [ 26.900447, 60.57297, 0.0 ], [ 26.900571, 60.572882, 0.0 ], [ 26.900391, 60.572821, 0.0 ], [ 26.900267, 60.572909, 0.0 ] ] ] ] } },
{ "type": "Feature", "properties": { "address": "H132" }, "geometry": { "type": "MultiPolygon", "coordinates": [ [ [ [ 26.900447, 60.57297, 0.0 ], [ 26.900628, 60.573031, 0.0 ], [ 26.900752, 60.572943, 0.0 ], [ 26.900571, 60.572882, 0.0 ], [ 26.900447, 60.57297, 0.0 ] ] ] ] } },
{ "type": "Feature", "properties": { "address": "H133" }, "geometry": { "type": "MultiPolygon", "coordinates": [ [ [ [ 26.900628, 60.573031, 0.0 ], [ 26.900808, 60.573092, 0.0 ], [ 26.900932, 60.573004, 0.0 ], [ 26.900752, 60.572943, 0.0 ], [ 26.900628, 60.573031, 0.0 ] ] ] ] } },
{ "type": "Feature", "properties": { "address": "H137" }, "geometry": { "type": "MultiPolygon", "coordinates": [ [ [ [ 26.900211, 60.57276, 0.0 ], [ 26.900391, 60.572821, 0.0 ], [ 26.900515, 60.572732, 0.0 ], [ 26.900335, 60.572671, 0.0 ], [ 26.900211, 60.57276, 0.0 ] ] ] ] } },
{ "type": "Feature", "properties": { "address": "H138" }, "geometry": { "type": "MultiPolygon", "coordinates": [ [ [ [ 26.900391, 60.572821, 0.0 ], [ 26.900571, 60.572882, 0.0 ], [ 26.900695, 60.572793, 0.0 ], [ 26.900515, 60.572732, 0.0 ], [ 26.900391, 60.572821, 0.0 ] ] ] ] } },
{ "type": "Feature", "properties": { "address": "H139" }, "geometry": { "type": "MultiPolygon", "coordinates": [ [ [ [ 26.900571, 60.572882, 0.0 ], [ 26.900752, 60.572943, 0.0 ], [ 26.900876, 60.572854, 0.0 ], [ 26.900695, 60.572793, 0.0 ], [ 26.900571, 60.572882, 0.0 ] ] ] ] } },
{ "type": "Feature", "properties": { "address": "H140" }, "geometry": { "type": "MultiPolygon", "coordinates": [ [ [ [ 26.900752, 60.572943, 0.0 ], [ 26.900932, 60.573004, 0.0 ], [ 26.901056, 60.572915, 0.0 ], [ 26.900876, 60.572854, 0.0 ], [ 26.900752, 60.572943, 0.0 ] ] ] ] } },
{ "type": "Feature", "properties": { "address": "H145" }, "geometry": { "type": "MultiPolygon", "coordinates": [ [ [ [ 26.900335, 60.572671, 0.0 ], [ 26.900515, 60.572732, 0.0 ], [ 26.900639, 60.572643, 0.0 ], [ 26.900459, 60.572582, 0.0 ], [ 26.900335, 60.572671, 0.0 ] ] ] ] } },
{ "type": "Feature", "properties": { "address": "H146" }, "geometry": { "type": "MultiPolygon", "coordinates": [ [ [ [ 26.900515, 60.572732, 0.0 ], [ 26.900695, 60.572793, 0.0 ], [ 26.900819, 60.572704, 0.0 ], [ 26.900639, 60.572643, 0.0 ], [ 26.900515, 60.572732, 0.0 ] ] ] ] } },
{ "type": "Feature", "properties": { "address": "H147" }, "geometry": { "type": "MultiPolygon", "coordinates": [ [ [ [ 26.900695, 60.572793, 0.0 ], [ 26.900876, 60.572854, 0.0 ], [ 26.901, 60.572765, 0.0 ], [ 26.900819, 60.572704, 0.0 ], [ 26.900695, 60.572793, 0.0 ] ] ] ] } },
{ "type": "Feature", "properties": { "address": "H148" }, "geometry": { "type": "MultiPolygon", "coordinates": [ [ [ [ 26.900876, 60.572854, 0.0 ], [ 26.901056, 60.572915, 0.0 ], [ 26.90118, 60.572826, 0.0 ], [ 26.901, 60.572765, 0.0 ], [ 26.900876, 60.572854, 0.0 ] ] ] ] } },
{ "type": "Feature", "properties": { "address": "H153" }, "geometry": { "type": "MultiPolygon", "coordinates": [ [ [ [ 26.900459, 60.572582, 0.0 ], [ 26.900639, 60.572643, 0.0 ], [ 26.900763, 60.572554, 0.0 ], [ 26.900582, 60.572493, 0.0 ], [ 26.900459, 60.572582, 0.0 ] ] ] ] } },
{ "type": "Feature", "properties": { "address": "H154" }, "geometry": { "type": "MultiPolygon", "coordinates": [ [ [ [ 26.900639, 60.572643, 0.0 ], [ 26.900819, 60.572704, 0.0 ], [ 26.900943, 60.572615, 0.0 ], [ 26.900763, 60.572554, 0.0 ], [ 26.900639, 60.572643, 0.0 ] ] ] ] } },
{ "type": "Feature", "properties": { "address": "H155" }, "geometry": { "type": "MultiPolygon", "coordinates": [ [ [ [ 26.900819, 60.572704, 0.0 ], [ 26.901, 60.572765, 0.0 ], [ 26.901124, 60.572676, 0.0 ], [ 26.900943, 60.572615, 0.0 ], [ 26.900819, 60.572704, 0.0 ] ] ] ] } },
{ "type": "Feature", "properties": { "address": "H156" }, "geometry": { "type": "MultiPolygon", "coordinates": [ [ [ [ 26.901, 60.572765, 0.0 ], [ 26.90118, 60.572826, 0.0 ], [ 26.901304, 60.572737, 0.0 ], [ 26.901124, 60.572676, 0.0 ], [ 26.901, 60.572765, 0.0 ] ] ] ] } },
{ "type": "Feature", "properties": { "address": "H163" }, "geometry": { "type": "MultiPolygon", "coordinates": [ [ [ [ 26.900582, 60.572493, 0.0 ], [ 26.900763, 60.572554, 0.0 ], [ 26.900887, 60.572465, 0.0 ], [ 26.900706, 60.572404, 0.0 ], [ 26.900582, 60.572493, 0.0 ] ] ] ] } },
{ "type": "Feature", "properties": { "address": "H164" }, "geometry": { "type": "MultiPolygon", "coordinates": [ [ [ [ 26.900763, 60.572554, 0.0 ], [ 26.900943, 60.572615, 0.0 ], [ 26.901067, 60.572526, 0.0 ], [ 26.900887, 60.572465, 0.0 ], [ 26.900763, 60.572554, 0.0 ] ] ] ] } },
{ "type": "Feature", "properties": { "address": "H165" }, "geometry": { "type": "MultiPolygon", "coordinates": [ [ [ [ 26.900943, 60.572615, 0.0 ], [ 26.901124, 60.572676, 0.0 ], [ 26.901248, 60.572587, 0.0 ], [ 26.901067, 60.572526, 0.0 ], [ 26.900943, 60.572615, 0.0 ] ] ] ] } },
{ "type": "Feature", "properties": { "address": "H166" }, "geometry": { "type": "MultiPolygon", "coordinates": [ [ [ [ 26.901124, 60.572676, 0.0 ], [ 26.901304, 60.572737, 0.0 ], [ 26.901428, 60.572648, 0.0 ], [ 26.901248, 60.572587, 0.0 ], [ 26.901124, 60.572676, 0.0 ] ] ] ] } },
{ "type": "Feature", "properties": { "address": "H174" }, "geometry": { "type": "MultiPolygon", "coordinates": [ [ [ [ 26.900706, 60.572404, 0.0 ], [ 26.900887, 60.572465, 0.0 ], [ 26.901011, 60.572377, 0.0 ], [ 26.90083, 60.572316, 0.0 ], [ 26.900706, 60.572404, 0.0 ] ] ] ] } },
{ "type": "Feature", "properties": { "address": "H175" }, "geometry": { "type": "MultiPolygon", "coordinates": [ [ [ [ 26.900887, 60.572465, 0.0 ], [ 26.901067, 60.572526, 0.0 ], [ 26.901191, 60.572438, 0.0 ], [ 26.901011, 60.572377, 0.0 ], [ 26.900887, 60.572465, 0.0 ] ] ] ] } },
{ "type": "Feature", "properties": { "address": "H176" }, "geometry": { "type": "MultiPolygon", "coordinates": [ [ [ [ 26.901067, 60.572526, 0.0 ], [ 26.901248, 60.572587, 0.0 ], [ 26.901371, 60.572499, 0.0 ], [ 26.901191, 60.572438, 0.0 ], [ 26.901067, 60.572526, 0.0 ] ] ] ] } },
{ "type": "Feature", "properties": { "address": "H177" }, "geometry": { "type": "MultiPolygon", "coordinates": [ [ [ [ 26.901248, 60.572587, 0.0 ], [ 26.901428, 60.572648, 0.0 ], [ 26.901552, 60.57256, 0.0 ], [ 26.901371, 60.572499, 0.0 ], [ 26.901248, 60.572587, 0.0 ] ] ] ] } },
{ "type": "Feature", "properties": { "address": "H282" }, "geometry": { "type": "MultiPolygon", "coordinates": [ [ [ [ 26.900667, 60.571357, 0.0 ], [ 26.900539, 60.571445, 0.0 ], [ 26.900716, 60.571508, 0.0 ], [ 26.900844, 60.57142, 0.0 ], [ 26.900667, 60.571357, 0.0 ] ] ] ] } },
{ "type": "Feature", "properties": { "address": "H260" }, "geometry": { "type": "MultiPolygon", "coordinates": [ [ [ [ 26.900716, 60.571508, 0.0 ], [ 26.900588, 60.571595, 0.0 ], [ 26.900766, 60.571658, 0.0 ], [ 26.900894, 60.571571, 0.0 ], [ 26.900716, 60.571508, 0.0 ] ] ] ] } },
{ "type": "Feature", "properties": { "address": "H259" }, "geometry": { "type": "MultiPolygon", "coordinates": [ [ [ [ 26.900539, 60.571445, 0.0 ], [ 26.900411, 60.571532, 0.0 ], [ 26.900588, 60.571595, 0.0 ], [ 26.900716, 60.571508, 0.0 ], [ 26.900539, 60.571445, 0.0 ] ] ] ] } },
{ "type": "Feature", "properties": { "address": "H236" }, "geometry": { "type": "MultiPolygon", "coordinates": [ [ [ [ 26.900411, 60.571532, 0.0 ], [ 26.900283, 60.57162, 0.0 ], [ 26.90046, 60.571683, 0.0 ], [ 26.900588, 60.571595, 0.0 ], [ 26.900411, 60.571532, 0.0 ] ] ] ] } },
{ "type": "Feature", "properties": { "address": "H217" }, "geometry": { "type": "MultiPolygon", "coordinates": [ [ [ [ 26.900283, 60.57162, 0.0 ], [ 26.900155, 60.571707, 0.0 ], [ 26.900332, 60.57177, 0.0 ], [ 26.90046, 60.571683, 0.0 ], [ 26.900283, 60.57162, 0.0 ] ] ] ] } },
{ "type": "Feature", "properties": { "address": "H198" }, "geometry": { "type": "MultiPolygon", "coordinates": [ [ [ [ 26.900155, 60.571707, 0.0 ], [ 26.900027, 60.571794, 0.0 ], [ 26.900204, 60.571857, 0.0 ], [ 26.900332, 60.57177, 0.0 ], [ 26.900155, 60.571707, 0.0 ] ] ] ] } },
{ "type": "Feature", "properties": { "address": "H179" }, "geometry": { "type": "MultiPolygon", "coordinates": [ [ [ [ 26.900027, 60.571794, 0.0 ], [ 26.899899, 60.571882, 0.0 ], [ 26.900076, 60.571945, 0.0 ], [ 26.900204, 60.571857, 0.0 ], [ 26.900027, 60.571794, 0.0 ] ] ] ] } },
{ "type": "Feature", "properties": { "address": "H283" }, "geometry": { "type": "MultiPolygon", "coordinates": [ [ [ [ 26.900844, 60.57142, 0.0 ], [ 26.900716, 60.571508, 0.0 ], [ 26.900894, 60.571571, 0.0 ], [ 26.901022, 60.571483, 0.0 ], [ 26.900844, 60.57142, 0.0 ] ] ] ] } },
{ "type": "Feature", "properties": { "address": "H218" }, "geometry": { "type": "MultiPolygon", "coordinates": [ [ [ [ 26.90046, 60.571683, 0.0 ], [ 26.900332, 60.57177, 0.0 ], [ 26.90051, 60.571833, 0.0 ], [ 26.900638, 60.571746, 0.0 ], [ 26.90046, 60.571683, 0.0 ] ] ] ] } },
{ "type": "Feature", "properties": { "address": "H237" }, "geometry": { "type": "MultiPolygon", "coordinates": [ [ [ [ 26.900588, 60.571595, 0.0 ], [ 26.90046, 60.571683, 0.0 ], [ 26.900638, 60.571746, 0.0 ], [ 26.900766, 60.571658, 0.0 ], [ 26.900588, 60.571595, 0.0 ] ] ] ] } },
{ "type": "Feature", "properties": { "address": "H199" }, "geometry": { "type": "MultiPolygon", "coordinates": [ [ [ [ 26.900332, 60.57177, 0.0 ], [ 26.900204, 60.571857, 0.0 ], [ 26.900382, 60.57192, 0.0 ], [ 26.90051, 60.571833, 0.0 ], [ 26.900332, 60.57177, 0.0 ] ] ] ] } },
{ "type": "Feature", "properties": { "address": "H180" }, "geometry": { "type": "MultiPolygon", "coordinates": [ [ [ [ 26.900204, 60.571857, 0.0 ], [ 26.900076, 60.571945, 0.0 ], [ 26.900254, 60.572008, 0.0 ], [ 26.900382, 60.57192, 0.0 ], [ 26.900204, 60.571857, 0.0 ] ] ] ] } },
{ "type": "Feature", "properties": { "address": "H284" }, "geometry": { "type": "MultiPolygon", "coordinates": [ [ [ [ 26.901377, 60.571609, 0.0 ], [ 26.901249, 60.571697, 0.0 ], [ 26.901426, 60.57176, 0.0 ], [ 26.901554, 60.571672, 0.0 ], [ 26.901377, 60.571609, 0.0 ] ] ] ] } },
{ "type": "Feature", "properties": { "address": "H285" }, "geometry": { "type": "MultiPolygon", "coordinates": [ [ [ [ 26.901554, 60.571672, 0.0 ], [ 26.901426, 60.57176, 0.0 ], [ 26.901604, 60.571823, 0.0 ], [ 26.901732, 60.571735, 0.0 ], [ 26.901554, 60.571672, 0.0 ] ] ] ] } },
{ "type": "Feature", "properties": { "address": "H264" }, "geometry": { "type": "MultiPolygon", "coordinates": [ [ [ [ 26.901426, 60.57176, 0.0 ], [ 26.901298, 60.571847, 0.0 ], [ 26.901476, 60.57191, 0.0 ], [ 26.901604, 60.571823, 0.0 ], [ 26.901426, 60.57176, 0.0 ] ] ] ] } },
{ "type": "Feature", "properties": { "address": "H241" }, "geometry": { "type": "MultiPolygon", "coordinates": [ [ [ [ 26.901298, 60.571847, 0.0 ], [ 26.90117, 60.571934, 0.0 ], [ 26.901348, 60.571997, 0.0 ], [ 26.901476, 60.57191, 0.0 ], [ 26.901298, 60.571847, 0.0 ] ] ] ] } },
{ "type": "Feature", "properties": { "address": "H286" }, "geometry": { "type": "MultiPolygon", "coordinates": [ [ [ [ 26.901732, 60.571735, 0.0 ], [ 26.901604, 60.571823, 0.0 ], [ 26.901781, 60.571886, 0.0 ], [ 26.901909, 60.571798, 0.0 ], [ 26.901732, 60.571735, 0.0 ] ] ] ] } },
{ "type": "Feature", "properties": { "address": "H265" }, "geometry": { "type": "MultiPolygon", "coordinates": [ [ [ [ 26.901604, 60.571823, 0.0 ], [ 26.901476, 60.57191, 0.0 ], [ 26.901653, 60.571973, 0.0 ], [ 26.901781, 60.571886, 0.0 ], [ 26.901604, 60.571823, 0.0 ] ] ] ] } },
{ "type": "Feature", "properties": { "address": "H242" }, "geometry": { "type": "MultiPolygon", "coordinates": [ [ [ [ 26.901476, 60.57191, 0.0 ], [ 26.901348, 60.571997, 0.0 ], [ 26.901525, 60.57206, 0.0 ], [ 26.901653, 60.571973, 0.0 ], [ 26.901476, 60.57191, 0.0 ] ] ] ] } },
{ "type": "Feature", "properties": { "address": "H223" }, "geometry": { "type": "MultiPolygon", "coordinates": [ [ [ [ 26.901348, 60.571997, 0.0 ], [ 26.90122, 60.572085, 0.0 ], [ 26.901398, 60.572148, 0.0 ], [ 26.901525, 60.57206, 0.0 ], [ 26.901348, 60.571997, 0.0 ] ] ] ] } },
{ "type": "Feature", "properties": { "address": "H287" }, "geometry": { "type": "MultiPolygon", "coordinates": [ [ [ [ 26.902087, 60.571861, 0.0 ], [ 26.901959, 60.571949, 0.0 ], [ 26.902136, 60.572012, 0.0 ], [ 26.902264, 60.571924, 0.0 ], [ 26.902087, 60.571861, 0.0 ] ] ] ] } },
{ "type": "Feature", "properties": { "address": "H266" }, "geometry": { "type": "MultiPolygon", "coordinates": [ [ [ [ 26.901959, 60.571949, 0.0 ], [ 26.901831, 60.572036, 0.0 ], [ 26.902008, 60.572099, 0.0 ], [ 26.902136, 60.572012, 0.0 ], [ 26.901959, 60.571949, 0.0 ] ] ] ] } },
{ "type": "Feature", "properties": { "address": "H267" }, "geometry": { "type": "MultiPolygon", "coordinates": [ [ [ [ 26.902136, 60.572012, 0.0 ], [ 26.902008, 60.572099, 0.0 ], [ 26.902186, 60.572162, 0.0 ], [ 26.902314, 60.572075, 0.0 ], [ 26.902136, 60.572012, 0.0 ] ] ] ] } },
{ "type": "Feature", "properties": { "address": "H288" }, "geometry": { "type": "MultiPolygon", "coordinates": [ [ [ [ 26.902264, 60.571924, 0.0 ], [ 26.902136, 60.572012, 0.0 ], [ 26.902314, 60.572075, 0.0 ], [ 26.902442, 60.571987, 0.0 ], [ 26.902264, 60.571924, 0.0 ] ] ] ] } },
{ "type": "Feature", "properties": { "address": "H244" }, "geometry": { "type": "MultiPolygon", "coordinates": [ [ [ [ 26.902008, 60.572099, 0.0 ], [ 26.901881, 60.572186, 0.0 ], [ 26.902058, 60.572249, 0.0 ], [ 26.902186, 60.572162, 0.0 ], [ 26.902008, 60.572099, 0.0 ] ] ] ] } },
{ "type": "Feature", "properties": { "address": "H224" }, "geometry": { "type": "MultiPolygon", "coordinates": [ [ [ [ 26.901881, 60.572186, 0.0 ], [ 26.901753, 60.572274, 0.0 ], [ 26.90193, 60.572337, 0.0 ], [ 26.902058, 60.572249, 0.0 ], [ 26.901881, 60.572186, 0.0 ] ] ] ] } },
{ "type": "Feature", "properties": { "address": "H187" }, "geometry": { "type": "MultiPolygon", "coordinates": [ [ [ [ 26.901447, 60.572298, 0.0 ], [ 26.901319, 60.572385, 0.0 ], [ 26.901497, 60.572448, 0.0 ], [ 26.901625, 60.572361, 0.0 ], [ 26.901447, 60.572298, 0.0 ] ] ] ] } },
{ "type": "Feature", "properties": { "address": "H186" }, "geometry": { "type": "MultiPolygon", "coordinates": [ [ [ [ 26.90127, 60.572235, 0.0 ], [ 26.901142, 60.572322, 0.0 ], [ 26.901319, 60.572385, 0.0 ], [ 26.901447, 60.572298, 0.0 ], [ 26.90127, 60.572235, 0.0 ] ] ] ] } },
{ "type": "Feature", "properties": { "address": "H205" }, "geometry": { "type": "MultiPolygon", "coordinates": [ [ [ [ 26.901398, 60.572148, 0.0 ], [ 26.90127, 60.572235, 0.0 ], [ 26.901447, 60.572298, 0.0 ], [ 26.901575, 60.572211, 0.0 ], [ 26.901398, 60.572148, 0.0 ] ] ] ] } },
{ "type": "Feature", "properties": { "address": "H185" }, "geometry": { "type": "MultiPolygon", "coordinates": [ [ [ [ 26.901092, 60.572172, 0.0 ], [ 26.900964, 60.57226, 0.0 ], [ 26.901142, 60.572322, 0.0 ], [ 26.90127, 60.572235, 0.0 ], [ 26.901092, 60.572172, 0.0 ] ] ] ] } },
{ "type": "Feature", "properties": { "address": "H204" }, "geometry": { "type": "MultiPolygon", "coordinates": [ [ [ [ 26.90122, 60.572085, 0.0 ], [ 26.901092, 60.572172, 0.0 ], [ 26.90127, 60.572235, 0.0 ], [ 26.901398, 60.572148, 0.0 ], [ 26.90122, 60.572085, 0.0 ] ] ] ] } },
{ "type": "Feature", "properties": { "address": "H222" }, "geometry": { "type": "MultiPolygon", "coordinates": [ [ [ [ 26.90117, 60.571934, 0.0 ], [ 26.901042, 60.572022, 0.0 ], [ 26.90122, 60.572085, 0.0 ], [ 26.901348, 60.571997, 0.0 ], [ 26.90117, 60.571934, 0.0 ] ] ] ] } },
{ "type": "Feature", "properties": { "address": "H203" }, "geometry": { "type": "MultiPolygon", "coordinates": [ [ [ [ 26.901042, 60.572022, 0.0 ], [ 26.900914, 60.572109, 0.0 ], [ 26.901092, 60.572172, 0.0 ], [ 26.90122, 60.572085, 0.0 ], [ 26.901042, 60.572022, 0.0 ] ] ] ] } },
{ "type": "Feature", "properties": { "address": "H184" }, "geometry": { "type": "MultiPolygon", "coordinates": [ [ [ [ 26.900914, 60.572109, 0.0 ], [ 26.900787, 60.572197, 0.0 ], [ 26.900964, 60.57226, 0.0 ], [ 26.901092, 60.572172, 0.0 ], [ 26.900914, 60.572109, 0.0 ] ] ] ] } },
{ "type": "Feature", "properties": { "address": "H183" }, "geometry": { "type": "MultiPolygon", "coordinates": [ [ [ [ 26.900737, 60.572046, 0.0 ], [ 26.900609, 60.572134, 0.0 ], [ 26.900787, 60.572197, 0.0 ], [ 26.900914, 60.572109, 0.0 ], [ 26.900737, 60.572046, 0.0 ] ] ] ] } },
{ "type": "Feature", "properties": { "address": "H202" }, "geometry": { "type": "MultiPolygon", "coordinates": [ [ [ [ 26.900865, 60.571959, 0.0 ], [ 26.900737, 60.572046, 0.0 ], [ 26.900914, 60.572109, 0.0 ], [ 26.901042, 60.572022, 0.0 ], [ 26.900865, 60.571959, 0.0 ] ] ] ] } },
{ "type": "Feature", "properties": { "address": "H221" }, "geometry": { "type": "MultiPolygon", "coordinates": [ [ [ [ 26.900993, 60.571871, 0.0 ], [ 26.900865, 60.571959, 0.0 ], [ 26.901042, 60.572022, 0.0 ], [ 26.90117, 60.571934, 0.0 ], [ 26.900993, 60.571871, 0.0 ] ] ] ] } },
{ "type": "Feature", "properties": { "address": "H240" }, "geometry": { "type": "MultiPolygon", "coordinates": [ [ [ [ 26.901121, 60.571784, 0.0 ], [ 26.900993, 60.571871, 0.0 ], [ 26.90117, 60.571934, 0.0 ], [ 26.901298, 60.571847, 0.0 ], [ 26.901121, 60.571784, 0.0 ] ] ] ] } },
{ "type": "Feature", "properties": { "address": "H263" }, "geometry": { "type": "MultiPolygon", "coordinates": [ [ [ [ 26.901249, 60.571697, 0.0 ], [ 26.901121, 60.571784, 0.0 ], [ 26.901298, 60.571847, 0.0 ], [ 26.901426, 60.57176, 0.0 ], [ 26.901249, 60.571697, 0.0 ] ] ] ] } },
{ "type": "Feature", "properties": { "address": "H262" }, "geometry": { "type": "MultiPolygon", "coordinates": [ [ [ [ 26.901071, 60.571634, 0.0 ], [ 26.900943, 60.571721, 0.0 ], [ 26.901121, 60.571784, 0.0 ], [ 26.901249, 60.571697, 0.0 ], [ 26.901071, 60.571634, 0.0 ] ] ] ] } },
{ "type": "Feature", "properties": { "address": "H239" }, "geometry": { "type": "MultiPolygon", "coordinates": [ [ [ [ 26.900943, 60.571721, 0.0 ], [ 26.900815, 60.571808, 0.0 ], [ 26.900993, 60.571871, 0.0 ], [ 26.901121, 60.571784, 0.0 ], [ 26.900943, 60.571721, 0.0 ] ] ] ] } },
{ "type": "Feature", "properties": { "address": "H220" }, "geometry": { "type": "MultiPolygon", "coordinates": [ [ [ [ 26.900815, 60.571808, 0.0 ], [ 26.900687, 60.571896, 0.0 ], [ 26.900865, 60.571959, 0.0 ], [ 26.900993, 60.571871, 0.0 ], [ 26.900815, 60.571808, 0.0 ] ] ] ] } },
{ "type": "Feature", "properties": { "address": "H201" }, "geometry": { "type": "MultiPolygon", "coordinates": [ [ [ [ 26.900687, 60.571896, 0.0 ], [ 26.900559, 60.571983, 0.0 ], [ 26.900737, 60.572046, 0.0 ], [ 26.900865, 60.571959, 0.0 ], [ 26.900687, 60.571896, 0.0 ] ] ] ] } },
{ "type": "Feature", "properties": { "address": "H182" }, "geometry": { "type": "MultiPolygon", "coordinates": [ [ [ [ 26.900559, 60.571983, 0.0 ], [ 26.900431, 60.572071, 0.0 ], [ 26.900609, 60.572134, 0.0 ], [ 26.900737, 60.572046, 0.0 ], [ 26.900559, 60.571983, 0.0 ] ] ] ] } },
{ "type": "Feature", "properties": { "address": "H261" }, "geometry": { "type": "MultiPolygon", "coordinates": [ [ [ [ 26.900894, 60.571571, 0.0 ], [ 26.900766, 60.571658, 0.0 ], [ 26.900943, 60.571721, 0.0 ], [ 26.901071, 60.571634, 0.0 ], [ 26.900894, 60.571571, 0.0 ] ] ] ] } },
{ "type": "Feature", "properties": { "address": "H238" }, "geometry": { "type": "MultiPolygon", "coordinates": [ [ [ [ 26.900766, 60.571658, 0.0 ], [ 26.900638, 60.571746, 0.0 ], [ 26.900815, 60.571808, 0.0 ], [ 26.900943, 60.571721, 0.0 ], [ 26.900766, 60.571658, 0.0 ] ] ] ] } },
{ "type": "Feature", "properties": { "address": "H219" }, "geometry": { "type": "MultiPolygon", "coordinates": [ [ [ [ 26.900638, 60.571746, 0.0 ], [ 26.90051, 60.571833, 0.0 ], [ 26.900687, 60.571896, 0.0 ], [ 26.900815, 60.571808, 0.0 ], [ 26.900638, 60.571746, 0.0 ] ] ] ] } },
{ "type": "Feature", "properties": { "address": "H200" }, "geometry": { "type": "MultiPolygon", "coordinates": [ [ [ [ 26.90051, 60.571833, 0.0 ], [ 26.900382, 60.57192, 0.0 ], [ 26.900559, 60.571983, 0.0 ], [ 26.900687, 60.571896, 0.0 ], [ 26.90051, 60.571833, 0.0 ] ] ] ] } },
{ "type": "Feature", "properties": { "address": "H181" }, "geometry": { "type": "MultiPolygon", "coordinates": [ [ [ [ 26.900382, 60.57192, 0.0 ], [ 26.900254, 60.572008, 0.0 ], [ 26.900431, 60.572071, 0.0 ], [ 26.900559, 60.571983, 0.0 ], [ 26.900382, 60.57192, 0.0 ] ] ] ] } },
{ "type": "Feature", "properties": { "address": "H336" }, "geometry": { "type": "MultiPolygon", "coordinates": [ [ [ [ 26.900026, 60.570785, 0.0 ], [ 26.9002, 60.570851, 0.0 ], [ 26.900333, 60.570766, 0.0 ], [ 26.90016, 60.5707, 0.0 ], [ 26.900026, 60.570785, 0.0 ] ] ] ] } },
{ "type": "Feature", "properties": { "address": "H338" }, "geometry": { "type": "MultiPolygon", "coordinates": [ [ [ [ 26.899641, 60.570502, 0.0 ], [ 26.899814, 60.570568, 0.0 ], [ 26.899948, 60.570483, 0.0 ], [ 26.899774, 60.570417, 0.0 ], [ 26.899641, 60.570502, 0.0 ] ] ] ] } },
{ "type": "Feature", "properties": { "address": "H339" }, "geometry": { "type": "MultiPolygon", "coordinates": [ [ [ [ 26.899814, 60.570568, 0.0 ], [ 26.899987, 60.570634, 0.0 ], [ 26.900121, 60.570549, 0.0 ], [ 26.899948, 60.570483, 0.0 ], [ 26.899814, 60.570568, 0.0 ] ] ] ] } },
{ "type": "Feature", "properties": { "address": "H340" }, "geometry": { "type": "MultiPolygon", "coordinates": [ [ [ [ 26.899987, 60.570634, 0.0 ], [ 26.90016, 60.5707, 0.0 ], [ 26.900294, 60.570615, 0.0 ], [ 26.900121, 60.570549, 0.0 ], [ 26.899987, 60.570634, 0.0 ] ] ] ] } },
{ "type": "Feature", "properties": { "address": "H341" }, "geometry": { "type": "MultiPolygon", "coordinates": [ [ [ [ 26.90016, 60.5707, 0.0 ], [ 26.900333, 60.570766, 0.0 ], [ 26.900467, 60.57068, 0.0 ], [ 26.900294, 60.570615, 0.0 ], [ 26.90016, 60.5707, 0.0 ] ] ] ] } },
{ "type": "Feature", "properties": { "address": "H342" }, "geometry": { "type": "MultiPolygon", "coordinates": [ [ [ [ 26.900333, 60.570766, 0.0 ], [ 26.900507, 60.570831, 0.0 ], [ 26.90064, 60.570746, 0.0 ], [ 26.900467, 60.57068, 0.0 ], [ 26.900333, 60.570766, 0.0 ] ] ] ] } },
{ "type": "Feature", "properties": { "address": "H344" }, "geometry": { "type": "MultiPolygon", "coordinates": [ [ [ [ 26.899774, 60.570417, 0.0 ], [ 26.899948, 60.570483, 0.0 ], [ 26.900081, 60.570398, 0.0 ], [ 26.899908, 60.570332, 0.0 ], [ 26.899774, 60.570417, 0.0 ] ] ] ] } },
{ "type": "Feature", "properties": { "address": "H345" }, "geometry": { "type": "MultiPolygon", "coordinates": [ [ [ [ 26.899948, 60.570483, 0.0 ], [ 26.900121, 60.570549, 0.0 ], [ 26.900255, 60.570463, 0.0 ], [ 26.900081, 60.570398, 0.0 ], [ 26.899948, 60.570483, 0.0 ] ] ] ] } },
{ "type": "Feature", "properties": { "address": "H346" }, "geometry": { "type": "MultiPolygon", "coordinates": [ [ [ [ 26.900121, 60.570549, 0.0 ], [ 26.900294, 60.570615, 0.0 ], [ 26.900428, 60.570529, 0.0 ], [ 26.900255, 60.570463, 0.0 ], [ 26.900121, 60.570549, 0.0 ] ] ] ] } },
{ "type": "Feature", "properties": { "address": "H347" }, "geometry": { "type": "MultiPolygon", "coordinates": [ [ [ [ 26.900294, 60.570615, 0.0 ], [ 26.900467, 60.57068, 0.0 ], [ 26.900601, 60.570595, 0.0 ], [ 26.900428, 60.570529, 0.0 ], [ 26.900294, 60.570615, 0.0 ] ] ] ] } },
{ "type": "Feature", "properties": { "address": "H348" }, "geometry": { "type": "MultiPolygon", "coordinates": [ [ [ [ 26.900467, 60.57068, 0.0 ], [ 26.90064, 60.570746, 0.0 ], [ 26.900774, 60.570661, 0.0 ], [ 26.900601, 60.570595, 0.0 ], [ 26.900467, 60.57068, 0.0 ] ] ] ] } },
{ "type": "Feature", "properties": { "address": "H353" }, "geometry": { "type": "MultiPolygon", "coordinates": [ [ [ [ 26.899908, 60.570332, 0.0 ], [ 26.900081, 60.570398, 0.0 ], [ 26.900215, 60.570312, 0.0 ], [ 26.900042, 60.570247, 0.0 ], [ 26.899908, 60.570332, 0.0 ] ] ] ] } },
{ "type": "Feature", "properties": { "address": "H354" }, "geometry": { "type": "MultiPolygon", "coordinates": [ [ [ [ 26.900081, 60.570398, 0.0 ], [ 26.900255, 60.570463, 0.0 ], [ 26.900388, 60.570378, 0.0 ], [ 26.900215, 60.570312, 0.0 ], [ 26.900081, 60.570398, 0.0 ] ] ] ] } },
{ "type": "Feature", "properties": { "address": "H355" }, "geometry": { "type": "MultiPolygon", "coordinates": [ [ [ [ 26.900255, 60.570463, 0.0 ], [ 26.900428, 60.570529, 0.0 ], [ 26.900561, 60.570444, 0.0 ], [ 26.900388, 60.570378, 0.0 ], [ 26.900255, 60.570463, 0.0 ] ] ] ] } },
{ "type": "Feature", "properties": { "address": "H356" }, "geometry": { "type": "MultiPolygon", "coordinates": [ [ [ [ 26.900428, 60.570529, 0.0 ], [ 26.900601, 60.570595, 0.0 ], [ 26.900735, 60.57051, 0.0 ], [ 26.900561, 60.570444, 0.0 ], [ 26.900428, 60.570529, 0.0 ] ] ] ] } },
{ "type": "Feature", "properties": { "address": "H357" }, "geometry": { "type": "MultiPolygon", "coordinates": [ [ [ [ 26.900601, 60.570595, 0.0 ], [ 26.900774, 60.570661, 0.0 ], [ 26.900908, 60.570576, 0.0 ], [ 26.900735, 60.57051, 0.0 ], [ 26.900601, 60.570595, 0.0 ] ] ] ] } },
{ "type": "Feature", "properties": { "address": "H362" }, "geometry": { "type": "MultiPolygon", "coordinates": [ [ [ [ 26.900042, 60.570247, 0.0 ], [ 26.900215, 60.570312, 0.0 ], [ 26.900349, 60.570227, 0.0 ], [ 26.900176, 60.570161, 0.0 ], [ 26.900042, 60.570247, 0.0 ] ] ] ] } },
{ "type": "Feature", "properties": { "address": "H363" }, "geometry": { "type": "MultiPolygon", "coordinates": [ [ [ [ 26.900215, 60.570312, 0.0 ], [ 26.900388, 60.570378, 0.0 ], [ 26.900522, 60.570293, 0.0 ], [ 26.900349, 60.570227, 0.0 ], [ 26.900215, 60.570312, 0.0 ] ] ] ] } },
{ "type": "Feature", "properties": { "address": "H364" }, "geometry": { "type": "MultiPolygon", "coordinates": [ [ [ [ 26.900388, 60.570378, 0.0 ], [ 26.900561, 60.570444, 0.0 ], [ 26.900695, 60.570359, 0.0 ], [ 26.900522, 60.570293, 0.0 ], [ 26.900388, 60.570378, 0.0 ] ] ] ] } },
{ "type": "Feature", "properties": { "address": "H365" }, "geometry": { "type": "MultiPolygon", "coordinates": [ [ [ [ 26.900561, 60.570444, 0.0 ], [ 26.900735, 60.57051, 0.0 ], [ 26.900868, 60.570425, 0.0 ], [ 26.900695, 60.570359, 0.0 ], [ 26.900561, 60.570444, 0.0 ] ] ] ] } },
{ "type": "Feature", "properties": { "address": "H366" }, "geometry": { "type": "MultiPolygon", "coordinates": [ [ [ [ 26.900735, 60.57051, 0.0 ], [ 26.900908, 60.570576, 0.0 ], [ 26.901042, 60.57049, 0.0 ], [ 26.900868, 60.570425, 0.0 ], [ 26.900735, 60.57051, 0.0 ] ] ] ] } },
{ "type": "Feature", "properties": { "address": "H372" }, "geometry": { "type": "MultiPolygon", "coordinates": [ [ [ [ 26.900176, 60.570161, 0.0 ], [ 26.900349, 60.570227, 0.0 ], [ 26.900483, 60.570142, 0.0 ], [ 26.900309, 60.570076, 0.0 ], [ 26.900176, 60.570161, 0.0 ] ] ] ] } },
{ "type": "Feature", "properties": { "address": "H178" }, "geometry": { "type": "MultiPolygon", "coordinates": [ [ [ [ 26.899654, 60.571793, 0.0 ], [ 26.899833, 60.571855, 0.0 ], [ 26.89996, 60.571767, 0.0 ], [ 26.899781, 60.571705, 0.0 ], [ 26.899654, 60.571793, 0.0 ] ] ] ] } },
{ "type": "Feature", "properties": { "address": "H196" }, "geometry": { "type": "MultiPolygon", "coordinates": [ [ [ [ 26.899603, 60.571642, 0.0 ], [ 26.899781, 60.571705, 0.0 ], [ 26.899908, 60.571617, 0.0 ], [ 26.89973, 60.571555, 0.0 ], [ 26.899603, 60.571642, 0.0 ] ] ] ] } },
{ "type": "Feature", "properties": { "address": "H197" }, "geometry": { "type": "MultiPolygon", "coordinates": [ [ [ [ 26.899781, 60.571705, 0.0 ], [ 26.89996, 60.571767, 0.0 ], [ 26.900086, 60.571679, 0.0 ], [ 26.899908, 60.571617, 0.0 ], [ 26.899781, 60.571705, 0.0 ] ] ] ] } },
{ "type": "Feature", "properties": { "address": "H216" }, "geometry": { "type": "MultiPolygon", "coordinates": [ [ [ [ 26.899908, 60.571617, 0.0 ], [ 26.900086, 60.571679, 0.0 ], [ 26.900213, 60.571592, 0.0 ], [ 26.900035, 60.571529, 0.0 ], [ 26.899908, 60.571617, 0.0 ] ] ] ] } },
{ "type": "Feature", "properties": { "address": "H215" }, "geometry": { "type": "MultiPolygon", "coordinates": [ [ [ [ 26.89973, 60.571555, 0.0 ], [ 26.899908, 60.571617, 0.0 ], [ 26.900035, 60.571529, 0.0 ], [ 26.899856, 60.571467, 0.0 ], [ 26.89973, 60.571555, 0.0 ] ] ] ] } },
{ "type": "Feature", "properties": { "address": "H235" }, "geometry": { "type": "MultiPolygon", "coordinates": [ [ [ [ 26.900035, 60.571529, 0.0 ], [ 26.900213, 60.571592, 0.0 ], [ 26.90034, 60.571504, 0.0 ], [ 26.900161, 60.571441, 0.0 ], [ 26.900035, 60.571529, 0.0 ] ] ] ] } },
{ "type": "Feature", "properties": { "address": "H234" }, "geometry": { "type": "MultiPolygon", "coordinates": [ [ [ [ 26.899856, 60.571467, 0.0 ], [ 26.900035, 60.571529, 0.0 ], [ 26.900161, 60.571441, 0.0 ], [ 26.899983, 60.571379, 0.0 ], [ 26.899856, 60.571467, 0.0 ] ] ] ] } },
{ "type": "Feature", "properties": { "address": "H258" }, "geometry": { "type": "MultiPolygon", "coordinates": [ [ [ [ 26.900161, 60.571441, 0.0 ], [ 26.90034, 60.571504, 0.0 ], [ 26.900467, 60.571416, 0.0 ], [ 26.900288, 60.571354, 0.0 ], [ 26.900161, 60.571441, 0.0 ] ] ] ] } },
{ "type": "Feature", "properties": { "address": "H257" }, "geometry": { "type": "MultiPolygon", "coordinates": [ [ [ [ 26.899983, 60.571379, 0.0 ], [ 26.900161, 60.571441, 0.0 ], [ 26.900288, 60.571354, 0.0 ], [ 26.90011, 60.571291, 0.0 ], [ 26.899983, 60.571379, 0.0 ] ] ] ] } },
{ "type": "Feature", "properties": { "address": "H281" }, "geometry": { "type": "MultiPolygon", "coordinates": [ [ [ [ 26.900288, 60.571354, 0.0 ], [ 26.900467, 60.571416, 0.0 ], [ 26.900593, 60.571328, 0.0 ], [ 26.900415, 60.571266, 0.0 ], [ 26.900288, 60.571354, 0.0 ] ] ] ] } },
{ "type": "Feature", "properties": { "address": "H280" }, "geometry": { "type": "MultiPolygon", "coordinates": [ [ [ [ 26.90011, 60.571291, 0.0 ], [ 26.900288, 60.571354, 0.0 ], [ 26.900415, 60.571266, 0.0 ], [ 26.900237, 60.571204, 0.0 ], [ 26.90011, 60.571291, 0.0 ] ] ] ] } },
{ "type": "Feature", "properties": { "address": "H214" }, "geometry": { "type": "MultiPolygon", "coordinates": [ [ [ [ 26.899551, 60.571492, 0.0 ], [ 26.89973, 60.571555, 0.0 ], [ 26.899856, 60.571467, 0.0 ], [ 26.899678, 60.571405, 0.0 ], [ 26.899551, 60.571492, 0.0 ] ] ] ] } },
{ "type": "Feature", "properties": { "address": "H233" }, "geometry": { "type": "MultiPolygon", "coordinates": [ [ [ [ 26.899678, 60.571405, 0.0 ], [ 26.899856, 60.571467, 0.0 ], [ 26.899983, 60.571379, 0.0 ], [ 26.899805, 60.571317, 0.0 ], [ 26.899678, 60.571405, 0.0 ] ] ] ] } },
{ "type": "Feature", "properties": { "address": "H256" }, "geometry": { "type": "MultiPolygon", "coordinates": [ [ [ [ 26.899805, 60.571317, 0.0 ], [ 26.899983, 60.571379, 0.0 ], [ 26.90011, 60.571291, 0.0 ], [ 26.899931, 60.571229, 0.0 ], [ 26.899805, 60.571317, 0.0 ] ] ] ] } },
{ "type": "Feature", "properties": { "address": "H279" }, "geometry": { "type": "MultiPolygon", "coordinates": [ [ [ [ 26.899931, 60.571229, 0.0 ], [ 26.90011, 60.571291, 0.0 ], [ 26.900237, 60.571204, 0.0 ], [ 26.900058, 60.571141, 0.0 ], [ 26.899931, 60.571229, 0.0 ] ] ] ] } },
{ "type": "Feature", "properties": { "address": "H232" }, "geometry": { "type": "MultiPolygon", "coordinates": [ [ [ [ 26.8995, 60.571342, 0.0 ], [ 26.899678, 60.571405, 0.0 ], [ 26.899805, 60.571317, 0.0 ], [ 26.899626, 60.571254, 0.0 ], [ 26.8995, 60.571342, 0.0 ] ] ] ] } },
{ "type": "Feature", "properties": { "address": "H255" }, "geometry": { "type": "MultiPolygon", "coordinates": [ [ [ [ 26.899626, 60.571254, 0.0 ], [ 26.899805, 60.571317, 0.0 ], [ 26.899931, 60.571229, 0.0 ], [ 26.899753, 60.571167, 0.0 ], [ 26.899626, 60.571254, 0.0 ] ] ] ] } },
{ "type": "Feature", "properties": { "address": "H278" }, "geometry": { "type": "MultiPolygon", "coordinates": [ [ [ [ 26.899753, 60.571167, 0.0 ], [ 26.899931, 60.571229, 0.0 ], [ 26.900058, 60.571141, 0.0 ], [ 26.89988, 60.571079, 0.0 ], [ 26.899753, 60.571167, 0.0 ] ] ] ] } },
{ "type": "Feature", "properties": { "address": "H254" }, "geometry": { "type": "MultiPolygon", "coordinates": [ [ [ [ 26.899448, 60.571192, 0.0 ], [ 26.899626, 60.571254, 0.0 ], [ 26.899753, 60.571167, 0.0 ], [ 26.899575, 60.571104, 0.0 ], [ 26.899448, 60.571192, 0.0 ] ] ] ] } },
{ "type": "Feature", "properties": { "address": "H277" }, "geometry": { "type": "MultiPolygon", "coordinates": [ [ [ [ 26.899575, 60.571104, 0.0 ], [ 26.899753, 60.571167, 0.0 ], [ 26.89988, 60.571079, 0.0 ], [ 26.899701, 60.571016, 0.0 ], [ 26.899575, 60.571104, 0.0 ] ] ] ] } },
{ "type": "Feature", "properties": { "address": "H150" }, "geometry": { "type": "MultiPolygon", "coordinates": [ [ [ [ 26.899917, 60.572399, 0.0 ], [ 26.900098, 60.57246, 0.0 ], [ 26.900222, 60.572371, 0.0 ], [ 26.900041, 60.57231, 0.0 ], [ 26.899917, 60.572399, 0.0 ] ] ] ] } },
{ "type": "Feature", "properties": { "address": "H159" }, "geometry": { "type": "MultiPolygon", "coordinates": [ [ [ [ 26.899861, 60.572249, 0.0 ], [ 26.900041, 60.57231, 0.0 ], [ 26.900165, 60.572222, 0.0 ], [ 26.899985, 60.572161, 0.0 ], [ 26.899861, 60.572249, 0.0 ] ] ] ] } },
{ "type": "Feature", "properties": { "address": "H158" }, "geometry": { "type": "MultiPolygon", "coordinates": [ [ [ [ 26.899681, 60.572188, 0.0 ], [ 26.899861, 60.572249, 0.0 ], [ 26.899985, 60.572161, 0.0 ], [ 26.899805, 60.5721, 0.0 ], [ 26.899681, 60.572188, 0.0 ] ] ] ] } },
{ "type": "Feature", "properties": { "address": "H160" }, "geometry": { "type": "MultiPolygon", "coordinates": [ [ [ [ 26.900041, 60.57231, 0.0 ], [ 26.900222, 60.572371, 0.0 ], [ 26.900346, 60.572283, 0.0 ], [ 26.900165, 60.572222, 0.0 ], [ 26.900041, 60.57231, 0.0 ] ] ] ] } },
{ "type": "Feature", "properties": { "address": "H170" }, "geometry": { "type": "MultiPolygon", "coordinates": [ [ [ [ 26.899985, 60.572161, 0.0 ], [ 26.900165, 60.572222, 0.0 ], [ 26.900289, 60.572133, 0.0 ], [ 26.900109, 60.572072, 0.0 ], [ 26.899985, 60.572161, 0.0 ] ] ] ] } },
{ "type": "Feature", "properties": { "address": "H169" }, "geometry": { "type": "MultiPolygon", "coordinates": [ [ [ [ 26.899805, 60.5721, 0.0 ], [ 26.899985, 60.572161, 0.0 ], [ 26.900109, 60.572072, 0.0 ], [ 26.899928, 60.572011, 0.0 ], [ 26.899805, 60.5721, 0.0 ] ] ] ] } },
{ "type": "Feature", "properties": { "address": "H171" }, "geometry": { "type": "MultiPolygon", "coordinates": [ [ [ [ 26.900165, 60.572222, 0.0 ], [ 26.900346, 60.572283, 0.0 ], [ 26.90047, 60.572194, 0.0 ], [ 26.900289, 60.572133, 0.0 ], [ 26.900165, 60.572222, 0.0 ] ] ] ] } },
{ "type": "Feature", "properties": { "address": "H168" }, "geometry": { "type": "MultiPolygon", "coordinates": [ [ [ [ 26.899624, 60.572039, 0.0 ], [ 26.899805, 60.5721, 0.0 ], [ 26.899928, 60.572011, 0.0 ], [ 26.899748, 60.57195, 0.0 ], [ 26.899624, 60.572039, 0.0 ] ] ] ] } },
{ "type": "Feature", "properties": { "address": "H243" }, "geometry": { "type": "MultiPolygon", "coordinates": [ [ [ [ 26.901831, 60.572036, 0.0 ], [ 26.901703, 60.572123, 0.0 ], [ 26.901881, 60.572186, 0.0 ], [ 26.902008, 60.572099, 0.0 ], [ 26.901831, 60.572036, 0.0 ] ] ] ] } },
{ "type": "Feature", "properties": { "address": "H302" }, "geometry": { "type": "MultiPolygon", "coordinates": [ [ [ [ 26.901052, 60.571193, 0.0 ], [ 26.900924, 60.57128, 0.0 ], [ 26.901102, 60.571343, 0.0 ], [ 26.90123, 60.571256, 0.0 ], [ 26.901052, 60.571193, 0.0 ] ] ] ] } },
{ "type": "Feature", "properties": { "address": "H303" }, "geometry": { "type": "MultiPolygon", "coordinates": [ [ [ [ 26.90123, 60.571256, 0.0 ], [ 26.901102, 60.571343, 0.0 ], [ 26.90128, 60.571406, 0.0 ], [ 26.901408, 60.571319, 0.0 ], [ 26.90123, 60.571256, 0.0 ] ] ] ] } },
{ "type": "Feature", "properties": { "address": "H301" }, "geometry": { "type": "MultiPolygon", "coordinates": [ [ [ [ 26.900875, 60.57113, 0.0 ], [ 26.900747, 60.571217, 0.0 ], [ 26.900924, 60.57128, 0.0 ], [ 26.901052, 60.571193, 0.0 ], [ 26.900875, 60.57113, 0.0 ] ] ] ] } },
{ "type": "Feature", "properties": { "address": "H304" }, "geometry": { "type": "MultiPolygon", "coordinates": [ [ [ [ 26.901408, 60.571319, 0.0 ], [ 26.90128, 60.571406, 0.0 ], [ 26.901457, 60.571469, 0.0 ], [ 26.901585, 60.571382, 0.0 ], [ 26.901408, 60.571319, 0.0 ] ] ] ] } },
{ "type": "Feature", "properties": { "address": "H305" }, "geometry": { "type": "MultiPolygon", "coordinates": [ [ [ [ 26.901585, 60.571382, 0.0 ], [ 26.901457, 60.571469, 0.0 ], [ 26.901635, 60.571532, 0.0 ], [ 26.901763, 60.571445, 0.0 ], [ 26.901585, 60.571382, 0.0 ] ] ] ] } },
{ "type": "Feature", "properties": { "address": "H307" }, "geometry": { "type": "MultiPolygon", "coordinates": [ [ [ [ 26.90118, 60.571106, 0.0 ], [ 26.901052, 60.571193, 0.0 ], [ 26.90123, 60.571256, 0.0 ], [ 26.901358, 60.571169, 0.0 ], [ 26.90118, 60.571106, 0.0 ] ] ] ] } },
{ "type": "Feature", "properties": { "address": "H308" }, "geometry": { "type": "MultiPolygon", "coordinates": [ [ [ [ 26.901358, 60.571169, 0.0 ], [ 26.90123, 60.571256, 0.0 ], [ 26.901408, 60.571319, 0.0 ], [ 26.901535, 60.571232, 0.0 ], [ 26.901358, 60.571169, 0.0 ] ] ] ] } },
{ "type": "Feature", "properties": { "address": "H306" }, "geometry": { "type": "MultiPolygon", "coordinates": [ [ [ [ 26.901003, 60.571043, 0.0 ], [ 26.900875, 60.57113, 0.0 ], [ 26.901052, 60.571193, 0.0 ], [ 26.90118, 60.571106, 0.0 ], [ 26.901003, 60.571043, 0.0 ] ] ] ] } },
{ "type": "Feature", "properties": { "address": "H309" }, "geometry": { "type": "MultiPolygon", "coordinates": [ [ [ [ 26.901535, 60.571232, 0.0 ], [ 26.901408, 60.571319, 0.0 ], [ 26.901585, 60.571382, 0.0 ], [ 26.901713, 60.571295, 0.0 ], [ 26.901535, 60.571232, 0.0 ] ] ] ] } },
{ "type": "Feature", "properties": { "address": "H310" }, "geometry": { "type": "MultiPolygon", "coordinates": [ [ [ [ 26.901713, 60.571295, 0.0 ], [ 26.901585, 60.571382, 0.0 ], [ 26.901763, 60.571445, 0.0 ], [ 26.901891, 60.571357, 0.0 ], [ 26.901713, 60.571295, 0.0 ] ] ] ] } },
{ "type": "Feature", "properties": { "address": "H314" }, "geometry": { "type": "MultiPolygon", "coordinates": [ [ [ [ 26.901308, 60.571018, 0.0 ], [ 26.90118, 60.571106, 0.0 ], [ 26.901358, 60.571169, 0.0 ], [ 26.901486, 60.571081, 0.0 ], [ 26.901308, 60.571018, 0.0 ] ] ] ] } },
{ "type": "Feature", "properties": { "address": "H315" }, "geometry": { "type": "MultiPolygon", "coordinates": [ [ [ [ 26.901486, 60.571081, 0.0 ], [ 26.901358, 60.571169, 0.0 ], [ 26.901535, 60.571232, 0.0 ], [ 26.901663, 60.571144, 0.0 ], [ 26.901486, 60.571081, 0.0 ] ] ] ] } },
{ "type": "Feature", "properties": { "address": "H313" }, "geometry": { "type": "MultiPolygon", "coordinates": [ [ [ [ 26.901131, 60.570955, 0.0 ], [ 26.901003, 60.571043, 0.0 ], [ 26.90118, 60.571106, 0.0 ], [ 26.901308, 60.571018, 0.0 ], [ 26.901131, 60.570955, 0.0 ] ] ] ] } },
{ "type": "Feature", "properties": { "address": "H316" }, "geometry": { "type": "MultiPolygon", "coordinates": [ [ [ [ 26.901663, 60.571144, 0.0 ], [ 26.901535, 60.571232, 0.0 ], [ 26.901713, 60.571295, 0.0 ], [ 26.901841, 60.571207, 0.0 ], [ 26.901663, 60.571144, 0.0 ] ] ] ] } },
{ "type": "Feature", "properties": { "address": "H312" }, "geometry": { "type": "MultiPolygon", "coordinates": [ [ [ [ 26.900953, 60.570892, 0.0 ], [ 26.900825, 60.57098, 0.0 ], [ 26.901003, 60.571043, 0.0 ], [ 26.901131, 60.570955, 0.0 ], [ 26.900953, 60.570892, 0.0 ] ] ] ] } },
{ "type": "Feature", "properties": { "address": "H311" }, "geometry": { "type": "MultiPolygon", "coordinates": [ [ [ [ 26.900776, 60.570829, 0.0 ], [ 26.900648, 60.570917, 0.0 ], [ 26.900825, 60.57098, 0.0 ], [ 26.900953, 60.570892, 0.0 ], [ 26.900776, 60.570829, 0.0 ] ] ] ] } },
{ "type": "Feature", "properties": { "address": "H370" }, "geometry": { "type": "MultiPolygon", "coordinates": [ [ [ [ 26.899827, 60.57003, 0.0 ], [ 26.900001, 60.570096, 0.0 ], [ 26.900134, 60.57001, 0.0 ], [ 26.89996, 60.569945, 0.0 ], [ 26.899827, 60.57003, 0.0 ] ] ] ] } },
{ "type": "Feature", "properties": { "address": "H360" }, "geometry": { "type": "MultiPolygon", "coordinates": [ [ [ [ 26.899694, 60.570116, 0.0 ], [ 26.899868, 60.570181, 0.0 ], [ 26.900001, 60.570096, 0.0 ], [ 26.899827, 60.57003, 0.0 ], [ 26.899694, 60.570116, 0.0 ] ] ] ] } },
{ "type": "Feature", "properties": { "address": "H368" }, "geometry": { "type": "MultiPolygon", "coordinates": [ [ [ [ 26.899478, 60.569894, 0.0 ], [ 26.899652, 60.569959, 0.0 ], [ 26.899785, 60.569874, 0.0 ], [ 26.899611, 60.569808, 0.0 ], [ 26.899478, 60.569894, 0.0 ] ] ] ] } },
{ "type": "Feature", "properties": { "address": "H290" }, "geometry": { "type": "MultiPolygon", "coordinates": [ [ [ [ 26.902619, 60.57205, 0.0 ], [ 26.902492, 60.572137, 0.0 ], [ 26.902669, 60.5722, 0.0 ], [ 26.902797, 60.572113, 0.0 ], [ 26.902619, 60.57205, 0.0 ] ] ] ] } },
{ "type": "Feature", "properties": { "address": "H289" }, "geometry": { "type": "MultiPolygon", "coordinates": [ [ [ [ 26.902442, 60.571987, 0.0 ], [ 26.902314, 60.572075, 0.0 ], [ 26.902492, 60.572137, 0.0 ], [ 26.902619, 60.57205, 0.0 ], [ 26.902442, 60.571987, 0.0 ] ] ] ] } },
{ "type": "Feature", "properties": { "address": "H269" }, "geometry": { "type": "MultiPolygon", "coordinates": [ [ [ [ 26.902492, 60.572137, 0.0 ], [ 26.902364, 60.572225, 0.0 ], [ 26.902541, 60.572288, 0.0 ], [ 26.902669, 60.5722, 0.0 ], [ 26.902492, 60.572137, 0.0 ] ] ] ] } },
{ "type": "Feature", "properties": { "address": "H268" }, "geometry": { "type": "MultiPolygon", "coordinates": [ [ [ [ 26.902314, 60.572075, 0.0 ], [ 26.902186, 60.572162, 0.0 ], [ 26.902364, 60.572225, 0.0 ], [ 26.902492, 60.572137, 0.0 ], [ 26.902314, 60.572075, 0.0 ] ] ] ] } },
{ "type": "Feature", "properties": { "address": "H291" }, "geometry": { "type": "MultiPolygon", "coordinates": [ [ [ [ 26.902797, 60.572113, 0.0 ], [ 26.902669, 60.5722, 0.0 ], [ 26.902847, 60.572263, 0.0 ], [ 26.902975, 60.572176, 0.0 ], [ 26.902797, 60.572113, 0.0 ] ] ] ] } },
{ "type": "Feature", "properties": { "address": "H270" }, "geometry": { "type": "MultiPolygon", "coordinates": [ [ [ [ 26.902669, 60.5722, 0.0 ], [ 26.902541, 60.572288, 0.0 ], [ 26.902719, 60.572351, 0.0 ], [ 26.902847, 60.572263, 0.0 ], [ 26.902669, 60.5722, 0.0 ] ] ] ] } },
{ "type": "Feature", "properties": { "address": "H206" }, "geometry": { "type": "MultiPolygon", "coordinates": [ [ [ [ 26.901825, 60.57244, 0.0 ], [ 26.901697, 60.572528, 0.0 ], [ 26.901875, 60.572591, 0.0 ], [ 26.902003, 60.572503, 0.0 ], [ 26.901825, 60.57244, 0.0 ] ] ] ] } },
{ "type": "Feature", "properties": { "address": "H188" }, "geometry": { "type": "MultiPolygon", "coordinates": [ [ [ [ 26.901697, 60.572528, 0.0 ], [ 26.901569, 60.572615, 0.0 ], [ 26.901747, 60.572678, 0.0 ], [ 26.901875, 60.572591, 0.0 ], [ 26.901697, 60.572528, 0.0 ] ] ] ] } },
{ "type": "Feature", "properties": { "address": "H207" }, "geometry": { "type": "MultiPolygon", "coordinates": [ [ [ [ 26.902003, 60.572503, 0.0 ], [ 26.901875, 60.572591, 0.0 ], [ 26.902052, 60.572654, 0.0 ], [ 26.90218, 60.572566, 0.0 ], [ 26.902003, 60.572503, 0.0 ] ] ] ] } },
{ "type": "Feature", "properties": { "address": "H189" }, "geometry": { "type": "MultiPolygon", "coordinates": [ [ [ [ 26.901875, 60.572591, 0.0 ], [ 26.901747, 60.572678, 0.0 ], [ 26.901924, 60.572741, 0.0 ], [ 26.902052, 60.572654, 0.0 ], [ 26.901875, 60.572591, 0.0 ] ] ] ] } },
{ "type": "Feature", "properties": { "address": "H225" }, "geometry": { "type": "MultiPolygon", "coordinates": [ [ [ [ 26.902131, 60.572416, 0.0 ], [ 26.902003, 60.572503, 0.0 ], [ 26.90218, 60.572566, 0.0 ], [ 26.902308, 60.572479, 0.0 ], [ 26.902131, 60.572416, 0.0 ] ] ] ] } },
{ "type": "Feature", "properties": { "address": "H245" }, "geometry": { "type": "MultiPolygon", "coordinates": [ [ [ [ 26.902258, 60.572328, 0.0 ], [ 26.902131, 60.572416, 0.0 ], [ 26.902308, 60.572479, 0.0 ], [ 26.902436, 60.572391, 0.0 ], [ 26.902258, 60.572328, 0.0 ] ] ] ] } },
{ "type": "Feature", "properties": { "address": "H226" }, "geometry": { "type": "MultiPolygon", "coordinates": [ [ [ [ 26.902308, 60.572479, 0.0 ], [ 26.90218, 60.572566, 0.0 ], [ 26.902358, 60.572629, 0.0 ], [ 26.902486, 60.572542, 0.0 ], [ 26.902308, 60.572479, 0.0 ] ] ] ] } },
{ "type": "Feature", "properties": { "address": "H143" }, "geometry": { "type": "MultiPolygon", "coordinates": [ [ [ [ 26.899974, 60.572549, 0.0 ], [ 26.900154, 60.57261, 0.0 ], [ 26.900278, 60.572521, 0.0 ], [ 26.900098, 60.57246, 0.0 ], [ 26.899974, 60.572549, 0.0 ] ] ] ] } },
{ "type": "Feature", "properties": { "address": "H135" }, "geometry": { "type": "MultiPolygon", "coordinates": [ [ [ [ 26.89985, 60.572638, 0.0 ], [ 26.90003, 60.572699, 0.0 ], [ 26.900154, 60.57261, 0.0 ], [ 26.899974, 60.572549, 0.0 ], [ 26.89985, 60.572638, 0.0 ] ] ] ] } },
{ "type": "Feature", "properties": { "address": "H129" }, "geometry": { "type": "MultiPolygon", "coordinates": [ [ [ [ 26.899906, 60.572787, 0.0 ], [ 26.900087, 60.572848, 0.0 ], [ 26.900211, 60.57276, 0.0 ], [ 26.90003, 60.572699, 0.0 ], [ 26.899906, 60.572787, 0.0 ] ] ] ] } },
{ "type": "Feature", "properties": { "address": "H142" }, "geometry": { "type": "MultiPolygon", "coordinates": [ [ [ [ 26.899793, 60.572488, 0.0 ], [ 26.899974, 60.572549, 0.0 ], [ 26.900098, 60.57246, 0.0 ], [ 26.899917, 60.572399, 0.0 ], [ 26.899793, 60.572488, 0.0 ] ] ] ] } },
{ "type": "Feature", "properties": { "address": "H367" }, "geometry": { "type": "MultiPolygon", "coordinates": [ [ [ [ 26.899304, 60.569829, 0.0 ], [ 26.899478, 60.569894, 0.0 ], [ 26.899611, 60.569808, 0.0 ], [ 26.899437, 60.569743, 0.0 ], [ 26.899304, 60.569829, 0.0 ] ] ] ] } },
{ "type": "Feature", "properties": { "address": "H358" }, "geometry": { "type": "MultiPolygon", "coordinates": [ [ [ [ 26.899345, 60.56998, 0.0 ], [ 26.899519, 60.570045, 0.0 ], [ 26.899652, 60.569959, 0.0 ], [ 26.899478, 60.569894, 0.0 ], [ 26.899345, 60.56998, 0.0 ] ] ] ] } },
{ "type": "Feature", "properties": { "address": "H349" }, "geometry": { "type": "MultiPolygon", "coordinates": [ [ [ [ 26.899212, 60.570065, 0.0 ], [ 26.899386, 60.570131, 0.0 ], [ 26.899519, 60.570045, 0.0 ], [ 26.899345, 60.56998, 0.0 ], [ 26.899212, 60.570065, 0.0 ] ] ] ] } },
{ "type": "Feature", "properties": { "address": "H371" }, "geometry": { "type": "MultiPolygon", "coordinates": [ [ [ [ 26.900001, 60.570096, 0.0 ], [ 26.900175, 60.570161, 0.0 ], [ 26.900308, 60.570076, 0.0 ], [ 26.900134, 60.57001, 0.0 ], [ 26.900001, 60.570096, 0.0 ] ] ] ] } },
{ "type": "Feature", "properties": { "address": "H361" }, "geometry": { "type": "MultiPolygon", "coordinates": [ [ [ [ 26.899868, 60.570181, 0.0 ], [ 26.900042, 60.570247, 0.0 ], [ 26.900175, 60.570161, 0.0 ], [ 26.900001, 60.570096, 0.0 ], [ 26.899868, 60.570181, 0.0 ] ] ] ] } },
{ "type": "Feature", "properties": { "address": "H352" }, "geometry": { "type": "MultiPolygon", "coordinates": [ [ [ [ 26.899735, 60.570267, 0.0 ], [ 26.899909, 60.570332, 0.0 ], [ 26.900042, 60.570247, 0.0 ], [ 26.899868, 60.570181, 0.0 ], [ 26.899735, 60.570267, 0.0 ] ] ] ] } },
{ "type": "Feature", "properties": { "address": "H343" }, "geometry": { "type": "MultiPolygon", "coordinates": [ [ [ [ 26.899601, 60.570352, 0.0 ], [ 26.899775, 60.570417, 0.0 ], [ 26.899908, 60.570332, 0.0 ], [ 26.899734, 60.570266, 0.0 ], [ 26.899601, 60.570352, 0.0 ] ] ] ] } },
{ "type": "Feature", "properties": { "address": "H334" }, "geometry": { "type": "MultiPolygon", "coordinates": [ [ [ [ 26.89968, 60.570653, 0.0 ], [ 26.899853, 60.570719, 0.0 ], [ 26.899987, 60.570634, 0.0 ], [ 26.899814, 60.570568, 0.0 ], [ 26.89968, 60.570653, 0.0 ] ] ] ] } },
{ "type": "Feature", "properties": { "address": "H276" }, "geometry": { "type": "MultiPolygon", "coordinates": [ [ [ [ 26.899396, 60.571042, 0.0 ], [ 26.899575, 60.571104, 0.0 ], [ 26.899701, 60.571016, 0.0 ], [ 26.899523, 60.570954, 0.0 ], [ 26.899396, 60.571042, 0.0 ] ] ] ] } },
{ "type": "Feature", "properties": { "address": "H46" }, "geometry": { "type": "MultiPolygon", "coordinates": [ [ [ [ 26.90066, 60.573777, 0.0 ], [ 26.900462, 60.573823, 0.0 ], [ 26.900555, 60.57392, 0.0 ], [ 26.900753, 60.573874, 0.0 ], [ 26.90066, 60.573777, 0.0 ] ] ] ] } },
{ "type": "Feature", "properties": { "address": "H43" }, "geometry": { "type": "MultiPolygon", "coordinates": [ [ [ [ 26.900753, 60.573874, 0.0 ], [ 26.900555, 60.57392, 0.0 ], [ 26.900649, 60.574018, 0.0 ], [ 26.900847, 60.573972, 0.0 ], [ 26.900753, 60.573874, 0.0 ] ] ] ] } },
{ "type": "Feature", "properties": { "address": "H41" }, "geometry": { "type": "MultiPolygon", "coordinates": [ [ [ [ 26.900847, 60.573972, 0.0 ], [ 26.900649, 60.574018, 0.0 ], [ 26.900742, 60.574115, 0.0 ], [ 26.90094, 60.574069, 0.0 ], [ 26.900847, 60.573972, 0.0 ] ] ] ] } },
{ "type": "Feature", "properties": { "address": "H49" }, "geometry": { "type": "MultiPolygon", "coordinates": [ [ [ [ 26.900567, 60.57368, 0.0 ], [ 26.900369, 60.573725, 0.0 ], [ 26.900462, 60.573823, 0.0 ], [ 26.90066, 60.573777, 0.0 ], [ 26.900567, 60.57368, 0.0 ] ] ] ] } },
{ "type": "Feature", "properties": { "address": "H51" }, "geometry": { "type": "MultiPolygon", "coordinates": [ [ [ [ 26.900474, 60.573582, 0.0 ], [ 26.900276, 60.573628, 0.0 ], [ 26.900369, 60.573725, 0.0 ], [ 26.900567, 60.57368, 0.0 ], [ 26.900474, 60.573582, 0.0 ] ] ] ] } },
{ "type": "Feature", "properties": { "address": "H106" }, "geometry": { "type": "MultiPolygon", "coordinates": [ [ [ [ 26.899118, 60.572062, 0.0 ], [ 26.898902, 60.572079, 0.0 ], [ 26.898937, 60.572186, 0.0 ], [ 26.899153, 60.572168, 0.0 ], [ 26.899118, 60.572062, 0.0 ] ] ] ] } },
{ "type": "Feature", "properties": { "address": "H103" }, "geometry": { "type": "MultiPolygon", "coordinates": [ [ [ [ 26.898937, 60.572186, 0.0 ], [ 26.898721, 60.572203, 0.0 ], [ 26.898756, 60.572309, 0.0 ], [ 26.898972, 60.572292, 0.0 ], [ 26.898937, 60.572186, 0.0 ] ] ] ] } },
{ "type": "Feature", "properties": { "address": "H99" }, "geometry": { "type": "MultiPolygon", "coordinates": [ [ [ [ 26.898972, 60.572292, 0.0 ], [ 26.898756, 60.572309, 0.0 ], [ 26.898791, 60.572415, 0.0 ], [ 26.899007, 60.572398, 0.0 ], [ 26.898972, 60.572292, 0.0 ] ] ] ] } },
{ "type": "Feature", "properties": { "address": "H95" }, "geometry": { "type": "MultiPolygon", "coordinates": [ [ [ [ 26.898791, 60.572415, 0.0 ], [ 26.898575, 60.572433, 0.0 ], [ 26.89861, 60.572539, 0.0 ], [ 26.898826, 60.572522, 0.0 ], [ 26.898791, 60.572415, 0.0 ] ] ] ] } },
{ "type": "Feature", "properties": { "address": "H91" }, "geometry": { "type": "MultiPolygon", "coordinates": [ [ [ [ 26.898826, 60.572522, 0.0 ], [ 26.89861, 60.572539, 0.0 ], [ 26.898645, 60.572645, 0.0 ], [ 26.898861, 60.572628, 0.0 ], [ 26.898826, 60.572522, 0.0 ] ] ] ] } },
{ "type": "Feature", "properties": { "address": "H87" }, "geometry": { "type": "MultiPolygon", "coordinates": [ [ [ [ 26.898861, 60.572628, 0.0 ], [ 26.898645, 60.572645, 0.0 ], [ 26.89868, 60.572752, 0.0 ], [ 26.898896, 60.572734, 0.0 ], [ 26.898861, 60.572628, 0.0 ] ] ] ] } },
{ "type": "Feature", "properties": { "address": "H98" }, "geometry": { "type": "MultiPolygon", "coordinates": [ [ [ [ 26.898756, 60.572309, 0.0 ], [ 26.89854, 60.572326, 0.0 ], [ 26.898575, 60.572433, 0.0 ], [ 26.898791, 60.572415, 0.0 ], [ 26.898756, 60.572309, 0.0 ] ] ] ] } },
{ "type": "Feature", "properties": { "address": "H102" }, "geometry": { "type": "MultiPolygon", "coordinates": [ [ [ [ 26.898721, 60.572203, 0.0 ], [ 26.898505, 60.57222, 0.0 ], [ 26.89854, 60.572326, 0.0 ], [ 26.898756, 60.572309, 0.0 ], [ 26.898721, 60.572203, 0.0 ] ] ] ] } },
{ "type": "Feature", "properties": { "address": "H108" }, "geometry": { "type": "MultiPolygon", "coordinates": [ [ [ [ 26.899316, 60.571992, 0.0 ], [ 26.8991, 60.572009, 0.0 ], [ 26.899135, 60.572115, 0.0 ], [ 26.899351, 60.572098, 0.0 ], [ 26.899316, 60.571992, 0.0 ] ] ] ] } },
{ "type": "Feature", "properties": { "address": "H107" }, "geometry": { "type": "MultiPolygon", "coordinates": [ [ [ [ 26.899351, 60.572098, 0.0 ], [ 26.899135, 60.572115, 0.0 ], [ 26.89917, 60.572222, 0.0 ], [ 26.899386, 60.572204, 0.0 ], [ 26.899351, 60.572098, 0.0 ] ] ] ] } },
{ "type": "Feature", "properties": { "address": "H105" }, "geometry": { "type": "MultiPolygon", "coordinates": [ [ [ [ 26.899386, 60.572204, 0.0 ], [ 26.89917, 60.572222, 0.0 ], [ 26.899205, 60.572328, 0.0 ], [ 26.899421, 60.572311, 0.0 ], [ 26.899386, 60.572204, 0.0 ] ] ] ] } },
{ "type": "Feature", "properties": { "address": "H101" }, "geometry": { "type": "MultiPolygon", "coordinates": [ [ [ [ 26.899421, 60.572311, 0.0 ], [ 26.899205, 60.572328, 0.0 ], [ 26.89924, 60.572434, 0.0 ], [ 26.899456, 60.572417, 0.0 ], [ 26.899421, 60.572311, 0.0 ] ] ] ] } },
{ "type": "Feature", "properties": { "address": "H104" }, "geometry": { "type": "MultiPolygon", "coordinates": [ [ [ [ 26.899153, 60.572168, 0.0 ], [ 26.898937, 60.572186, 0.0 ], [ 26.898972, 60.572292, 0.0 ], [ 26.899188, 60.572275, 0.0 ], [ 26.899153, 60.572168, 0.0 ] ] ] ] } },
{ "type": "Feature", "properties": { "address": "H100" }, "geometry": { "type": "MultiPolygon", "coordinates": [ [ [ [ 26.899188, 60.572275, 0.0 ], [ 26.898972, 60.572292, 0.0 ], [ 26.899007, 60.572398, 0.0 ], [ 26.899223, 60.572381, 0.0 ], [ 26.899188, 60.572275, 0.0 ] ] ] ] } },
{ "type": "Feature", "properties": { "address": "H96" }, "geometry": { "type": "MultiPolygon", "coordinates": [ [ [ [ 26.899007, 60.572398, 0.0 ], [ 26.898791, 60.572415, 0.0 ], [ 26.898826, 60.572522, 0.0 ], [ 26.899042, 60.572505, 0.0 ], [ 26.899007, 60.572398, 0.0 ] ] ] ] } },
{ "type": "Feature", "properties": { "address": "H92" }, "geometry": { "type": "MultiPolygon", "coordinates": [ [ [ [ 26.899042, 60.572505, 0.0 ], [ 26.898826, 60.572522, 0.0 ], [ 26.898861, 60.572628, 0.0 ], [ 26.899077, 60.572611, 0.0 ], [ 26.899042, 60.572505, 0.0 ] ] ] ] } },
{ "type": "Feature", "properties": { "address": "H88" }, "geometry": { "type": "MultiPolygon", "coordinates": [ [ [ [ 26.899077, 60.572611, 0.0 ], [ 26.898861, 60.572628, 0.0 ], [ 26.898896, 60.572734, 0.0 ], [ 26.899112, 60.572717, 0.0 ], [ 26.899077, 60.572611, 0.0 ] ] ] ] } },
{ "type": "Feature", "properties": { "address": "H83" }, "geometry": { "type": "MultiPolygon", "coordinates": [ [ [ [ 26.899328, 60.5727, 0.0 ], [ 26.899112, 60.572717, 0.0 ], [ 26.899147, 60.572823, 0.0 ], [ 26.899363, 60.572806, 0.0 ], [ 26.899328, 60.5727, 0.0 ] ] ] ] } },
{ "type": "Feature", "properties": { "address": "H82" }, "geometry": { "type": "MultiPolygon", "coordinates": [ [ [ [ 26.899112, 60.572717, 0.0 ], [ 26.898896, 60.572734, 0.0 ], [ 26.898931, 60.572841, 0.0 ], [ 26.899147, 60.572823, 0.0 ], [ 26.899112, 60.572717, 0.0 ] ] ] ] } },
{ "type": "Feature", "properties": { "address": "H76" }, "geometry": { "type": "MultiPolygon", "coordinates": [ [ [ [ 26.899147, 60.572823, 0.0 ], [ 26.898931, 60.572841, 0.0 ], [ 26.898966, 60.572947, 0.0 ], [ 26.899182, 60.57293, 0.0 ], [ 26.899147, 60.572823, 0.0 ] ] ] ] } },
{ "type": "Feature", "properties": { "address": "H70" }, "geometry": { "type": "MultiPolygon", "coordinates": [ [ [ [ 26.899182, 60.57293, 0.0 ], [ 26.898966, 60.572947, 0.0 ], [ 26.899001, 60.573053, 0.0 ], [ 26.899217, 60.573036, 0.0 ], [ 26.899182, 60.57293, 0.0 ] ] ] ] } },
{ "type": "Feature", "properties": { "address": "H77" }, "geometry": { "type": "MultiPolygon", "coordinates": [ [ [ [ 26.899363, 60.572806, 0.0 ], [ 26.899147, 60.572823, 0.0 ], [ 26.899182, 60.57293, 0.0 ], [ 26.899398, 60.572913, 0.0 ], [ 26.899363, 60.572806, 0.0 ] ] ] ] } },
{ "type": "Feature", "properties": { "address": "H71" }, "geometry": { "type": "MultiPolygon", "coordinates": [ [ [ [ 26.899398, 60.572913, 0.0 ], [ 26.899182, 60.57293, 0.0 ], [ 26.899217, 60.573036, 0.0 ], [ 26.899433, 60.573019, 0.0 ], [ 26.899398, 60.572913, 0.0 ] ] ] ] } },
{ "type": "Feature", "properties": { "address": "H81" }, "geometry": { "type": "MultiPolygon", "coordinates": [ [ [ [ 26.898896, 60.572734, 0.0 ], [ 26.89868, 60.572752, 0.0 ], [ 26.898715, 60.572858, 0.0 ], [ 26.898931, 60.572841, 0.0 ], [ 26.898896, 60.572734, 0.0 ] ] ] ] } },
{ "type": "Feature", "properties": { "address": "H66" }, "geometry": { "type": "MultiPolygon", "coordinates": [ [ [ [ 26.899217, 60.573036, 0.0 ], [ 26.899001, 60.573053, 0.0 ], [ 26.899036, 60.57316, 0.0 ], [ 26.899252, 60.573142, 0.0 ], [ 26.899217, 60.573036, 0.0 ] ] ] ] } },
{ "type": "Feature", "properties": { "address": "H300" }, "geometry": { "type": "MultiPolygon", "coordinates": [ [ [ [ 26.900398, 60.570938, 0.0 ], [ 26.90027, 60.571026, 0.0 ], [ 26.900447, 60.571089, 0.0 ], [ 26.900575, 60.571001, 0.0 ], [ 26.900398, 60.570938, 0.0 ] ] ] ] } },
{ "type": "Feature", "properties": { "address": "H335" }, "geometry": { "type": "MultiPolygon", "coordinates": [ [ [ [ 26.899853, 60.570719, 0.0 ], [ 26.900026, 60.570785, 0.0 ], [ 26.90016, 60.5707, 0.0 ], [ 26.899987, 60.570634, 0.0 ], [ 26.899853, 60.570719, 0.0 ] ] ] ] } },
{ "type": "Feature", "properties": { "address": "H333" }, "geometry": { "type": "MultiPolygon", "coordinates": [ [ [ [ 26.899507, 60.570588, 0.0 ], [ 26.89968, 60.570653, 0.0 ], [ 26.899814, 60.570568, 0.0 ], [ 26.899641, 60.570502, 0.0 ], [ 26.899507, 60.570588, 0.0 ] ] ] ] } },
{ "type": "Feature", "properties": { "address": "H332" }, "geometry": { "type": "MultiPolygon", "coordinates": [ [ [ [ 26.899334, 60.570522, 0.0 ], [ 26.899507, 60.570588, 0.0 ], [ 26.899641, 60.570502, 0.0 ], [ 26.899467, 60.570436, 0.0 ], [ 26.899334, 60.570522, 0.0 ] ] ] ] } },
{ "type": "Feature", "properties": { "address": "H337" }, "geometry": { "type": "MultiPolygon", "coordinates": [ [ [ [ 26.899467, 60.570436, 0.0 ], [ 26.899641, 60.570502, 0.0 ], [ 26.899774, 60.570417, 0.0 ], [ 26.899601, 60.570351, 0.0 ], [ 26.899467, 60.570436, 0.0 ] ] ] ] } },
{ "type": "Feature", "properties": { "address": "H351" }, "geometry": { "type": "MultiPolygon", "coordinates": [ [ [ [ 26.899561, 60.570201, 0.0 ], [ 26.899735, 60.570267, 0.0 ], [ 26.899868, 60.570181, 0.0 ], [ 26.899694, 60.570116, 0.0 ], [ 26.899561, 60.570201, 0.0 ] ] ] ] } },
{ "type": "Feature", "properties": { "address": "H350" }, "geometry": { "type": "MultiPolygon", "coordinates": [ [ [ [ 26.899388, 60.570136, 0.0 ], [ 26.899562, 60.570202, 0.0 ], [ 26.899695, 60.570116, 0.0 ], [ 26.899521, 60.570051, 0.0 ], [ 26.899388, 60.570136, 0.0 ] ] ] ] } },
{ "type": "Feature", "properties": { "address": "H359" }, "geometry": { "type": "MultiPolygon", "coordinates": [ [ [ [ 26.899521, 60.570051, 0.0 ], [ 26.899695, 60.570116, 0.0 ], [ 26.899828, 60.57003, 0.0 ], [ 26.899654, 60.569965, 0.0 ], [ 26.899521, 60.570051, 0.0 ] ] ] ] } },
{ "type": "Feature", "properties": { "address": "H369" }, "geometry": { "type": "MultiPolygon", "coordinates": [ [ [ [ 26.899654, 60.569965, 0.0 ], [ 26.899828, 60.57003, 0.0 ], [ 26.899961, 60.569945, 0.0 ], [ 26.899787, 60.569879, 0.0 ], [ 26.899654, 60.569965, 0.0 ] ] ] ] } },
{ "type": "Feature", "properties": { "address": "H128" }, "geometry": { "type": "MultiPolygon", "coordinates": [ [ [ [ 26.900684, 60.573181, 0.0 ], [ 26.900865, 60.573242, 0.0 ], [ 26.900989, 60.573153, 0.0 ], [ 26.900808, 60.573092, 0.0 ], [ 26.900684, 60.573181, 0.0 ] ] ] ] } },
{ "type": "Feature", "properties": { "address": "H134" }, "geometry": { "type": "MultiPolygon", "coordinates": [ [ [ [ 26.900808, 60.573092, 0.0 ], [ 26.900989, 60.573153, 0.0 ], [ 26.901113, 60.573065, 0.0 ], [ 26.900932, 60.573004, 0.0 ], [ 26.900808, 60.573092, 0.0 ] ] ] ] } },
{ "type": "Feature", "properties": { "address": "H149" }, "geometry": { "type": "MultiPolygon", "coordinates": [ [ [ [ 26.901056, 60.572915, 0.0 ], [ 26.901236, 60.572976, 0.0 ], [ 26.90136, 60.572887, 0.0 ], [ 26.90118, 60.572826, 0.0 ], [ 26.901056, 60.572915, 0.0 ] ] ] ] } },
{ "type": "Feature", "properties": { "address": "H141" }, "geometry": { "type": "MultiPolygon", "coordinates": [ [ [ [ 26.900932, 60.573004, 0.0 ], [ 26.901113, 60.573065, 0.0 ], [ 26.901236, 60.572976, 0.0 ], [ 26.901056, 60.572915, 0.0 ], [ 26.900932, 60.573004, 0.0 ] ] ] ] } },
{ "type": "Feature", "properties": { "address": "H157" }, "geometry": { "type": "MultiPolygon", "coordinates": [ [ [ [ 26.90118, 60.572826, 0.0 ], [ 26.90136, 60.572887, 0.0 ], [ 26.901484, 60.572798, 0.0 ], [ 26.901304, 60.572737, 0.0 ], [ 26.90118, 60.572826, 0.0 ] ] ] ] } },
{ "type": "Feature", "properties": { "address": "H47" }, "geometry": { "type": "MultiPolygon", "coordinates": [ [ [ [ 26.900858, 60.573731, 0.0 ], [ 26.90066, 60.573777, 0.0 ], [ 26.900753, 60.573874, 0.0 ], [ 26.900951, 60.573829, 0.0 ], [ 26.900858, 60.573731, 0.0 ] ] ] ] } },
{ "type": "Feature", "properties": { "address": "H44" }, "geometry": { "type": "MultiPolygon", "coordinates": [ [ [ [ 26.900951, 60.573829, 0.0 ], [ 26.900753, 60.573874, 0.0 ], [ 26.900847, 60.573972, 0.0 ], [ 26.901045, 60.573926, 0.0 ], [ 26.900951, 60.573829, 0.0 ] ] ] ] } },
{ "type": "Feature", "properties": { "address": "H42" }, "geometry": { "type": "MultiPolygon", "coordinates": [ [ [ [ 26.901045, 60.573926, 0.0 ], [ 26.900847, 60.573972, 0.0 ], [ 26.90094, 60.574069, 0.0 ], [ 26.901138, 60.574023, 0.0 ], [ 26.901045, 60.573926, 0.0 ] ] ] ] } },
{ "type": "Feature", "properties": { "address": "H50" }, "geometry": { "type": "MultiPolygon", "coordinates": [ [ [ [ 26.900765, 60.573634, 0.0 ], [ 26.900567, 60.57368, 0.0 ], [ 26.90066, 60.573777, 0.0 ], [ 26.900858, 60.573731, 0.0 ], [ 26.900765, 60.573634, 0.0 ] ] ] ] } },
{ "type": "Feature", "properties": { "address": "H52" }, "geometry": { "type": "MultiPolygon", "coordinates": [ [ [ [ 26.900672, 60.573536, 0.0 ], [ 26.900474, 60.573582, 0.0 ], [ 26.900567, 60.57368, 0.0 ], [ 26.900765, 60.573634, 0.0 ], [ 26.900672, 60.573536, 0.0 ] ] ] ] } },
{ "type": "Feature", "properties": { "address": "H40" }, "geometry": { "type": "MultiPolygon", "coordinates": [ [ [ [ 26.901138, 60.574023, 0.0 ], [ 26.90094, 60.574069, 0.0 ], [ 26.901033, 60.574167, 0.0 ], [ 26.901231, 60.574121, 0.0 ], [ 26.901138, 60.574023, 0.0 ] ] ] ] } },
{ "type": "Feature", "properties": { "address": "H97" }, "geometry": { "type": "MultiPolygon", "coordinates": [ [ [ [ 26.89854, 60.572326, 0.0 ], [ 26.898324, 60.572344, 0.0 ], [ 26.898359, 60.57245, 0.0 ], [ 26.898575, 60.572433, 0.0 ], [ 26.89854, 60.572326, 0.0 ] ] ] ] } },
{ "type": "Feature", "properties": { "address": "H94" }, "geometry": { "type": "MultiPolygon", "coordinates": [ [ [ [ 26.898575, 60.572433, 0.0 ], [ 26.898359, 60.57245, 0.0 ], [ 26.898394, 60.572556, 0.0 ], [ 26.89861, 60.572539, 0.0 ], [ 26.898575, 60.572433, 0.0 ] ] ] ] } },
{ "type": "Feature", "properties": { "address": "H86" }, "geometry": { "type": "MultiPolygon", "coordinates": [ [ [ [ 26.898645, 60.572645, 0.0 ], [ 26.898429, 60.572663, 0.0 ], [ 26.898464, 60.572769, 0.0 ], [ 26.89868, 60.572752, 0.0 ], [ 26.898645, 60.572645, 0.0 ] ] ] ] } },
{ "type": "Feature", "properties": { "address": "H80" }, "geometry": { "type": "MultiPolygon", "coordinates": [ [ [ [ 26.89868, 60.572752, 0.0 ], [ 26.898464, 60.572769, 0.0 ], [ 26.898499, 60.572875, 0.0 ], [ 26.898715, 60.572858, 0.0 ], [ 26.89868, 60.572752, 0.0 ] ] ] ] } },
{ "type": "Feature", "properties": { "address": "H90" }, "geometry": { "type": "MultiPolygon", "coordinates": [ [ [ [ 26.89861, 60.572539, 0.0 ], [ 26.898394, 60.572556, 0.0 ], [ 26.898429, 60.572663, 0.0 ], [ 26.898645, 60.572645, 0.0 ], [ 26.89861, 60.572539, 0.0 ] ] ] ] } },
{ "type": "Feature", "properties": { "address": "H69" }, "geometry": { "type": "MultiPolygon", "coordinates": [ [ [ [ 26.898966, 60.572947, 0.0 ], [ 26.89875, 60.572964, 0.0 ], [ 26.898785, 60.573071, 0.0 ], [ 26.899001, 60.573053, 0.0 ], [ 26.898966, 60.572947, 0.0 ] ] ] ] } },
{ "type": "Feature", "properties": { "address": "H65" }, "geometry": { "type": "MultiPolygon", "coordinates": [ [ [ [ 26.899001, 60.573053, 0.0 ], [ 26.898785, 60.573071, 0.0 ], [ 26.89882, 60.573177, 0.0 ], [ 26.899036, 60.57316, 0.0 ], [ 26.899001, 60.573053, 0.0 ] ] ] ] } },
{ "type": "Feature", "properties": { "address": "H62" }, "geometry": { "type": "MultiPolygon", "coordinates": [ [ [ [ 26.899036, 60.57316, 0.0 ], [ 26.89882, 60.573177, 0.0 ], [ 26.898855, 60.573283, 0.0 ], [ 26.899071, 60.573266, 0.0 ], [ 26.899036, 60.57316, 0.0 ] ] ] ] } },
{ "type": "Feature", "properties": { "address": "H63" }, "geometry": { "type": "MultiPolygon", "coordinates": [ [ [ [ 26.899252, 60.573142, 0.0 ], [ 26.899036, 60.57316, 0.0 ], [ 26.899071, 60.573266, 0.0 ], [ 26.899287, 60.573249, 0.0 ], [ 26.899252, 60.573142, 0.0 ] ] ] ] } },
{ "type": "Feature", "properties": { "address": "H60" }, "geometry": { "type": "MultiPolygon", "coordinates": [ [ [ [ 26.899287, 60.573249, 0.0 ], [ 26.899071, 60.573266, 0.0 ], [ 26.899106, 60.573372, 0.0 ], [ 26.899322, 60.573355, 0.0 ], [ 26.899287, 60.573249, 0.0 ] ] ] ] } },
{ "type": "Feature", "properties": { "address": "H93" }, "geometry": { "type": "MultiPolygon", "coordinates": [ [ [ [ 26.898359, 60.57245, 0.0 ], [ 26.898143, 60.572467, 0.0 ], [ 26.898178, 60.572573, 0.0 ], [ 26.898394, 60.572556, 0.0 ], [ 26.898359, 60.57245, 0.0 ] ] ] ] } },
{ "type": "Feature", "properties": { "address": "H89" }, "geometry": { "type": "MultiPolygon", "coordinates": [ [ [ [ 26.898394, 60.572556, 0.0 ], [ 26.898178, 60.572573, 0.0 ], [ 26.898213, 60.57268, 0.0 ], [ 26.898429, 60.572663, 0.0 ], [ 26.898394, 60.572556, 0.0 ] ] ] ] } },
{ "type": "Feature", "properties": { "address": "H85" }, "geometry": { "type": "MultiPolygon", "coordinates": [ [ [ [ 26.898429, 60.572663, 0.0 ], [ 26.898213, 60.57268, 0.0 ], [ 26.898248, 60.572786, 0.0 ], [ 26.898464, 60.572769, 0.0 ], [ 26.898429, 60.572663, 0.0 ] ] ] ] } },
{ "type": "Feature", "properties": { "address": "H79" }, "geometry": { "type": "MultiPolygon", "coordinates": [ [ [ [ 26.898464, 60.572769, 0.0 ], [ 26.898248, 60.572786, 0.0 ], [ 26.898283, 60.572892, 0.0 ], [ 26.898499, 60.572875, 0.0 ], [ 26.898464, 60.572769, 0.0 ] ] ] ] } },
{ "type": "Feature", "properties": { "address": "H73" }, "geometry": { "type": "MultiPolygon", "coordinates": [ [ [ [ 26.898499, 60.572875, 0.0 ], [ 26.898283, 60.572892, 0.0 ], [ 26.898318, 60.572999, 0.0 ], [ 26.898534, 60.572981, 0.0 ], [ 26.898499, 60.572875, 0.0 ] ] ] ] } },
{ "type": "Feature", "properties": { "address": "H84" }, "geometry": { "type": "MultiPolygon", "coordinates": [ [ [ [ 26.898213, 60.57268, 0.0 ], [ 26.897997, 60.572697, 0.0 ], [ 26.898032, 60.572803, 0.0 ], [ 26.898248, 60.572786, 0.0 ], [ 26.898213, 60.57268, 0.0 ] ] ] ] } },
{ "type": "Feature", "properties": { "address": "H78" }, "geometry": { "type": "MultiPolygon", "coordinates": [ [ [ [ 26.898248, 60.572786, 0.0 ], [ 26.898032, 60.572803, 0.0 ], [ 26.898067, 60.57291, 0.0 ], [ 26.898283, 60.572892, 0.0 ], [ 26.898248, 60.572786, 0.0 ] ] ] ] } },
{ "type": "Feature", "properties": { "address": "H72" }, "geometry": { "type": "MultiPolygon", "coordinates": [ [ [ [ 26.898283, 60.572892, 0.0 ], [ 26.898067, 60.57291, 0.0 ], [ 26.898102, 60.573016, 0.0 ], [ 26.898318, 60.572999, 0.0 ], [ 26.898283, 60.572892, 0.0 ] ] ] ] } },
{ "type": "Feature", "properties": { "address": "H24" }, "geometry": { "type": "MultiPolygon", "coordinates": [ [ [ [ 26.900287, 60.574415, -0.00006 ], [ 26.900158, 60.574502, -0.000056 ], [ 26.900335, 60.574565, -0.00006 ], [ 26.900464, 60.574478, -0.000065 ], [ 26.900287, 60.574415, -0.00006 ] ] ] ] } },
{ "type": "Feature", "properties": { "address": "H25" }, "geometry": { "type": "MultiPolygon", "coordinates": [ [ [ [ 26.900464, 60.574478, -0.000065 ], [ 26.900335, 60.574565, -0.00006 ], [ 26.900513, 60.574628, -0.000064 ], [ 26.900641, 60.574541, -0.000069 ], [ 26.900464, 60.574478, -0.000065 ] ] ] ] } },
{ "type": "Feature", "properties": { "address": "H167" }, "geometry": { "type": "MultiPolygon", "coordinates": [ [ [ [ 26.901304, 60.572737, 0.0 ], [ 26.901484, 60.572798, 0.0 ], [ 26.901608, 60.572709, 0.0 ], [ 26.901428, 60.572648, 0.0 ], [ 26.901304, 60.572737, 0.0 ] ] ] ] } },
{ "type": "Feature", "properties": { "address": "H275" }, "geometry": { "type": "MultiPolygon", "coordinates": [ [ [ [ 26.899281, 60.570936, 0.0 ], [ 26.89946, 60.570998, 0.0 ], [ 26.899586, 60.57091, 0.0 ], [ 26.899408, 60.570848, 0.0 ], [ 26.899281, 60.570936, 0.0 ] ] ] ] } },
{ "type": "Feature", "properties": { "address": "H48" }, "geometry": { "type": "MultiPolygon", "coordinates": [ [ [ [ 26.901056, 60.573685, 0.0 ], [ 26.900858, 60.573731, 0.0 ], [ 26.900951, 60.573829, 0.0 ], [ 26.901149, 60.573783, 0.0 ], [ 26.901056, 60.573685, 0.0 ] ] ] ] } },
{ "type": "Feature", "properties": { "address": "H45" }, "geometry": { "type": "MultiPolygon", "coordinates": [ [ [ [ 26.901149, 60.573783, 0.0 ], [ 26.900951, 60.573829, 0.0 ], [ 26.901045, 60.573926, 0.0 ], [ 26.901243, 60.57388, 0.0 ], [ 26.901149, 60.573783, 0.0 ] ] ] ] } },
{ "type": "Feature", "properties": { "address": "H208" }, "geometry": { "type": "MultiPolygon", "coordinates": [ [ [ [ 26.90218, 60.572566, 0.0 ], [ 26.902052, 60.572654, 0.0 ], [ 26.90223, 60.572717, 0.0 ], [ 26.902358, 60.572629, 0.0 ], [ 26.90218, 60.572566, 0.0 ] ] ] ] } },
{ "type": "Feature", "properties": { "address": "H190" }, "geometry": { "type": "MultiPolygon", "coordinates": [ [ [ [ 26.902052, 60.572654, 0.0 ], [ 26.901924, 60.572741, 0.0 ], [ 26.902102, 60.572804, 0.0 ], [ 26.90223, 60.572717, 0.0 ], [ 26.902052, 60.572654, 0.0 ] ] ] ] } },
{ "type": "Feature", "properties": { "address": "H391" }, "geometry": { "type": "MultiPolygon", "coordinates": [ [ [ [ 26.896864, 60.568368, 0.0 ], [ 26.896817, 60.568473, 0.0 ], [ 26.89703, 60.568496, 0.0 ], [ 26.897078, 60.568391, 0.0 ], [ 26.896864, 60.568368, 0.0 ] ] ] ] } },
{ "type": "Feature", "properties": { "address": "H392" }, "geometry": { "type": "MultiPolygon", "coordinates": [ [ [ [ 26.897078, 60.568391, 0.0 ], [ 26.89703, 60.568496, 0.0 ], [ 26.897244, 60.56852, 0.0 ], [ 26.897291, 60.568414, 0.0 ], [ 26.897078, 60.568391, 0.0 ] ] ] ] } },
{ "type": "Feature", "properties": { "address": "H393" }, "geometry": { "type": "MultiPolygon", "coordinates": [ [ [ [ 26.897291, 60.568414, 0.0 ], [ 26.897244, 60.56852, 0.0 ], [ 26.897458, 60.568543, 0.0 ], [ 26.897505, 60.568438, 0.0 ], [ 26.897291, 60.568414, 0.0 ] ] ] ] } },
{ "type": "Feature", "properties": { "address": "H403" }, "geometry": { "type": "MultiPolygon", "coordinates": [ [ [ [ 26.897339, 60.568309, 0.0 ], [ 26.897291, 60.568414, 0.0 ], [ 26.897505, 60.568438, 0.0 ], [ 26.897552, 60.568333, 0.0 ], [ 26.897339, 60.568309, 0.0 ] ] ] ] } },
{ "type": "Feature", "properties": { "address": "H401" }, "geometry": { "type": "MultiPolygon", "coordinates": [ [ [ [ 26.896911, 60.568263, 0.0 ], [ 26.896864, 60.568368, 0.0 ], [ 26.897078, 60.568391, 0.0 ], [ 26.897125, 60.568286, 0.0 ], [ 26.896911, 60.568263, 0.0 ] ] ] ] } },
{ "type": "Feature", "properties": { "address": "H402" }, "geometry": { "type": "MultiPolygon", "coordinates": [ [ [ [ 26.897125, 60.568286, 0.0 ], [ 26.897078, 60.568391, 0.0 ], [ 26.897291, 60.568414, 0.0 ], [ 26.897339, 60.568309, 0.0 ], [ 26.897125, 60.568286, 0.0 ] ] ] ] } },
{ "type": "Feature", "properties": { "address": "H400" }, "geometry": { "type": "MultiPolygon", "coordinates": [ [ [ [ 26.896698, 60.56824, 0.0 ], [ 26.89665, 60.568345, 0.0 ], [ 26.896864, 60.568368, 0.0 ], [ 26.896911, 60.568263, 0.0 ], [ 26.896698, 60.56824, 0.0 ] ] ] ] } },
{ "type": "Feature", "properties": { "address": "H396" }, "geometry": { "type": "MultiPolygon", "coordinates": [ [ [ [ 26.897932, 60.568484, 0.0 ], [ 26.897885, 60.568589, 0.0 ], [ 26.898099, 60.568613, 0.0 ], [ 26.898146, 60.568507, 0.0 ], [ 26.897932, 60.568484, 0.0 ] ] ] ] } },
{ "type": "Feature", "properties": { "address": "H405" }, "geometry": { "type": "MultiPolygon", "coordinates": [ [ [ [ 26.89798, 60.568379, 0.0 ], [ 26.897932, 60.568484, 0.0 ], [ 26.898146, 60.568507, 0.0 ], [ 26.898193, 60.568402, 0.0 ], [ 26.89798, 60.568379, 0.0 ] ] ] ] } },
{ "type": "Feature", "properties": { "address": "H397" }, "geometry": { "type": "MultiPolygon", "coordinates": [ [ [ [ 26.898146, 60.568507, 0.0 ], [ 26.898099, 60.568613, 0.0 ], [ 26.898312, 60.568636, 0.0 ], [ 26.89836, 60.568531, 0.0 ], [ 26.898146, 60.568507, 0.0 ] ] ] ] } },
{ "type": "Feature", "properties": { "address": "H406" }, "geometry": { "type": "MultiPolygon", "coordinates": [ [ [ [ 26.898193, 60.568402, 0.0 ], [ 26.898146, 60.568507, 0.0 ], [ 26.89836, 60.568531, 0.0 ], [ 26.898407, 60.568425, 0.0 ], [ 26.898193, 60.568402, 0.0 ] ] ] ] } },
{ "type": "Feature", "properties": { "address": "H398" }, "geometry": { "type": "MultiPolygon", "coordinates": [ [ [ [ 26.89836, 60.568531, 0.0 ], [ 26.898312, 60.568636, 0.0 ], [ 26.898526, 60.568659, 0.0 ], [ 26.898573, 60.568554, 0.0 ], [ 26.89836, 60.568531, 0.0 ] ] ] ] } },
{ "type": "Feature", "properties": { "address": "H407" }, "geometry": { "type": "MultiPolygon", "coordinates": [ [ [ [ 26.898407, 60.568425, 0.0 ], [ 26.89836, 60.568531, 0.0 ], [ 26.898573, 60.568554, 0.0 ], [ 26.898621, 60.568449, 0.0 ], [ 26.898407, 60.568425, 0.0 ] ] ] ] } },
{ "type": "Feature", "properties": { "address": "H408" }, "geometry": { "type": "MultiPolygon", "coordinates": [ [ [ [ 26.896745, 60.568134, 0.0 ], [ 26.896698, 60.56824, 0.0 ], [ 26.896911, 60.568263, 0.0 ], [ 26.896958, 60.568158, 0.0 ], [ 26.896745, 60.568134, 0.0 ] ] ] ] } },
{ "type": "Feature", "properties": { "address": "H409" }, "geometry": { "type": "MultiPolygon", "coordinates": [ [ [ [ 26.896958, 60.568158, 0.0 ], [ 26.896911, 60.568263, 0.0 ], [ 26.897125, 60.568286, 0.0 ], [ 26.897172, 60.568181, 0.0 ], [ 26.896958, 60.568158, 0.0 ] ] ] ] } },
{ "type": "Feature", "properties": { "address": "H410" }, "geometry": { "type": "MultiPolygon", "coordinates": [ [ [ [ 26.897172, 60.568181, 0.0 ], [ 26.897125, 60.568286, 0.0 ], [ 26.897339, 60.568309, 0.0 ], [ 26.897386, 60.568204, 0.0 ], [ 26.897172, 60.568181, 0.0 ] ] ] ] } },
{ "type": "Feature", "properties": { "address": "H411" }, "geometry": { "type": "MultiPolygon", "coordinates": [ [ [ [ 26.897386, 60.568204, 0.0 ], [ 26.897339, 60.568309, 0.0 ], [ 26.897552, 60.568333, 0.0 ], [ 26.897599, 60.568227, 0.0 ], [ 26.897386, 60.568204, 0.0 ] ] ] ] } },
{ "type": "Feature", "properties": { "address": "H417" }, "geometry": { "type": "MultiPolygon", "coordinates": [ [ [ [ 26.897647, 60.568122, 0.0 ], [ 26.897599, 60.568227, 0.0 ], [ 26.897813, 60.568251, 0.0 ], [ 26.89786, 60.568145, 0.0 ], [ 26.897647, 60.568122, 0.0 ] ] ] ] } },
{ "type": "Feature", "properties": { "address": "H418" }, "geometry": { "type": "MultiPolygon", "coordinates": [ [ [ [ 26.89786, 60.568145, 0.0 ], [ 26.897813, 60.568251, 0.0 ], [ 26.898027, 60.568274, 0.0 ], [ 26.898074, 60.568169, 0.0 ], [ 26.89786, 60.568145, 0.0 ] ] ] ] } },
{ "type": "Feature", "properties": { "address": "H413" }, "geometry": { "type": "MultiPolygon", "coordinates": [ [ [ [ 26.898027, 60.568274, 0.0 ], [ 26.89798, 60.568379, 0.0 ], [ 26.898193, 60.568402, 0.0 ], [ 26.89824, 60.568297, 0.0 ], [ 26.898027, 60.568274, 0.0 ] ] ] ] } },
{ "type": "Feature", "properties": { "address": "H419" }, "geometry": { "type": "MultiPolygon", "coordinates": [ [ [ [ 26.898074, 60.568169, 0.0 ], [ 26.898027, 60.568274, 0.0 ], [ 26.89824, 60.568297, 0.0 ], [ 26.898288, 60.568192, 0.0 ], [ 26.898074, 60.568169, 0.0 ] ] ] ] } },
{ "type": "Feature", "properties": { "address": "H421" }, "geometry": { "type": "MultiPolygon", "coordinates": [ [ [ [ 26.897053, 60.567947, 0.0 ], [ 26.897006, 60.568053, 0.0 ], [ 26.897219, 60.568076, 0.0 ], [ 26.897267, 60.567971, 0.0 ], [ 26.897053, 60.567947, 0.0 ] ] ] ] } },
{ "type": "Feature", "properties": { "address": "H424" }, "geometry": { "type": "MultiPolygon", "coordinates": [ [ [ [ 26.897694, 60.568017, 0.0 ], [ 26.897647, 60.568122, 0.0 ], [ 26.89786, 60.568145, 0.0 ], [ 26.897907, 60.56804, 0.0 ], [ 26.897694, 60.568017, 0.0 ] ] ] ] } },
{ "type": "Feature", "properties": { "address": "H431" }, "geometry": { "type": "MultiPolygon", "coordinates": [ [ [ [ 26.897741, 60.567912, 0.0 ], [ 26.897694, 60.568017, 0.0 ], [ 26.897907, 60.56804, 0.0 ], [ 26.897955, 60.567935, 0.0 ], [ 26.897741, 60.567912, 0.0 ] ] ] ] } },
{ "type": "Feature", "properties": { "address": "H430" }, "geometry": { "type": "MultiPolygon", "coordinates": [ [ [ [ 26.897527, 60.567889, 0.0 ], [ 26.89748, 60.567994, 0.0 ], [ 26.897694, 60.568017, 0.0 ], [ 26.897741, 60.567912, 0.0 ], [ 26.897527, 60.567889, 0.0 ] ] ] ] } },
{ "type": "Feature", "properties": { "address": "H428" }, "geometry": { "type": "MultiPolygon", "coordinates": [ [ [ [ 26.8971, 60.567842, 0.0 ], [ 26.897053, 60.567947, 0.0 ], [ 26.897267, 60.567971, 0.0 ], [ 26.897314, 60.567865, 0.0 ], [ 26.8971, 60.567842, 0.0 ] ] ] ] } },
{ "type": "Feature", "properties": { "address": "H429" }, "geometry": { "type": "MultiPolygon", "coordinates": [ [ [ [ 26.897314, 60.567865, 0.0 ], [ 26.897267, 60.567971, 0.0 ], [ 26.89748, 60.567994, 0.0 ], [ 26.897527, 60.567889, 0.0 ], [ 26.897314, 60.567865, 0.0 ] ] ] ] } },
{ "type": "Feature", "properties": { "address": "H425" }, "geometry": { "type": "MultiPolygon", "coordinates": [ [ [ [ 26.897907, 60.56804, 0.0 ], [ 26.89786, 60.568145, 0.0 ], [ 26.898074, 60.568169, 0.0 ], [ 26.898121, 60.568064, 0.0 ], [ 26.897907, 60.56804, 0.0 ] ] ] ] } },
{ "type": "Feature", "properties": { "address": "H432" }, "geometry": { "type": "MultiPolygon", "coordinates": [ [ [ [ 26.897955, 60.567935, 0.0 ], [ 26.897907, 60.56804, 0.0 ], [ 26.898121, 60.568064, 0.0 ], [ 26.898168, 60.567958, 0.0 ], [ 26.897955, 60.567935, 0.0 ] ] ] ] } },
{ "type": "Feature", "properties": { "address": "H426" }, "geometry": { "type": "MultiPolygon", "coordinates": [ [ [ [ 26.898121, 60.568064, 0.0 ], [ 26.898074, 60.568169, 0.0 ], [ 26.898288, 60.568192, 0.0 ], [ 26.898335, 60.568087, 0.0 ], [ 26.898121, 60.568064, 0.0 ] ] ] ] } },
{ "type": "Feature", "properties": { "address": "H433" }, "geometry": { "type": "MultiPolygon", "coordinates": [ [ [ [ 26.898168, 60.567958, 0.0 ], [ 26.898121, 60.568064, 0.0 ], [ 26.898335, 60.568087, 0.0 ], [ 26.898382, 60.567982, 0.0 ], [ 26.898168, 60.567958, 0.0 ] ] ] ] } },
{ "type": "Feature", "properties": { "address": "H427" }, "geometry": { "type": "MultiPolygon", "coordinates": [ [ [ [ 26.898335, 60.568087, 0.0 ], [ 26.898288, 60.568192, 0.0 ], [ 26.898501, 60.568215, 0.0 ], [ 26.898548, 60.56811, 0.0 ], [ 26.898335, 60.568087, 0.0 ] ] ] ] } },
{ "type": "Feature", "properties": { "address": "H422" }, "geometry": { "type": "MultiPolygon", "coordinates": [ [ [ [ 26.897267, 60.567971, 0.0 ], [ 26.897219, 60.568076, 0.0 ], [ 26.897433, 60.568099, 0.0 ], [ 26.89748, 60.567994, 0.0 ], [ 26.897267, 60.567971, 0.0 ] ] ] ] } },
{ "type": "Feature", "properties": { "address": "H436" }, "geometry": { "type": "MultiPolygon", "coordinates": [ [ [ [ 26.897575, 60.567784, 0.0 ], [ 26.897527, 60.567889, 0.0 ], [ 26.897741, 60.567912, 0.0 ], [ 26.897788, 60.567807, 0.0 ], [ 26.897575, 60.567784, 0.0 ] ] ] ] } },
{ "type": "Feature", "properties": { "address": "H435" }, "geometry": { "type": "MultiPolygon", "coordinates": [ [ [ [ 26.897361, 60.56776, 0.0 ], [ 26.897314, 60.567865, 0.0 ], [ 26.897527, 60.567889, 0.0 ], [ 26.897575, 60.567784, 0.0 ], [ 26.897361, 60.56776, 0.0 ] ] ] ] } },
{ "type": "Feature", "properties": { "address": "H437" }, "geometry": { "type": "MultiPolygon", "coordinates": [ [ [ [ 26.898002, 60.56783, 0.0 ], [ 26.897955, 60.567935, 0.0 ], [ 26.898168, 60.567958, 0.0 ], [ 26.898216, 60.567853, 0.0 ], [ 26.898002, 60.56783, 0.0 ] ] ] ] } },
{ "type": "Feature", "properties": { "address": "H438" }, "geometry": { "type": "MultiPolygon", "coordinates": [ [ [ [ 26.898216, 60.567853, 0.0 ], [ 26.898168, 60.567958, 0.0 ], [ 26.898382, 60.567982, 0.0 ], [ 26.898429, 60.567876, 0.0 ], [ 26.898216, 60.567853, 0.0 ] ] ] ] } },
{ "type": "Feature", "properties": { "address": "H442" }, "geometry": { "type": "MultiPolygon", "coordinates": [ [ [ [ 26.897835, 60.567702, 0.0 ], [ 26.897788, 60.567807, 0.0 ], [ 26.898002, 60.56783, 0.0 ], [ 26.898049, 60.567725, 0.0 ], [ 26.897835, 60.567702, 0.0 ] ] ] ] } },
{ "type": "Feature", "properties": { "address": "H441" }, "geometry": { "type": "MultiPolygon", "coordinates": [ [ [ [ 26.897622, 60.567678, 0.0 ], [ 26.897575, 60.567784, 0.0 ], [ 26.897788, 60.567807, 0.0 ], [ 26.897835, 60.567702, 0.0 ], [ 26.897622, 60.567678, 0.0 ] ] ] ] } },
{ "type": "Feature", "properties": { "address": "H440" }, "geometry": { "type": "MultiPolygon", "coordinates": [ [ [ [ 26.897408, 60.567655, 0.0 ], [ 26.897361, 60.56776, 0.0 ], [ 26.897575, 60.567784, 0.0 ], [ 26.897622, 60.567678, 0.0 ], [ 26.897408, 60.567655, 0.0 ] ] ] ] } },
{ "type": "Feature", "properties": { "address": "H443" }, "geometry": { "type": "MultiPolygon", "coordinates": [ [ [ [ 26.898049, 60.567725, 0.0 ], [ 26.898002, 60.56783, 0.0 ], [ 26.898216, 60.567853, 0.0 ], [ 26.898263, 60.567748, 0.0 ], [ 26.898049, 60.567725, 0.0 ] ] ] ] } },
{ "type": "Feature", "properties": { "address": "H444" }, "geometry": { "type": "MultiPolygon", "coordinates": [ [ [ [ 26.898263, 60.567748, 0.0 ], [ 26.898216, 60.567853, 0.0 ], [ 26.898429, 60.567876, 0.0 ], [ 26.898476, 60.567771, 0.0 ], [ 26.898263, 60.567748, 0.0 ] ] ] ] } },
{ "type": "Feature", "properties": { "address": "H446" }, "geometry": { "type": "MultiPolygon", "coordinates": [ [ [ [ 26.897883, 60.567596, 0.0 ], [ 26.897835, 60.567702, 0.0 ], [ 26.898049, 60.567725, 0.0 ], [ 26.898096, 60.56762, 0.0 ], [ 26.897883, 60.567596, 0.0 ] ] ] ] } },
{ "type": "Feature", "properties": { "address": "H445" }, "geometry": { "type": "MultiPolygon", "coordinates": [ [ [ [ 26.897669, 60.567573, 0.0 ], [ 26.897622, 60.567678, 0.0 ], [ 26.897835, 60.567702, 0.0 ], [ 26.897883, 60.567596, 0.0 ], [ 26.897669, 60.567573, 0.0 ] ] ] ] } },
{ "type": "Feature", "properties": { "address": "H447" }, "geometry": { "type": "MultiPolygon", "coordinates": [ [ [ [ 26.898096, 60.56762, 0.0 ], [ 26.898049, 60.567725, 0.0 ], [ 26.898263, 60.567748, 0.0 ], [ 26.89831, 60.567643, 0.0 ], [ 26.898096, 60.56762, 0.0 ] ] ] ] } },
{ "type": "Feature", "properties": { "address": "H448" }, "geometry": { "type": "MultiPolygon", "coordinates": [ [ [ [ 26.897716, 60.567468, 0.0 ], [ 26.897669, 60.567573, 0.0 ], [ 26.897883, 60.567596, 0.0 ], [ 26.89793, 60.567491, 0.0 ], [ 26.897716, 60.567468, 0.0 ] ] ] ] } },
{ "type": "Feature", "properties": { "address": "H395" }, "geometry": { "type": "MultiPolygon", "coordinates": [ [ [ [ 26.897719, 60.568461, 0.0 ], [ 26.897671, 60.568566, 0.0 ], [ 26.897885, 60.568589, 0.0 ], [ 26.897932, 60.568484, 0.0 ], [ 26.897719, 60.568461, 0.0 ] ] ] ] } },
{ "type": "Feature", "properties": { "address": "H394" }, "geometry": { "type": "MultiPolygon", "coordinates": [ [ [ [ 26.897505, 60.568438, 0.0 ], [ 26.897458, 60.568543, 0.0 ], [ 26.897671, 60.568566, 0.0 ], [ 26.897719, 60.568461, 0.0 ], [ 26.897505, 60.568438, 0.0 ] ] ] ] } },
{ "type": "Feature", "properties": { "address": "H379" }, "geometry": { "type": "MultiPolygon", "coordinates": [ [ [ [ 26.896603, 60.56845, 0.0 ], [ 26.896556, 60.568555, 0.0 ], [ 26.89677, 60.568578, 0.0 ], [ 26.896817, 60.568473, 0.0 ], [ 26.896603, 60.56845, 0.0 ] ] ] ] } },
{ "type": "Feature", "properties": { "address": "H412" }, "geometry": { "type": "MultiPolygon", "coordinates": [ [ [ [ 26.897599, 60.568227, 0.0 ], [ 26.897552, 60.568333, 0.0 ], [ 26.897766, 60.568356, 0.0 ], [ 26.897813, 60.568251, 0.0 ], [ 26.897599, 60.568227, 0.0 ] ] ] ] } },
{ "type": "Feature", "properties": { "address": "H404" }, "geometry": { "type": "MultiPolygon", "coordinates": [ [ [ [ 26.897552, 60.568333, 0.0 ], [ 26.897505, 60.568438, 0.0 ], [ 26.897719, 60.568461, 0.0 ], [ 26.897766, 60.568356, 0.0 ], [ 26.897552, 60.568333, 0.0 ] ] ] ] } },
{ "type": "Feature", "properties": { "address": "H420" }, "geometry": { "type": "MultiPolygon", "coordinates": [ [ [ [ 26.898288, 60.568192, 0.0 ], [ 26.89824, 60.568297, 0.0 ], [ 26.898454, 60.56832, 0.0 ], [ 26.898501, 60.568215, 0.0 ], [ 26.898288, 60.568192, 0.0 ] ] ] ] } },
{ "type": "Feature", "properties": { "address": "H414" }, "geometry": { "type": "MultiPolygon", "coordinates": [ [ [ [ 26.89824, 60.568297, 0.0 ], [ 26.898193, 60.568402, 0.0 ], [ 26.898407, 60.568425, 0.0 ], [ 26.898454, 60.56832, 0.0 ], [ 26.89824, 60.568297, 0.0 ] ] ] ] } },
{ "type": "Feature", "properties": { "address": "H423" }, "geometry": { "type": "MultiPolygon", "coordinates": [ [ [ [ 26.89748, 60.567994, 0.0 ], [ 26.897433, 60.568099, 0.0 ], [ 26.897647, 60.568122, 0.0 ], [ 26.897694, 60.568017, 0.0 ], [ 26.89748, 60.567994, 0.0 ] ] ] ] } },
{ "type": "Feature", "properties": { "address": "H416" }, "geometry": { "type": "MultiPolygon", "coordinates": [ [ [ [ 26.897219, 60.568076, 0.0 ], [ 26.897172, 60.568181, 0.0 ], [ 26.897386, 60.568204, 0.0 ], [ 26.897433, 60.568099, 0.0 ], [ 26.897219, 60.568076, 0.0 ] ] ] ] } },
{ "type": "Feature", "properties": { "address": "H382" }, "geometry": { "type": "MultiPolygon", "coordinates": [ [ [ [ 26.897244, 60.56852, 0.0 ], [ 26.897197, 60.568625, 0.0 ], [ 26.897411, 60.568648, 0.0 ], [ 26.897458, 60.568543, 0.0 ], [ 26.897244, 60.56852, 0.0 ] ] ] ] } },
{ "type": "Feature", "properties": { "address": "H385" }, "geometry": { "type": "MultiPolygon", "coordinates": [ [ [ [ 26.897885, 60.568589, 0.0 ], [ 26.897838, 60.568695, 0.0 ], [ 26.898052, 60.568718, 0.0 ], [ 26.898099, 60.568613, 0.0 ], [ 26.897885, 60.568589, 0.0 ] ] ] ] } },
{ "type": "Feature", "properties": { "address": "H386" }, "geometry": { "type": "MultiPolygon", "coordinates": [ [ [ [ 26.898099, 60.568613, 0.0 ], [ 26.898052, 60.568718, 0.0 ], [ 26.898265, 60.568741, 0.0 ], [ 26.898312, 60.568636, 0.0 ], [ 26.898099, 60.568613, 0.0 ] ] ] ] } },
{ "type": "Feature", "properties": { "address": "H384" }, "geometry": { "type": "MultiPolygon", "coordinates": [ [ [ [ 26.897671, 60.568566, 0.0 ], [ 26.897624, 60.568671, 0.0 ], [ 26.897838, 60.568695, 0.0 ], [ 26.897885, 60.568589, 0.0 ], [ 26.897671, 60.568566, 0.0 ] ] ] ] } },
{ "type": "Feature", "properties": { "address": "H383" }, "geometry": { "type": "MultiPolygon", "coordinates": [ [ [ [ 26.897458, 60.568543, 0.0 ], [ 26.897411, 60.568648, 0.0 ], [ 26.897624, 60.568671, 0.0 ], [ 26.897671, 60.568566, 0.0 ], [ 26.897458, 60.568543, 0.0 ] ] ] ] } },
{ "type": "Feature", "properties": { "address": "H380" }, "geometry": { "type": "MultiPolygon", "coordinates": [ [ [ [ 26.896817, 60.568473, 0.0 ], [ 26.89677, 60.568578, 0.0 ], [ 26.896983, 60.568602, 0.0 ], [ 26.89703, 60.568496, 0.0 ], [ 26.896817, 60.568473, 0.0 ] ] ] ] } },
{ "type": "Feature", "properties": { "address": "H381" }, "geometry": { "type": "MultiPolygon", "coordinates": [ [ [ [ 26.89703, 60.568496, 0.0 ], [ 26.896983, 60.568602, 0.0 ], [ 26.897197, 60.568625, 0.0 ], [ 26.897244, 60.56852, 0.0 ], [ 26.89703, 60.568496, 0.0 ] ] ] ] } },
{ "type": "Feature", "properties": { "address": "H377" }, "geometry": { "type": "MultiPolygon", "coordinates": [ [ [ [ 26.896556, 60.568555, 0.0 ], [ 26.896509, 60.56866, 0.0 ], [ 26.896722, 60.568684, 0.0 ], [ 26.89677, 60.568578, 0.0 ], [ 26.896556, 60.568555, 0.0 ] ] ] ] } },
{ "type": "Feature", "properties": { "address": "H399" }, "geometry": { "type": "MultiPolygon", "coordinates": [ [ [ [ 26.898573, 60.568554, 0.0 ], [ 26.898526, 60.568659, 0.0 ], [ 26.89874, 60.568682, 0.0 ], [ 26.898787, 60.568577, 0.0 ], [ 26.898573, 60.568554, 0.0 ] ] ] ] } },
{ "type": "Feature", "properties": { "address": "H434" }, "geometry": { "type": "MultiPolygon", "coordinates": [ [ [ [ 26.898382, 60.567982, 0.0 ], [ 26.898335, 60.568087, 0.0 ], [ 26.898548, 60.56811, 0.0 ], [ 26.898596, 60.568005, 0.0 ], [ 26.898382, 60.567982, 0.0 ] ] ] ] } },
{ "type": "Feature", "properties": { "address": "H439" }, "geometry": { "type": "MultiPolygon", "coordinates": [ [ [ [ 26.898429, 60.567876, 0.0 ], [ 26.898382, 60.567982, 0.0 ], [ 26.898596, 60.568005, 0.0 ], [ 26.898643, 60.5679, 0.0 ], [ 26.898429, 60.567876, 0.0 ] ] ] ] } },
{ "type": "Feature", "properties": { "address": "I75" }, "geometry": { "type": "MultiPolygon", "coordinates": [ [ [ [ 26.900971, 60.56651, -0.061709 ], [ 26.900908, 60.566595, -0.061709 ], [ 26.901079, 60.566625, -0.061709 ], [ 26.901142, 60.566541, -0.061709 ], [ 26.900971, 60.56651, -0.061709 ] ] ] ] } },
{ "type": "Feature", "properties": { "address": "I58" }, "geometry": { "type": "MultiPolygon", "coordinates": [ [ [ [ 26.900908, 60.566595, -0.061709 ], [ 26.900845, 60.566679, -0.061709 ], [ 26.901017, 60.56671, -0.061709 ], [ 26.901079, 60.566625, -0.061709 ], [ 26.900908, 60.566595, -0.061709 ] ] ] ] } },
{ "type": "Feature", "properties": { "address": "I42" }, "geometry": { "type": "MultiPolygon", "coordinates": [ [ [ [ 26.900845, 60.566679, -0.061709 ], [ 26.900783, 60.566763, -0.061709 ], [ 26.900954, 60.566794, -0.061709 ], [ 26.901017, 60.56671, -0.061709 ], [ 26.900845, 60.566679, -0.061709 ] ] ] ] } },
{ "type": "Feature", "properties": { "address": "I27" }, "geometry": { "type": "MultiPolygon", "coordinates": [ [ [ [ 26.900783, 60.566763, -0.061709 ], [ 26.90072, 60.566848, -0.061709 ], [ 26.900892, 60.566879, -0.061709 ], [ 26.900954, 60.566794, -0.061709 ], [ 26.900783, 60.566763, -0.061709 ] ] ] ] } },
{ "type": "Feature", "properties": { "address": "I11" }, "geometry": { "type": "MultiPolygon", "coordinates": [ [ [ [ 26.90072, 60.566848, -0.061709 ], [ 26.900658, 60.566932, -0.061709 ], [ 26.900829, 60.566963, -0.061709 ], [ 26.900892, 60.566879, -0.061709 ], [ 26.90072, 60.566848, -0.061709 ] ] ] ] } },
{ "type": "Feature", "properties": { "address": "I76" }, "geometry": { "type": "MultiPolygon", "coordinates": [ [ [ [ 26.901142, 60.566541, -0.061709 ], [ 26.901079, 60.566625, -0.061709 ], [ 26.901251, 60.566656, -0.061709 ], [ 26.901313, 60.566572, -0.061709 ], [ 26.901142, 60.566541, -0.061709 ] ] ] ] } },
{ "type": "Feature", "properties": { "address": "I59" }, "geometry": { "type": "MultiPolygon", "coordinates": [ [ [ [ 26.901079, 60.566625, -0.061709 ], [ 26.901017, 60.56671, -0.061709 ], [ 26.901188, 60.566741, -0.061709 ], [ 26.901251, 60.566656, -0.061709 ], [ 26.901079, 60.566625, -0.061709 ] ] ] ] } },
{ "type": "Feature", "properties": { "address": "I43" }, "geometry": { "type": "MultiPolygon", "coordinates": [ [ [ [ 26.901017, 60.56671, -0.061709 ], [ 26.900954, 60.566794, -0.061709 ], [ 26.901126, 60.566825, -0.061709 ], [ 26.901188, 60.566741, -0.061709 ], [ 26.901017, 60.56671, -0.061709 ] ] ] ] } },
{ "type": "Feature", "properties": { "address": "I28" }, "geometry": { "type": "MultiPolygon", "coordinates": [ [ [ [ 26.900954, 60.566794, -0.061709 ], [ 26.900892, 60.566879, -0.061709 ], [ 26.901063, 60.566909, -0.061709 ], [ 26.901126, 60.566825, -0.061709 ], [ 26.900954, 60.566794, -0.061709 ] ] ] ] } },
{ "type": "Feature", "properties": { "address": "I12" }, "geometry": { "type": "MultiPolygon", "coordinates": [ [ [ [ 26.900892, 60.566879, -0.061709 ], [ 26.900829, 60.566963, -0.061709 ], [ 26.901, 60.566994, -0.061709 ], [ 26.901063, 60.566909, -0.061709 ], [ 26.900892, 60.566879, -0.061709 ] ] ] ] } },
{ "type": "Feature", "properties": { "address": "I77" }, "geometry": { "type": "MultiPolygon", "coordinates": [ [ [ [ 26.901313, 60.566572, -0.061709 ], [ 26.901251, 60.566656, -0.061709 ], [ 26.901422, 60.566687, -0.061709 ], [ 26.901485, 60.566603, -0.061709 ], [ 26.901313, 60.566572, -0.061709 ] ] ] ] } },
{ "type": "Feature", "properties": { "address": "I60" }, "geometry": { "type": "MultiPolygon", "coordinates": [ [ [ [ 26.901251, 60.566656, -0.061709 ], [ 26.901188, 60.566741, -0.061709 ], [ 26.90136, 60.566771, -0.061709 ], [ 26.901422, 60.566687, -0.061709 ], [ 26.901251, 60.566656, -0.061709 ] ] ] ] } },
{ "type": "Feature", "properties": { "address": "I44" }, "geometry": { "type": "MultiPolygon", "coordinates": [ [ [ [ 26.901188, 60.566741, -0.061709 ], [ 26.901126, 60.566825, -0.061709 ], [ 26.901297, 60.566856, -0.061709 ], [ 26.90136, 60.566771, -0.061709 ], [ 26.901188, 60.566741, -0.061709 ] ] ] ] } },
{ "type": "Feature", "properties": { "address": "I29" }, "geometry": { "type": "MultiPolygon", "coordinates": [ [ [ [ 26.901126, 60.566825, -0.061709 ], [ 26.901063, 60.566909, -0.061709 ], [ 26.901234, 60.56694, -0.061709 ], [ 26.901297, 60.566856, -0.061709 ], [ 26.901126, 60.566825, -0.061709 ] ] ] ] } },
{ "type": "Feature", "properties": { "address": "I13" }, "geometry": { "type": "MultiPolygon", "coordinates": [ [ [ [ 26.901063, 60.566909, -0.061709 ], [ 26.901, 60.566994, -0.061709 ], [ 26.901172, 60.567025, -0.061709 ], [ 26.901234, 60.56694, -0.061709 ], [ 26.901063, 60.566909, -0.061709 ] ] ] ] } },
{ "type": "Feature", "properties": { "address": "I78" }, "geometry": { "type": "MultiPolygon", "coordinates": [ [ [ [ 26.901485, 60.566603, -0.061709 ], [ 26.901422, 60.566687, -0.061709 ], [ 26.901594, 60.566718, -0.061709 ], [ 26.901656, 60.566634, -0.061709 ], [ 26.901485, 60.566603, -0.061709 ] ] ] ] } },
{ "type": "Feature", "properties": { "address": "I61" }, "geometry": { "type": "MultiPolygon", "coordinates": [ [ [ [ 26.901422, 60.566687, -0.061709 ], [ 26.90136, 60.566771, -0.061709 ], [ 26.901531, 60.566802, -0.061709 ], [ 26.901594, 60.566718, -0.061709 ], [ 26.901422, 60.566687, -0.061709 ] ] ] ] } },
{ "type": "Feature", "properties": { "address": "I45" }, "geometry": { "type": "MultiPolygon", "coordinates": [ [ [ [ 26.90136, 60.566771, -0.061709 ], [ 26.901297, 60.566856, -0.061709 ], [ 26.901468, 60.566887, -0.061709 ], [ 26.901531, 60.566802, -0.061709 ], [ 26.90136, 60.566771, -0.061709 ] ] ] ] } },
{ "type": "Feature", "properties": { "address": "I30" }, "geometry": { "type": "MultiPolygon", "coordinates": [ [ [ [ 26.901297, 60.566856, -0.061709 ], [ 26.901234, 60.56694, -0.061709 ], [ 26.901406, 60.566971, -0.061709 ], [ 26.901468, 60.566887, -0.061709 ], [ 26.901297, 60.566856, -0.061709 ] ] ] ] } },
{ "type": "Feature", "properties": { "address": "I14" }, "geometry": { "type": "MultiPolygon", "coordinates": [ [ [ [ 26.901234, 60.56694, -0.061709 ], [ 26.901172, 60.567025, -0.061709 ], [ 26.901343, 60.567055, -0.061709 ], [ 26.901406, 60.566971, -0.061709 ], [ 26.901234, 60.56694, -0.061709 ] ] ] ] } },
{ "type": "Feature", "properties": { "address": "I79" }, "geometry": { "type": "MultiPolygon", "coordinates": [ [ [ [ 26.901656, 60.566634, -0.061709 ], [ 26.901594, 60.566718, -0.061709 ], [ 26.901765, 60.566749, -0.061709 ], [ 26.901828, 60.566664, -0.061709 ], [ 26.901656, 60.566634, -0.061709 ] ] ] ] } },
{ "type": "Feature", "properties": { "address": "I62" }, "geometry": { "type": "MultiPolygon", "coordinates": [ [ [ [ 26.901594, 60.566718, -0.061709 ], [ 26.901531, 60.566802, -0.061709 ], [ 26.901702, 60.566833, -0.061709 ], [ 26.901765, 60.566749, -0.061709 ], [ 26.901594, 60.566718, -0.061709 ] ] ] ] } },
{ "type": "Feature", "properties": { "address": "I46" }, "geometry": { "type": "MultiPolygon", "coordinates": [ [ [ [ 26.901531, 60.566802, -0.061709 ], [ 26.901468, 60.566887, -0.061709 ], [ 26.90164, 60.566917, -0.061709 ], [ 26.901702, 60.566833, -0.061709 ], [ 26.901531, 60.566802, -0.061709 ] ] ] ] } },
{ "type": "Feature", "properties": { "address": "I31" }, "geometry": { "type": "MultiPolygon", "coordinates": [ [ [ [ 26.901468, 60.566887, -0.061709 ], [ 26.901406, 60.566971, -0.061709 ], [ 26.901577, 60.567002, -0.061709 ], [ 26.90164, 60.566917, -0.061709 ], [ 26.901468, 60.566887, -0.061709 ] ] ] ] } },
{ "type": "Feature", "properties": { "address": "I15" }, "geometry": { "type": "MultiPolygon", "coordinates": [ [ [ [ 26.901406, 60.566971, -0.061709 ], [ 26.901343, 60.567055, -0.061709 ], [ 26.901515, 60.567086, -0.061709 ], [ 26.901577, 60.567002, -0.061709 ], [ 26.901406, 60.566971, -0.061709 ] ] ] ] } },
{ "type": "Feature", "properties": { "address": "I80" }, "geometry": { "type": "MultiPolygon", "coordinates": [ [ [ [ 26.901828, 60.566664, -0.061709 ], [ 26.901765, 60.566749, -0.061709 ], [ 26.901936, 60.56678, -0.061709 ], [ 26.901999, 60.566695, -0.061709 ], [ 26.901828, 60.566664, -0.061709 ] ] ] ] } },
{ "type": "Feature", "properties": { "address": "I63" }, "geometry": { "type": "MultiPolygon", "coordinates": [ [ [ [ 26.901765, 60.566749, -0.061709 ], [ 26.901702, 60.566833, -0.061709 ], [ 26.901874, 60.566864, -0.061709 ], [ 26.901936, 60.56678, -0.061709 ], [ 26.901765, 60.566749, -0.061709 ] ] ] ] } },
{ "type": "Feature", "properties": { "address": "I47" }, "geometry": { "type": "MultiPolygon", "coordinates": [ [ [ [ 26.901702, 60.566833, -0.061709 ], [ 26.90164, 60.566917, -0.061709 ], [ 26.901811, 60.566948, -0.061709 ], [ 26.901874, 60.566864, -0.061709 ], [ 26.901702, 60.566833, -0.061709 ] ] ] ] } },
{ "type": "Feature", "properties": { "address": "I32" }, "geometry": { "type": "MultiPolygon", "coordinates": [ [ [ [ 26.90164, 60.566917, -0.061709 ], [ 26.901577, 60.567002, -0.061709 ], [ 26.901749, 60.567033, -0.061709 ], [ 26.901811, 60.566948, -0.061709 ], [ 26.90164, 60.566917, -0.061709 ] ] ] ] } },
{ "type": "Feature", "properties": { "address": "I16" }, "geometry": { "type": "MultiPolygon", "coordinates": [ [ [ [ 26.901577, 60.567002, -0.061709 ], [ 26.901515, 60.567086, -0.061709 ], [ 26.901686, 60.567117, -0.061709 ], [ 26.901749, 60.567033, -0.061709 ], [ 26.901577, 60.567002, -0.061709 ] ] ] ] } },
{ "type": "Feature", "properties": { "address": "I81" }, "geometry": { "type": "MultiPolygon", "coordinates": [ [ [ [ 26.901999, 60.566695, -0.061709 ], [ 26.901936, 60.56678, -0.061709 ], [ 26.902108, 60.56681, -0.061709 ], [ 26.90217, 60.566726, -0.061709 ], [ 26.901999, 60.566695, -0.061709 ] ] ] ] } },
{ "type": "Feature", "properties": { "address": "I64" }, "geometry": { "type": "MultiPolygon", "coordinates": [ [ [ [ 26.901936, 60.56678, -0.061709 ], [ 26.901874, 60.566864, -0.061709 ], [ 26.902045, 60.566895, -0.061709 ], [ 26.902108, 60.56681, -0.061709 ], [ 26.901936, 60.56678, -0.061709 ] ] ] ] } },
{ "type": "Feature", "properties": { "address": "I48" }, "geometry": { "type": "MultiPolygon", "coordinates": [ [ [ [ 26.901874, 60.566864, -0.061709 ], [ 26.901811, 60.566948, -0.061709 ], [ 26.901983, 60.566979, -0.061709 ], [ 26.902045, 60.566895, -0.061709 ], [ 26.901874, 60.566864, -0.061709 ] ] ] ] } },
{ "type": "Feature", "properties": { "address": "I33" }, "geometry": { "type": "MultiPolygon", "coordinates": [ [ [ [ 26.901811, 60.566948, -0.061709 ], [ 26.901749, 60.567033, -0.061709 ], [ 26.90192, 60.567063, -0.061709 ], [ 26.901983, 60.566979, -0.061709 ], [ 26.901811, 60.566948, -0.061709 ] ] ] ] } },
{ "type": "Feature", "properties": { "address": "I17" }, "geometry": { "type": "MultiPolygon", "coordinates": [ [ [ [ 26.901749, 60.567033, -0.061709 ], [ 26.901686, 60.567117, -0.061709 ], [ 26.901857, 60.567148, -0.061709 ], [ 26.90192, 60.567063, -0.061709 ], [ 26.901749, 60.567033, -0.061709 ] ] ] ] } },
{ "type": "Feature", "properties": { "address": "I82" }, "geometry": { "type": "MultiPolygon", "coordinates": [ [ [ [ 26.90217, 60.566726, -0.061709 ], [ 26.902108, 60.56681, -0.061709 ], [ 26.902279, 60.566841, -0.061709 ], [ 26.902342, 60.566757, -0.061709 ], [ 26.90217, 60.566726, -0.061709 ] ] ] ] } },
{ "type": "Feature", "properties": { "address": "I65" }, "geometry": { "type": "MultiPolygon", "coordinates": [ [ [ [ 26.902108, 60.56681, -0.061709 ], [ 26.902045, 60.566895, -0.061709 ], [ 26.902217, 60.566926, -0.061709 ], [ 26.902279, 60.566841, -0.061709 ], [ 26.902108, 60.56681, -0.061709 ] ] ] ] } },
{ "type": "Feature", "properties": { "address": "I49" }, "geometry": { "type": "MultiPolygon", "coordinates": [ [ [ [ 26.902045, 60.566895, -0.061709 ], [ 26.901983, 60.566979, -0.061709 ], [ 26.902154, 60.56701, -0.061709 ], [ 26.902217, 60.566926, -0.061709 ], [ 26.902045, 60.566895, -0.061709 ] ] ] ] } },
{ "type": "Feature", "properties": { "address": "I34" }, "geometry": { "type": "MultiPolygon", "coordinates": [ [ [ [ 26.901983, 60.566979, -0.061709 ], [ 26.90192, 60.567063, -0.061709 ], [ 26.902091, 60.567094, -0.061709 ], [ 26.902154, 60.56701, -0.061709 ], [ 26.901983, 60.566979, -0.061709 ] ] ] ] } },
{ "type": "Feature", "properties": { "address": "I18" }, "geometry": { "type": "MultiPolygon", "coordinates": [ [ [ [ 26.90192, 60.567063, -0.061709 ], [ 26.901857, 60.567148, -0.061709 ], [ 26.902029, 60.567179, -0.061709 ], [ 26.902091, 60.567094, -0.061709 ], [ 26.90192, 60.567063, -0.061709 ] ] ] ] } },
{ "type": "Feature", "properties": { "address": "I73" }, "geometry": { "type": "MultiPolygon", "coordinates": [ [ [ [ 26.900628, 60.566449, -0.061709 ], [ 26.900565, 60.566533, -0.061709 ], [ 26.900737, 60.566564, -0.061709 ], [ 26.900799, 60.566479, -0.061709 ], [ 26.900628, 60.566449, -0.061709 ] ] ] ] } },
{ "type": "Feature", "properties": { "address": "I56" }, "geometry": { "type": "MultiPolygon", "coordinates": [ [ [ [ 26.900565, 60.566533, -0.061709 ], [ 26.900503, 60.566617, -0.061709 ], [ 26.900674, 60.566648, -0.061709 ], [ 26.900737, 60.566564, -0.061709 ], [ 26.900565, 60.566533, -0.061709 ] ] ] ] } },
{ "type": "Feature", "properties": { "address": "I40" }, "geometry": { "type": "MultiPolygon", "coordinates": [ [ [ [ 26.900503, 60.566617, -0.061709 ], [ 26.90044, 60.566702, -0.061709 ], [ 26.900611, 60.566733, -0.061709 ], [ 26.900674, 60.566648, -0.061709 ], [ 26.900503, 60.566617, -0.061709 ] ] ] ] } },
{ "type": "Feature", "properties": { "address": "I74" }, "geometry": { "type": "MultiPolygon", "coordinates": [ [ [ [ 26.900799, 60.566479, -0.061709 ], [ 26.900737, 60.566564, -0.061709 ], [ 26.900908, 60.566595, -0.061709 ], [ 26.900971, 60.56651, -0.061709 ], [ 26.900799, 60.566479, -0.061709 ] ] ] ] } },
{ "type": "Feature", "properties": { "address": "I57" }, "geometry": { "type": "MultiPolygon", "coordinates": [ [ [ [ 26.900737, 60.566564, -0.061709 ], [ 26.900674, 60.566648, -0.061709 ], [ 26.900845, 60.566679, -0.061709 ], [ 26.900908, 60.566595, -0.061709 ], [ 26.900737, 60.566564, -0.061709 ] ] ] ] } },
{ "type": "Feature", "properties": { "address": "I41" }, "geometry": { "type": "MultiPolygon", "coordinates": [ [ [ [ 26.900674, 60.566648, -0.061709 ], [ 26.900611, 60.566733, -0.061709 ], [ 26.900783, 60.566763, -0.061709 ], [ 26.900845, 60.566679, -0.061709 ], [ 26.900674, 60.566648, -0.061709 ] ] ] ] } },
{ "type": "Feature", "properties": { "address": "I26" }, "geometry": { "type": "MultiPolygon", "coordinates": [ [ [ [ 26.900611, 60.566733, -0.061709 ], [ 26.900549, 60.566817, -0.061709 ], [ 26.90072, 60.566848, -0.061709 ], [ 26.900783, 60.566763, -0.061709 ], [ 26.900611, 60.566733, -0.061709 ] ] ] ] } },
{ "type": "Feature", "properties": { "address": "I10" }, "geometry": { "type": "MultiPolygon", "coordinates": [ [ [ [ 26.900549, 60.566817, -0.061709 ], [ 26.900486, 60.566901, -0.061709 ], [ 26.900658, 60.566932, -0.061709 ], [ 26.90072, 60.566848, -0.061709 ], [ 26.900549, 60.566817, -0.061709 ] ] ] ] } },
{ "type": "Feature", "properties": { "address": "I25" }, "geometry": { "type": "MultiPolygon", "coordinates": [ [ [ [ 26.90044, 60.566702, -0.061709 ], [ 26.900377, 60.566786, -0.061709 ], [ 26.900549, 60.566817, -0.061709 ], [ 26.900611, 60.566733, -0.061709 ], [ 26.90044, 60.566702, -0.061709 ] ] ] ] } },
{ "type": "Feature", "properties": { "address": "I9" }, "geometry": { "type": "MultiPolygon", "coordinates": [ [ [ [ 26.900377, 60.566786, -0.061709 ], [ 26.900315, 60.56687, -0.061709 ], [ 26.900486, 60.566901, -0.061709 ], [ 26.900549, 60.566817, -0.061709 ], [ 26.900377, 60.566786, -0.061709 ] ] ] ] } },
{ "type": "Feature", "properties": { "address": "I38" }, "geometry": { "type": "MultiPolygon", "coordinates": [ [ [ [ 26.90016, 60.566556, -0.061709 ], [ 26.900097, 60.56664, -0.061709 ], [ 26.900269, 60.566671, -0.061709 ], [ 26.900331, 60.566587, -0.061709 ], [ 26.90016, 60.566556, -0.061709 ] ] ] ] } },
{ "type": "Feature", "properties": { "address": "I24" }, "geometry": { "type": "MultiPolygon", "coordinates": [ [ [ [ 26.900269, 60.566671, -0.061709 ], [ 26.900206, 60.566755, -0.061709 ], [ 26.900377, 60.566786, -0.061709 ], [ 26.90044, 60.566702, -0.061709 ], [ 26.900269, 60.566671, -0.061709 ] ] ] ] } },
{ "type": "Feature", "properties": { "address": "I8" }, "geometry": { "type": "MultiPolygon", "coordinates": [ [ [ [ 26.900206, 60.566755, -0.061709 ], [ 26.900143, 60.56684, -0.061709 ], [ 26.900315, 60.56687, -0.061709 ], [ 26.900377, 60.566786, -0.061709 ], [ 26.900206, 60.566755, -0.061709 ] ] ] ] } },
{ "type": "Feature", "properties": { "address": "I23" }, "geometry": { "type": "MultiPolygon", "coordinates": [ [ [ [ 26.900097, 60.56664, -0.061709 ], [ 26.900035, 60.566724, -0.061709 ], [ 26.900206, 60.566755, -0.061709 ], [ 26.900269, 60.566671, -0.061709 ], [ 26.900097, 60.56664, -0.061709 ] ] ] ] } },
{ "type": "Feature", "properties": { "address": "I7" }, "geometry": { "type": "MultiPolygon", "coordinates": [ [ [ [ 26.900035, 60.566724, -0.061709 ], [ 26.899972, 60.566809, -0.061709 ], [ 26.900143, 60.56684, -0.061709 ], [ 26.900206, 60.566755, -0.061709 ], [ 26.900035, 60.566724, -0.061709 ] ] ] ] } },
{ "type": "Feature", "properties": { "address": "I39" }, "geometry": { "type": "MultiPolygon", "coordinates": [ [ [ [ 26.900331, 60.566587, -0.061709 ], [ 26.900269, 60.566671, -0.061709 ], [ 26.90044, 60.566702, -0.061709 ], [ 26.900503, 60.566617, -0.061709 ], [ 26.900331, 60.566587, -0.061709 ] ] ] ] } },
{ "type": "Feature", "properties": { "address": "I20" }, "geometry": { "type": "MultiPolygon", "coordinates": [ [ [ [ 26.899401, 60.566545, 0.021233 ], [ 26.899486, 60.566465, 0.016898 ], [ 26.899324, 60.566423, 0.021679 ], [ 26.899239, 60.566503, 0.026014 ], [ 26.899401, 60.566545, 0.021233 ] ] ] ] } },
{ "type": "Feature", "properties": { "address": "I37" }, "geometry": { "type": "MultiPolygon", "coordinates": [ [ [ [ 26.899647, 60.566507, 0.012116 ], [ 26.899732, 60.566427, 0.007781 ], [ 26.89957, 60.566385, 0.012562 ], [ 26.899486, 60.566465, 0.016898 ], [ 26.899647, 60.566507, 0.012116 ] ] ] ] } },
{ "type": "Feature", "properties": { "address": "I36" }, "geometry": { "type": "MultiPolygon", "coordinates": [ [ [ [ 26.899486, 60.566465, 0.016898 ], [ 26.89957, 60.566385, 0.012562 ], [ 26.899409, 60.566344, 0.017343 ], [ 26.899324, 60.566423, 0.021679 ], [ 26.899486, 60.566465, 0.016898 ] ] ] ] } },
{ "type": "Feature", "properties": { "address": "I52" }, "geometry": { "type": "MultiPolygon", "coordinates": [ [ [ [ 26.89957, 60.566385, 0.012562 ], [ 26.899655, 60.566306, 0.008226 ], [ 26.899493, 60.566264, 0.013007 ], [ 26.899409, 60.566344, 0.017343 ], [ 26.89957, 60.566385, 0.012562 ] ] ] ] } },
{ "type": "Feature", "properties": { "address": "I53" }, "geometry": { "type": "MultiPolygon", "coordinates": [ [ [ [ 26.899732, 60.566427, 0.007781 ], [ 26.899817, 60.566348, 0.003445 ], [ 26.899655, 60.566306, 0.008226 ], [ 26.89957, 60.566385, 0.012562 ], [ 26.899732, 60.566427, 0.007781 ] ] ] ] } },
{ "type": "Feature", "properties": { "address": "I68" }, "geometry": { "type": "MultiPolygon", "coordinates": [ [ [ [ 26.899655, 60.566306, 0.008226 ], [ 26.89974, 60.566226, 0.00389 ], [ 26.899578, 60.566185, 0.008672 ], [ 26.899493, 60.566264, 0.013007 ], [ 26.899655, 60.566306, 0.008226 ] ] ] ] } },
{ "type": "Feature", "properties": { "address": "I69" }, "geometry": { "type": "MultiPolygon", "coordinates": [ [ [ [ 26.899817, 60.566348, 0.003445 ], [ 26.899901, 60.566268, -0.000891 ], [ 26.89974, 60.566226, 0.00389 ], [ 26.899655, 60.566306, 0.008226 ], [ 26.899817, 60.566348, 0.003445 ] ] ] ] } },
{ "type": "Feature", "properties": { "address": "I85" }, "geometry": { "type": "MultiPolygon", "coordinates": [ [ [ [ 26.89974, 60.566226, 0.00389 ], [ 26.899824, 60.566147, -0.000445 ], [ 26.899663, 60.566105, 0.004336 ], [ 26.899578, 60.566185, 0.008672 ], [ 26.89974, 60.566226, 0.00389 ] ] ] ] } },
{ "type": "Feature", "properties": { "address": "I86" }, "geometry": { "type": "MultiPolygon", "coordinates": [ [ [ [ 26.899901, 60.566268, -0.000891 ], [ 26.899986, 60.566188, -0.005226 ], [ 26.899824, 60.566147, -0.000445 ], [ 26.89974, 60.566226, 0.00389 ], [ 26.899901, 60.566268, -0.000891 ] ] ] ] } },
{ "type": "Feature", "properties": { "address": "I92" }, "geometry": { "type": "MultiPolygon", "coordinates": [ [ [ [ 26.899824, 60.566147, -0.000445 ], [ 26.899909, 60.566067, -0.004781 ], [ 26.899747, 60.566026, 0.0 ], [ 26.899663, 60.566105, 0.004336 ], [ 26.899824, 60.566147, -0.000445 ] ] ] ] } },
{ "type": "Feature", "properties": { "address": "I93" }, "geometry": { "type": "MultiPolygon", "coordinates": [ [ [ [ 26.899986, 60.566188, -0.005226 ], [ 26.900071, 60.566109, -0.009562 ], [ 26.899909, 60.566067, -0.004781 ], [ 26.899824, 60.566147, -0.000445 ], [ 26.899986, 60.566188, -0.005226 ] ] ] ] } },
{ "type": "Feature", "properties": { "address": "I54" }, "geometry": { "type": "MultiPolygon", "coordinates": [ [ [ [ 26.899894, 60.566469, 0.003 ], [ 26.899978, 60.566389, -0.001336 ], [ 26.899817, 60.566348, 0.003445 ], [ 26.899732, 60.566427, 0.007781 ], [ 26.899894, 60.566469, 0.003 ] ] ] ] } },
{ "type": "Feature", "properties": { "address": "I70" }, "geometry": { "type": "MultiPolygon", "coordinates": [ [ [ [ 26.899978, 60.566389, -0.001336 ], [ 26.900063, 60.56631, -0.005672 ], [ 26.899901, 60.566268, -0.000891 ], [ 26.899817, 60.566348, 0.003445 ], [ 26.899978, 60.566389, -0.001336 ] ] ] ] } },
{ "type": "Feature", "properties": { "address": "I87" }, "geometry": { "type": "MultiPolygon", "coordinates": [ [ [ [ 26.900063, 60.56631, -0.005672 ], [ 26.900148, 60.56623, -0.010008 ], [ 26.899986, 60.566188, -0.005226 ], [ 26.899901, 60.566268, -0.000891 ], [ 26.900063, 60.56631, -0.005672 ] ] ] ] } },
{ "type": "Feature", "properties": { "address": "I94" }, "geometry": { "type": "MultiPolygon", "coordinates": [ [ [ [ 26.900148, 60.56623, -0.010008 ], [ 26.900232, 60.566151, -0.014343 ], [ 26.900071, 60.566109, -0.009562 ], [ 26.899986, 60.566188, -0.005226 ], [ 26.900148, 60.56623, -0.010008 ] ] ] ] } },
{ "type": "Feature", "properties": { "address": "I71" }, "geometry": { "type": "MultiPolygon", "coordinates": [ [ [ [ 26.90014, 60.566431, -0.006117 ], [ 26.900225, 60.566351, -0.010453 ], [ 26.900063, 60.56631, -0.005672 ], [ 26.899978, 60.566389, -0.001336 ], [ 26.90014, 60.566431, -0.006117 ] ] ] ] } },
{ "type": "Feature", "properties": { "address": "I88" }, "geometry": { "type": "MultiPolygon", "coordinates": [ [ [ [ 26.900225, 60.566351, -0.010453 ], [ 26.900309, 60.566272, -0.014789 ], [ 26.900148, 60.56623, -0.010008 ], [ 26.900063, 60.56631, -0.005672 ], [ 26.900225, 60.566351, -0.010453 ] ] ] ] } },
{ "type": "Feature", "properties": { "address": "I95" }, "geometry": { "type": "MultiPolygon", "coordinates": [ [ [ [ 26.900309, 60.566272, -0.014789 ], [ 26.900394, 60.566192, -0.019124 ], [ 26.900232, 60.566151, -0.014343 ], [ 26.900148, 60.56623, -0.010008 ], [ 26.900309, 60.566272, -0.014789 ] ] ] ] } },
{ "type": "Feature", "properties": { "address": "I89" }, "geometry": { "type": "MultiPolygon", "coordinates": [ [ [ [ 26.900386, 60.566393, -0.015234 ], [ 26.900471, 60.566313, -0.01957 ], [ 26.900309, 60.566272, -0.014789 ], [ 26.900225, 60.566351, -0.010453 ], [ 26.900386, 60.566393, -0.015234 ] ] ] ] } },
{ "type": "Feature", "properties": { "address": "I96" }, "geometry": { "type": "MultiPolygon", "coordinates": [ [ [ [ 26.900471, 60.566313, -0.01957 ], [ 26.900556, 60.566234, -0.023906 ], [ 26.900394, 60.566192, -0.019124 ], [ 26.900309, 60.566272, -0.014789 ], [ 26.900471, 60.566313, -0.01957 ] ] ] ] } },
{ "type": "Feature", "properties": { "address": "I84" }, "geometry": { "type": "MultiPolygon", "coordinates": [ [ [ [ 26.899578, 60.566185, 0.008672 ], [ 26.899663, 60.566105, 0.004336 ], [ 26.899501, 60.566063, 0.009117 ], [ 26.899416, 60.566143, 0.013453 ], [ 26.899578, 60.566185, 0.008672 ] ] ] ] } },
{ "type": "Feature", "properties": { "address": "I91" }, "geometry": { "type": "MultiPolygon", "coordinates": [ [ [ [ 26.899663, 60.566105, 0.004336 ], [ 26.899747, 60.566026, 0.0 ], [ 26.899586, 60.565984, 0.004781 ], [ 26.899501, 60.566063, 0.009117 ], [ 26.899663, 60.566105, 0.004336 ] ] ] ] } },
{ "type": "Feature", "properties": { "address": "I51" }, "geometry": { "type": "MultiPolygon", "coordinates": [ [ [ [ 26.899409, 60.566344, 0.017343 ], [ 26.899493, 60.566264, 0.013007 ], [ 26.899332, 60.566223, 0.017788 ], [ 26.899247, 60.566302, 0.022124 ], [ 26.899409, 60.566344, 0.017343 ] ] ] ] } },
{ "type": "Feature", "properties": { "address": "I67" }, "geometry": { "type": "MultiPolygon", "coordinates": [ [ [ [ 26.899493, 60.566264, 0.013007 ], [ 26.899578, 60.566185, 0.008672 ], [ 26.899416, 60.566143, 0.013453 ], [ 26.899332, 60.566223, 0.017788 ], [ 26.899493, 60.566264, 0.013007 ] ] ] ] } },
{ "type": "Feature", "properties": { "address": "I19" }, "geometry": { "type": "MultiPolygon", "coordinates": [ [ [ [ 26.899239, 60.566503, 0.026014 ], [ 26.899324, 60.566423, 0.021679 ], [ 26.899162, 60.566382, 0.02646 ], [ 26.899078, 60.566461, 0.030796 ], [ 26.899239, 60.566503, 0.026014 ] ] ] ] } },
{ "type": "Feature", "properties": { "address": "I35" }, "geometry": { "type": "MultiPolygon", "coordinates": [ [ [ [ 26.899324, 60.566423, 0.021679 ], [ 26.899409, 60.566344, 0.017343 ], [ 26.899247, 60.566302, 0.022124 ], [ 26.899162, 60.566382, 0.02646 ], [ 26.899324, 60.566423, 0.021679 ] ] ] ] } },
{ "type": "Feature", "properties": { "address": "I4" }, "geometry": { "type": "MultiPolygon", "coordinates": [ [ [ [ 26.899316, 60.566624, 0.025569 ], [ 26.899401, 60.566545, 0.021233 ], [ 26.899239, 60.566503, 0.026014 ], [ 26.899155, 60.566582, 0.03035 ], [ 26.899316, 60.566624, 0.025569 ] ] ] ] } },
{ "type": "Feature", "properties": { "address": "I3" }, "geometry": { "type": "MultiPolygon", "coordinates": [ [ [ [ 26.899155, 60.566582, 0.03035 ], [ 26.899239, 60.566503, 0.026014 ], [ 26.899078, 60.566461, 0.030796 ], [ 26.898993, 60.566541, 0.035131 ], [ 26.899155, 60.566582, 0.03035 ] ] ] ] } },
{ "type": "Feature", "properties": { "address": "I83" }, "geometry": { "type": "MultiPolygon", "coordinates": [ [ [ [ 26.899416, 60.566143, 0.013453 ], [ 26.899501, 60.566063, 0.009117 ], [ 26.899339, 60.566022, 0.013898 ], [ 26.899255, 60.566101, 0.018234 ], [ 26.899416, 60.566143, 0.013453 ] ] ] ] } },
{ "type": "Feature", "properties": { "address": "I90" }, "geometry": { "type": "MultiPolygon", "coordinates": [ [ [ [ 26.899501, 60.566063, 0.009117 ], [ 26.899586, 60.565984, 0.004781 ], [ 26.899424, 60.565942, 0.009563 ], [ 26.899339, 60.566022, 0.013898 ], [ 26.899501, 60.566063, 0.009117 ] ] ] ] } },
{ "type": "Feature", "properties": { "address": "I66" }, "geometry": { "type": "MultiPolygon", "coordinates": [ [ [ [ 26.899332, 60.566223, 0.017788 ], [ 26.899416, 60.566143, 0.013453 ], [ 26.899255, 60.566101, 0.018234 ], [ 26.89917, 60.566181, 0.02257 ], [ 26.899332, 60.566223, 0.017788 ] ] ] ] } },
{ "type": "Feature", "properties": { "address": "I50" }, "geometry": { "type": "MultiPolygon", "coordinates": [ [ [ [ 26.899247, 60.566302, 0.022124 ], [ 26.899332, 60.566223, 0.017788 ], [ 26.89917, 60.566181, 0.02257 ], [ 26.899085, 60.56626, 0.026905 ], [ 26.899247, 60.566302, 0.022124 ] ] ] ] } },
{ "type": "Feature", "properties": { "address": "I72" }, "geometry": { "type": "MultiPolygon", "coordinates": [ [ [ [ 26.900302, 60.566473, -0.010899 ], [ 26.900386, 60.566393, -0.015234 ], [ 26.900225, 60.566351, -0.010453 ], [ 26.90014, 60.566431, -0.006117 ], [ 26.900302, 60.566473, -0.010899 ] ] ] ] } },
{ "type": "Feature", "properties": { "address": "I55" }, "geometry": { "type": "MultiPolygon", "coordinates": [ [ [ [ 26.900055, 60.56651, -0.001782 ], [ 26.90014, 60.566431, -0.006117 ], [ 26.899978, 60.566389, -0.001336 ], [ 26.899894, 60.566469, 0.003 ], [ 26.900055, 60.56651, -0.001782 ] ] ] ] } },
{ "type": "Feature", "properties": { "address": "I97" }, "geometry": { "type": "MultiPolygon", "coordinates": [ [ [ [ 26.900633, 60.566355, -0.024351 ], [ 26.900717, 60.566276, -0.028687 ], [ 26.900556, 60.566234, -0.023906 ], [ 26.900471, 60.566313, -0.01957 ], [ 26.900633, 60.566355, -0.024351 ] ] ] ] } },
{ "type": "Feature", "properties": { "address": "I98" }, "geometry": { "type": "MultiPolygon", "coordinates": [ [ [ [ 26.900794, 60.566397, -0.029132 ], [ 26.900879, 60.566317, -0.033468 ], [ 26.900717, 60.566276, -0.028687 ], [ 26.900633, 60.566355, -0.024351 ], [ 26.900794, 60.566397, -0.029132 ] ] ] ] } },
{ "type": "Feature", "properties": { "address": "I99" }, "geometry": { "type": "MultiPolygon", "coordinates": [ [ [ [ 26.900956, 60.566439, -0.033913 ], [ 26.901041, 60.566359, -0.038249 ], [ 26.900879, 60.566317, -0.033468 ], [ 26.900794, 60.566397, -0.029132 ], [ 26.900956, 60.566439, -0.033913 ] ] ] ] } },
{ "type": "Feature", "properties": { "address": "I100" }, "geometry": { "type": "MultiPolygon", "coordinates": [ [ [ [ 26.900395, 60.566094, -0.024351 ], [ 26.900482, 60.566015, -0.02875 ], [ 26.900321, 60.565973, -0.023969 ], [ 26.900234, 60.566052, -0.01957 ], [ 26.900395, 60.566094, -0.024351 ] ] ] ] } },
{ "type": "Feature", "properties": { "address": "I101" }, "geometry": { "type": "MultiPolygon", "coordinates": [ [ [ [ 26.900555, 60.566137, -0.029131 ], [ 26.900642, 60.566058, -0.033531 ], [ 26.900482, 60.566015, -0.02875 ], [ 26.900395, 60.566094, -0.024351 ], [ 26.900555, 60.566137, -0.029131 ] ] ] ] } },
{ "type": "Feature", "properties": { "address": "I102" }, "geometry": { "type": "MultiPolygon", "coordinates": [ [ [ [ 26.900716, 60.56618, -0.033912 ], [ 26.900803, 60.566101, -0.038312 ], [ 26.900642, 60.566058, -0.033531 ], [ 26.900555, 60.566137, -0.029131 ], [ 26.900716, 60.56618, -0.033912 ] ] ] ] } },
{ "type": "Feature", "properties": { "address": "I103" }, "geometry": { "type": "MultiPolygon", "coordinates": [ [ [ [ 26.900876, 60.566223, -0.038693 ], [ 26.900963, 60.566144, -0.043092 ], [ 26.900803, 60.566101, -0.038312 ], [ 26.900716, 60.56618, -0.033912 ], [ 26.900876, 60.566223, -0.038693 ] ] ] ] } },
{ "type": "Feature", "properties": { "address": "I104" }, "geometry": { "type": "MultiPolygon", "coordinates": [ [ [ [ 26.901037, 60.566265, -0.043474 ], [ 26.901124, 60.566186, -0.047873 ], [ 26.900963, 60.566144, -0.043092 ], [ 26.900876, 60.566223, -0.038693 ], [ 26.901037, 60.566265, -0.043474 ] ] ] ] } },
{ "type": "Feature", "properties": { "address": "I105" }, "geometry": { "type": "MultiPolygon", "coordinates": [ [ [ [ 26.901197, 60.566308, -0.048254 ], [ 26.901284, 60.566229, -0.052654 ], [ 26.901124, 60.566186, -0.047873 ], [ 26.901037, 60.566265, -0.043474 ], [ 26.901197, 60.566308, -0.048254 ] ] ] ] } },
{ "type": "Feature", "properties": { "address": "I106" }, "geometry": { "type": "MultiPolygon", "coordinates": [ [ [ [ 26.901358, 60.566351, -0.053035 ], [ 26.901445, 60.566272, -0.057435 ], [ 26.901284, 60.566229, -0.052654 ], [ 26.901197, 60.566308, -0.048254 ], [ 26.901358, 60.566351, -0.053035 ] ] ] ] } },
{ "type": "Feature", "properties": { "address": "I107" }, "geometry": { "type": "MultiPolygon", "coordinates": [ [ [ [ 26.901518, 60.566394, -0.057816 ], [ 26.901605, 60.566315, -0.062215 ], [ 26.901445, 60.566272, -0.057435 ], [ 26.901358, 60.566351, -0.053035 ], [ 26.901518, 60.566394, -0.057816 ] ] ] ] } },
{ "type": "Feature", "properties": { "address": "I108" }, "geometry": { "type": "MultiPolygon", "coordinates": [ [ [ [ 26.901679, 60.566436, -0.062597 ], [ 26.901766, 60.566357, -0.066996 ], [ 26.901605, 60.566315, -0.062215 ], [ 26.901518, 60.566394, -0.057816 ], [ 26.901679, 60.566436, -0.062597 ] ] ] ] } },
{ "type": "Feature", "properties": { "address": "I109" }, "geometry": { "type": "MultiPolygon", "coordinates": [ [ [ [ 26.901839, 60.566479, -0.067377 ], [ 26.901926, 60.5664, -0.071777 ], [ 26.901766, 60.566357, -0.066996 ], [ 26.901679, 60.566436, -0.062597 ], [ 26.901839, 60.566479, -0.067377 ] ] ] ] } },
{ "type": "Feature", "properties": { "address": "I110" }, "geometry": { "type": "MultiPolygon", "coordinates": [ [ [ [ 26.902, 60.566522, -0.072158 ], [ 26.902087, 60.566443, -0.076558 ], [ 26.901926, 60.5664, -0.071777 ], [ 26.901839, 60.566479, -0.067377 ], [ 26.902, 60.566522, -0.072158 ] ] ] ] } },
{ "type": "Feature", "properties": { "address": "J28" }, "geometry": { "type": "MultiPolygon", "coordinates": [ [ [ [ 26.894276, 60.578541, 0.0 ], [ 26.89421, 60.578644, 0.0 ], [ 26.894419, 60.578676, 0.0 ], [ 26.894485, 60.578574, 0.0 ], [ 26.894276, 60.578541, 0.0 ] ] ] ] } },
{ "type": "Feature", "properties": { "address": "J38" }, "geometry": { "type": "MultiPolygon", "coordinates": [ [ [ [ 26.894341, 60.578439, 0.0 ], [ 26.894276, 60.578541, 0.0 ], [ 26.894485, 60.578574, 0.0 ], [ 26.89455, 60.578471, 0.0 ], [ 26.894341, 60.578439, 0.0 ] ] ] ] } },
{ "type": "Feature", "properties": { "address": "J16" }, "geometry": { "type": "MultiPolygon", "coordinates": [ [ [ [ 26.89421, 60.578644, 0.0 ], [ 26.894145, 60.578747, 0.0 ], [ 26.894353, 60.578779, 0.0 ], [ 26.894419, 60.578676, 0.0 ], [ 26.89421, 60.578644, 0.0 ] ] ] ] } },
{ "type": "Feature", "properties": { "address": "J61" }, "geometry": { "type": "MultiPolygon", "coordinates": [ [ [ [ 26.895099, 60.57833, 0.0 ], [ 26.895034, 60.578433, 0.0 ], [ 26.895242, 60.578465, 0.0 ], [ 26.895308, 60.578362, 0.0 ], [ 26.895099, 60.57833, 0.0 ] ] ] ] } },
{ "type": "Feature", "properties": { "address": "J62" }, "geometry": { "type": "MultiPolygon", "coordinates": [ [ [ [ 26.895308, 60.578362, 0.0 ], [ 26.895242, 60.578465, 0.0 ], [ 26.895451, 60.578497, 0.0 ], [ 26.895517, 60.578395, 0.0 ], [ 26.895308, 60.578362, 0.0 ] ] ] ] } },
{ "type": "Feature", "properties": { "address": "J49" }, "geometry": { "type": "MultiPolygon", "coordinates": [ [ [ [ 26.895242, 60.578465, 0.0 ], [ 26.895177, 60.578568, 0.0 ], [ 26.895386, 60.5786, 0.0 ], [ 26.895451, 60.578497, 0.0 ], [ 26.895242, 60.578465, 0.0 ] ] ] ] } },
{ "type": "Feature", "properties": { "address": "J63" }, "geometry": { "type": "MultiPolygon", "coordinates": [ [ [ [ 26.895517, 60.578395, 0.0 ], [ 26.895451, 60.578497, 0.0 ], [ 26.89566, 60.57853, 0.0 ], [ 26.895726, 60.578427, 0.0 ], [ 26.895517, 60.578395, 0.0 ] ] ] ] } },
{ "type": "Feature", "properties": { "address": "J50" }, "geometry": { "type": "MultiPolygon", "coordinates": [ [ [ [ 26.895451, 60.578497, 0.0 ], [ 26.895386, 60.5786, 0.0 ], [ 26.895594, 60.578632, 0.0 ], [ 26.89566, 60.57853, 0.0 ], [ 26.895451, 60.578497, 0.0 ] ] ] ] } },
{ "type": "Feature", "properties": { "address": "J40" }, "geometry": { "type": "MultiPolygon", "coordinates": [ [ [ [ 26.895386, 60.5786, 0.0 ], [ 26.89532, 60.578703, 0.0 ], [ 26.895529, 60.578735, 0.0 ], [ 26.895594, 60.578632, 0.0 ], [ 26.895386, 60.5786, 0.0 ] ] ] ] } },
{ "type": "Feature", "properties": { "address": "J30" }, "geometry": { "type": "MultiPolygon", "coordinates": [ [ [ [ 26.89532, 60.578703, 0.0 ], [ 26.895254, 60.578806, 0.0 ], [ 26.895463, 60.578838, 0.0 ], [ 26.895529, 60.578735, 0.0 ], [ 26.89532, 60.578703, 0.0 ] ] ] ] } },
{ "type": "Feature", "properties": { "address": "J64" }, "geometry": { "type": "MultiPolygon", "coordinates": [ [ [ [ 26.895726, 60.578427, 0.0 ], [ 26.89566, 60.57853, 0.0 ], [ 26.895869, 60.578562, 0.0 ], [ 26.895934, 60.578459, 0.0 ], [ 26.895726, 60.578427, 0.0 ] ] ] ] } },
{ "type": "Feature", "properties": { "address": "J51" }, "geometry": { "type": "MultiPolygon", "coordinates": [ [ [ [ 26.89566, 60.57853, 0.0 ], [ 26.895594, 60.578632, 0.0 ], [ 26.895803, 60.578665, 0.0 ], [ 26.895869, 60.578562, 0.0 ], [ 26.89566, 60.57853, 0.0 ] ] ] ] } },
{ "type": "Feature", "properties": { "address": "J41" }, "geometry": { "type": "MultiPolygon", "coordinates": [ [ [ [ 26.895594, 60.578632, 0.0 ], [ 26.895529, 60.578735, 0.0 ], [ 26.895738, 60.578767, 0.0 ], [ 26.895803, 60.578665, 0.0 ], [ 26.895594, 60.578632, 0.0 ] ] ] ] } },
{ "type": "Feature", "properties": { "address": "J65" }, "geometry": { "type": "MultiPolygon", "coordinates": [ [ [ [ 26.895934, 60.578459, 0.0 ], [ 26.895869, 60.578562, 0.0 ], [ 26.896078, 60.578594, 0.0 ], [ 26.896143, 60.578492, 0.0 ], [ 26.895934, 60.578459, 0.0 ] ] ] ] } },
{ "type": "Feature", "properties": { "address": "J52" }, "geometry": { "type": "MultiPolygon", "coordinates": [ [ [ [ 26.895869, 60.578562, 0.0 ], [ 26.895803, 60.578665, 0.0 ], [ 26.896012, 60.578697, 0.0 ], [ 26.896078, 60.578594, 0.0 ], [ 26.895869, 60.578562, 0.0 ] ] ] ] } },
{ "type": "Feature", "properties": { "address": "J53" }, "geometry": { "type": "MultiPolygon", "coordinates": [ [ [ [ 26.896078, 60.578594, 0.0 ], [ 26.896012, 60.578697, 0.0 ], [ 26.896221, 60.578729, 0.0 ], [ 26.896286, 60.578627, 0.0 ], [ 26.896078, 60.578594, 0.0 ] ] ] ] } },
{ "type": "Feature", "properties": { "address": "J66" }, "geometry": { "type": "MultiPolygon", "coordinates": [ [ [ [ 26.896143, 60.578492, 0.0 ], [ 26.896078, 60.578594, 0.0 ], [ 26.896286, 60.578627, 0.0 ], [ 26.896352, 60.578524, 0.0 ], [ 26.896143, 60.578492, 0.0 ] ] ] ] } },
{ "type": "Feature", "properties": { "address": "J42" }, "geometry": { "type": "MultiPolygon", "coordinates": [ [ [ [ 26.896012, 60.578697, 0.0 ], [ 26.895946, 60.5788, 0.0 ], [ 26.896155, 60.578832, 0.0 ], [ 26.896221, 60.578729, 0.0 ], [ 26.896012, 60.578697, 0.0 ] ] ] ] } },
{ "type": "Feature", "properties": { "address": "J33" }, "geometry": { "type": "MultiPolygon", "coordinates": [ [ [ [ 26.895946, 60.5788, 0.0 ], [ 26.895881, 60.578902, 0.0 ], [ 26.89609, 60.578935, 0.0 ], [ 26.896155, 60.578832, 0.0 ], [ 26.895946, 60.5788, 0.0 ] ] ] ] } },
{ "type": "Feature", "properties": { "address": "J23" }, "geometry": { "type": "MultiPolygon", "coordinates": [ [ [ [ 26.895881, 60.578902, 0.0 ], [ 26.895815, 60.579005, 0.0 ], [ 26.896024, 60.579038, 0.0 ], [ 26.89609, 60.578935, 0.0 ], [ 26.895881, 60.578902, 0.0 ] ] ] ] } },
{ "type": "Feature", "properties": { "address": "J32" }, "geometry": { "type": "MultiPolygon", "coordinates": [ [ [ [ 26.895738, 60.578767, 0.0 ], [ 26.895672, 60.57887, 0.0 ], [ 26.895881, 60.578902, 0.0 ], [ 26.895946, 60.5788, 0.0 ], [ 26.895738, 60.578767, 0.0 ] ] ] ] } },
{ "type": "Feature", "properties": { "address": "J31" }, "geometry": { "type": "MultiPolygon", "coordinates": [ [ [ [ 26.895529, 60.578735, 0.0 ], [ 26.895463, 60.578838, 0.0 ], [ 26.895672, 60.57887, 0.0 ], [ 26.895738, 60.578767, 0.0 ], [ 26.895529, 60.578735, 0.0 ] ] ] ] } },
{ "type": "Feature", "properties": { "address": "J21" }, "geometry": { "type": "MultiPolygon", "coordinates": [ [ [ [ 26.895254, 60.578806, 0.0 ], [ 26.895189, 60.578908, 0.0 ], [ 26.895397, 60.578941, 0.0 ], [ 26.895463, 60.578838, 0.0 ], [ 26.895254, 60.578806, 0.0 ] ] ] ] } },
{ "type": "Feature", "properties": { "address": "J48" }, "geometry": { "type": "MultiPolygon", "coordinates": [ [ [ [ 26.895034, 60.578433, 0.0 ], [ 26.894968, 60.578536, 0.0 ], [ 26.895177, 60.578568, 0.0 ], [ 26.895242, 60.578465, 0.0 ], [ 26.895034, 60.578433, 0.0 ] ] ] ] } },
{ "type": "Feature", "properties": { "address": "J60" }, "geometry": { "type": "MultiPolygon", "coordinates": [ [ [ [ 26.89489, 60.578298, 0.0 ], [ 26.894825, 60.5784, 0.0 ], [ 26.895034, 60.578433, 0.0 ], [ 26.895099, 60.57833, 0.0 ], [ 26.89489, 60.578298, 0.0 ] ] ] ] } },
{ "type": "Feature", "properties": { "address": "J18" }, "geometry": { "type": "MultiPolygon", "coordinates": [ [ [ [ 26.894628, 60.578709, 0.0 ], [ 26.894562, 60.578811, 0.0 ], [ 26.894771, 60.578844, 0.0 ], [ 26.894837, 60.578741, 0.0 ], [ 26.894628, 60.578709, 0.0 ] ] ] ] } },
{ "type": "Feature", "properties": { "address": "J39" }, "geometry": { "type": "MultiPolygon", "coordinates": [ [ [ [ 26.89455, 60.578471, 0.0 ], [ 26.894485, 60.578574, 0.0 ], [ 26.894693, 60.578606, 0.0 ], [ 26.894759, 60.578503, 0.0 ], [ 26.89455, 60.578471, 0.0 ] ] ] ] } },
{ "type": "Feature", "properties": { "address": "J29" }, "geometry": { "type": "MultiPolygon", "coordinates": [ [ [ [ 26.894485, 60.578574, 0.0 ], [ 26.894419, 60.578676, 0.0 ], [ 26.894628, 60.578709, 0.0 ], [ 26.894693, 60.578606, 0.0 ], [ 26.894485, 60.578574, 0.0 ] ] ] ] } },
{ "type": "Feature", "properties": { "address": "J17" }, "geometry": { "type": "MultiPolygon", "coordinates": [ [ [ [ 26.894419, 60.578676, 0.0 ], [ 26.894353, 60.578779, 0.0 ], [ 26.894562, 60.578811, 0.0 ], [ 26.894628, 60.578709, 0.0 ], [ 26.894419, 60.578676, 0.0 ] ] ] ] } },
{ "type": "Feature", "properties": { "address": "J97" }, "geometry": { "type": "MultiPolygon", "coordinates": [ [ [ [ 26.895022, 60.578092, 0.0 ], [ 26.895087, 60.57799, 0.0 ], [ 26.894878, 60.577957, 0.0 ], [ 26.894813, 60.57806, 0.0 ], [ 26.895022, 60.578092, 0.0 ] ] ] ] } },
{ "type": "Feature", "properties": { "address": "J96" }, "geometry": { "type": "MultiPolygon", "coordinates": [ [ [ [ 26.894813, 60.57806, 0.0 ], [ 26.894878, 60.577957, 0.0 ], [ 26.89467, 60.577925, 0.0 ], [ 26.894604, 60.578028, 0.0 ], [ 26.894813, 60.57806, 0.0 ] ] ] ] } },
{ "type": "Feature", "properties": { "address": "J84" }, "geometry": { "type": "MultiPolygon", "coordinates": [ [ [ [ 26.894747, 60.578163, 0.0 ], [ 26.894813, 60.57806, 0.0 ], [ 26.894604, 60.578028, 0.0 ], [ 26.894538, 60.57813, 0.0 ], [ 26.894747, 60.578163, 0.0 ] ] ] ] } },
{ "type": "Feature", "properties": { "address": "J71" }, "geometry": { "type": "MultiPolygon", "coordinates": [ [ [ [ 26.894682, 60.578265, 0.0 ], [ 26.894747, 60.578163, 0.0 ], [ 26.894538, 60.57813, 0.0 ], [ 26.894473, 60.578233, 0.0 ], [ 26.894682, 60.578265, 0.0 ] ] ] ] } },
{ "type": "Feature", "properties": { "address": "J72" }, "geometry": { "type": "MultiPolygon", "coordinates": [ [ [ [ 26.89489, 60.578298, 0.0 ], [ 26.894956, 60.578195, 0.0 ], [ 26.894747, 60.578163, 0.0 ], [ 26.894682, 60.578265, 0.0 ], [ 26.89489, 60.578298, 0.0 ] ] ] ] } },
{ "type": "Feature", "properties": { "address": "J73" }, "geometry": { "type": "MultiPolygon", "coordinates": [ [ [ [ 26.895099, 60.57833, 0.0 ], [ 26.895165, 60.578227, 0.0 ], [ 26.894956, 60.578195, 0.0 ], [ 26.89489, 60.578298, 0.0 ], [ 26.895099, 60.57833, 0.0 ] ] ] ] } },
{ "type": "Feature", "properties": { "address": "J85" }, "geometry": { "type": "MultiPolygon", "coordinates": [ [ [ [ 26.895165, 60.578227, 0.0 ], [ 26.89523, 60.578125, 0.0 ], [ 26.895022, 60.578092, 0.0 ], [ 26.894956, 60.578195, 0.0 ], [ 26.895165, 60.578227, 0.0 ] ] ] ] } },
{ "type": "Feature", "properties": { "address": "J74" }, "geometry": { "type": "MultiPolygon", "coordinates": [ [ [ [ 26.895165, 60.578227, 0.0 ], [ 26.895099, 60.57833, 0.0 ], [ 26.895308, 60.578362, 0.0 ], [ 26.895374, 60.57826, 0.0 ], [ 26.895165, 60.578227, 0.0 ] ] ] ] } },
{ "type": "Feature", "properties": { "address": "J75" }, "geometry": { "type": "MultiPolygon", "coordinates": [ [ [ [ 26.895374, 60.57826, 0.0 ], [ 26.895308, 60.578362, 0.0 ], [ 26.895517, 60.578395, 0.0 ], [ 26.895582, 60.578292, 0.0 ], [ 26.895374, 60.57826, 0.0 ] ] ] ] } },
{ "type": "Feature", "properties": { "address": "J76" }, "geometry": { "type": "MultiPolygon", "coordinates": [ [ [ [ 26.895582, 60.578292, 0.0 ], [ 26.895517, 60.578395, 0.0 ], [ 26.895726, 60.578427, 0.0 ], [ 26.895791, 60.578324, 0.0 ], [ 26.895582, 60.578292, 0.0 ] ] ] ] } },
{ "type": "Feature", "properties": { "address": "J77" }, "geometry": { "type": "MultiPolygon", "coordinates": [ [ [ [ 26.895791, 60.578324, 0.0 ], [ 26.895726, 60.578427, 0.0 ], [ 26.895934, 60.578459, 0.0 ], [ 26.896, 60.578356, 0.0 ], [ 26.895791, 60.578324, 0.0 ] ] ] ] } },
{ "type": "Feature", "properties": { "address": "J86" }, "geometry": { "type": "MultiPolygon", "coordinates": [ [ [ [ 26.89523, 60.578125, 0.0 ], [ 26.895165, 60.578227, 0.0 ], [ 26.895374, 60.57826, 0.0 ], [ 26.895439, 60.578157, 0.0 ], [ 26.89523, 60.578125, 0.0 ] ] ] ] } },
{ "type": "Feature", "properties": { "address": "J87" }, "geometry": { "type": "MultiPolygon", "coordinates": [ [ [ [ 26.895439, 60.578157, 0.0 ], [ 26.895374, 60.57826, 0.0 ], [ 26.895582, 60.578292, 0.0 ], [ 26.895648, 60.578189, 0.0 ], [ 26.895439, 60.578157, 0.0 ] ] ] ] } },
{ "type": "Feature", "properties": { "address": "J88" }, "geometry": { "type": "MultiPolygon", "coordinates": [ [ [ [ 26.895648, 60.578189, 0.0 ], [ 26.895582, 60.578292, 0.0 ], [ 26.895791, 60.578324, 0.0 ], [ 26.895857, 60.578221, 0.0 ], [ 26.895648, 60.578189, 0.0 ] ] ] ] } },
{ "type": "Feature", "properties": { "address": "J89" }, "geometry": { "type": "MultiPolygon", "coordinates": [ [ [ [ 26.895857, 60.578221, 0.0 ], [ 26.895791, 60.578324, 0.0 ], [ 26.896, 60.578356, 0.0 ], [ 26.896066, 60.578254, 0.0 ], [ 26.895857, 60.578221, 0.0 ] ] ] ] } },
{ "type": "Feature", "properties": { "address": "J98" }, "geometry": { "type": "MultiPolygon", "coordinates": [ [ [ [ 26.895087, 60.57799, 0.0 ], [ 26.895022, 60.578092, 0.0 ], [ 26.89523, 60.578125, 0.0 ], [ 26.895296, 60.578022, 0.0 ], [ 26.895087, 60.57799, 0.0 ] ] ] ] } },
{ "type": "Feature", "properties": { "address": "J99" }, "geometry": { "type": "MultiPolygon", "coordinates": [ [ [ [ 26.895296, 60.578022, 0.0 ], [ 26.89523, 60.578125, 0.0 ], [ 26.895439, 60.578157, 0.0 ], [ 26.895505, 60.578054, 0.0 ], [ 26.895296, 60.578022, 0.0 ] ] ] ] } },
{ "type": "Feature", "properties": { "address": "J100" }, "geometry": { "type": "MultiPolygon", "coordinates": [ [ [ [ 26.895505, 60.578054, 0.0 ], [ 26.895439, 60.578157, 0.0 ], [ 26.895648, 60.578189, 0.0 ], [ 26.895714, 60.578086, 0.0 ], [ 26.895505, 60.578054, 0.0 ] ] ] ] } },
{ "type": "Feature", "properties": { "address": "J101" }, "geometry": { "type": "MultiPolygon", "coordinates": [ [ [ [ 26.895714, 60.578086, 0.0 ], [ 26.895648, 60.578189, 0.0 ], [ 26.895857, 60.578221, 0.0 ], [ 26.895923, 60.578119, 0.0 ], [ 26.895714, 60.578086, 0.0 ] ] ] ] } },
{ "type": "Feature", "properties": { "address": "J110" }, "geometry": { "type": "MultiPolygon", "coordinates": [ [ [ [ 26.894944, 60.577854, 0.0 ], [ 26.894878, 60.577957, 0.0 ], [ 26.895087, 60.57799, 0.0 ], [ 26.895153, 60.577887, 0.0 ], [ 26.894944, 60.577854, 0.0 ] ] ] ] } },
{ "type": "Feature", "properties": { "address": "J111" }, "geometry": { "type": "MultiPolygon", "coordinates": [ [ [ [ 26.895153, 60.577887, 0.0 ], [ 26.895087, 60.57799, 0.0 ], [ 26.895296, 60.578022, 0.0 ], [ 26.895362, 60.577919, 0.0 ], [ 26.895153, 60.577887, 0.0 ] ] ] ] } },
{ "type": "Feature", "properties": { "address": "J112" }, "geometry": { "type": "MultiPolygon", "coordinates": [ [ [ [ 26.895362, 60.577919, 0.0 ], [ 26.895296, 60.578022, 0.0 ], [ 26.895505, 60.578054, 0.0 ], [ 26.895571, 60.577951, 0.0 ], [ 26.895362, 60.577919, 0.0 ] ] ] ] } },
{ "type": "Feature", "properties": { "address": "J113" }, "geometry": { "type": "MultiPolygon", "coordinates": [ [ [ [ 26.895571, 60.577951, 0.0 ], [ 26.895505, 60.578054, 0.0 ], [ 26.895714, 60.578086, 0.0 ], [ 26.895779, 60.577984, 0.0 ], [ 26.895571, 60.577951, 0.0 ] ] ] ] } },
{ "type": "Feature", "properties": { "address": "J78" }, "geometry": { "type": "MultiPolygon", "coordinates": [ [ [ [ 26.896, 60.578356, 0.0 ], [ 26.895934, 60.578459, 0.0 ], [ 26.896143, 60.578492, 0.0 ], [ 26.896209, 60.578389, 0.0 ], [ 26.896, 60.578356, 0.0 ] ] ] ] } },
{ "type": "Feature", "properties": { "address": "J90" }, "geometry": { "type": "MultiPolygon", "coordinates": [ [ [ [ 26.896066, 60.578254, 0.0 ], [ 26.896, 60.578356, 0.0 ], [ 26.896209, 60.578389, 0.0 ], [ 26.896275, 60.578286, 0.0 ], [ 26.896066, 60.578254, 0.0 ] ] ] ] } },
{ "type": "Feature", "properties": { "address": "J79" }, "geometry": { "type": "MultiPolygon", "coordinates": [ [ [ [ 26.896209, 60.578389, 0.0 ], [ 26.896143, 60.578492, 0.0 ], [ 26.896352, 60.578524, 0.0 ], [ 26.896418, 60.578421, 0.0 ], [ 26.896209, 60.578389, 0.0 ] ] ] ] } },
{ "type": "Feature", "properties": { "address": "J91" }, "geometry": { "type": "MultiPolygon", "coordinates": [ [ [ [ 26.896275, 60.578286, 0.0 ], [ 26.896209, 60.578389, 0.0 ], [ 26.896418, 60.578421, 0.0 ], [ 26.896483, 60.578318, 0.0 ], [ 26.896275, 60.578286, 0.0 ] ] ] ] } },
{ "type": "Feature", "properties": { "address": "J102" }, "geometry": { "type": "MultiPolygon", "coordinates": [ [ [ [ 26.895923, 60.578119, 0.0 ], [ 26.895857, 60.578221, 0.0 ], [ 26.896066, 60.578254, 0.0 ], [ 26.896131, 60.578151, 0.0 ], [ 26.895923, 60.578119, 0.0 ] ] ] ] } },
{ "type": "Feature", "properties": { "address": "J103" }, "geometry": { "type": "MultiPolygon", "coordinates": [ [ [ [ 26.896131, 60.578151, 0.0 ], [ 26.896066, 60.578254, 0.0 ], [ 26.896275, 60.578286, 0.0 ], [ 26.89634, 60.578183, 0.0 ], [ 26.896131, 60.578151, 0.0 ] ] ] ] } },
{ "type": "Feature", "properties": { "address": "J104" }, "geometry": { "type": "MultiPolygon", "coordinates": [ [ [ [ 26.89634, 60.578183, 0.0 ], [ 26.896275, 60.578286, 0.0 ], [ 26.896483, 60.578318, 0.0 ], [ 26.896549, 60.578216, 0.0 ], [ 26.89634, 60.578183, 0.0 ] ] ] ] } },
{ "type": "Feature", "properties": { "address": "J109" }, "geometry": { "type": "MultiPolygon", "coordinates": [ [ [ [ 26.894735, 60.577822, 0.0 ], [ 26.89467, 60.577925, 0.0 ], [ 26.894878, 60.577957, 0.0 ], [ 26.894944, 60.577854, 0.0 ], [ 26.894735, 60.577822, 0.0 ] ] ] ] } },
{ "type": "Feature", "properties": { "address": "L59" }, "geometry": { "type": "MultiPolygon", "coordinates": [ [ [ [ 26.891356, 60.571442, -0.000048 ], [ 26.891228, 60.57153, -0.000043 ], [ 26.891405, 60.571593, -0.000047 ], [ 26.891534, 60.571506, -0.000052 ], [ 26.891356, 60.571442, -0.000048 ] ] ] ] } },
{ "type": "Feature", "properties": { "address": "L105" }, "geometry": { "type": "MultiPolygon", "coordinates": [ [ [ [ 26.893409, 60.572242, 0.0 ], [ 26.893593, 60.5723, 0.0 ], [ 26.893712, 60.57221, 0.0 ], [ 26.893528, 60.572151, 0.0 ], [ 26.893409, 60.572242, 0.0 ] ] ] ] } },
{ "type": "Feature", "properties": { "address": "L103" }, "geometry": { "type": "MultiPolygon", "coordinates": [ [ [ [ 26.893344, 60.572093, 0.0 ], [ 26.893528, 60.572151, 0.0 ], [ 26.893646, 60.572061, 0.0 ], [ 26.893462, 60.572003, 0.0 ], [ 26.893344, 60.572093, 0.0 ] ] ] ] } },
{ "type": "Feature", "properties": { "address": "L102" }, "geometry": { "type": "MultiPolygon", "coordinates": [ [ [ [ 26.89316, 60.572035, 0.0 ], [ 26.893344, 60.572093, 0.0 ], [ 26.893462, 60.572003, 0.0 ], [ 26.893278, 60.571944, 0.0 ], [ 26.89316, 60.572035, 0.0 ] ] ] ] } },
{ "type": "Feature", "properties": { "address": "L104" }, "geometry": { "type": "MultiPolygon", "coordinates": [ [ [ [ 26.893528, 60.572151, 0.0 ], [ 26.893712, 60.57221, 0.0 ], [ 26.89383, 60.572119, 0.0 ], [ 26.893646, 60.572061, 0.0 ], [ 26.893528, 60.572151, 0.0 ] ] ] ] } },
{ "type": "Feature", "properties": { "address": "L100" }, "geometry": { "type": "MultiPolygon", "coordinates": [ [ [ [ 26.893462, 60.572003, 0.0 ], [ 26.893646, 60.572061, 0.0 ], [ 26.893765, 60.57197, 0.0 ], [ 26.893581, 60.571912, 0.0 ], [ 26.893462, 60.572003, 0.0 ] ] ] ] } },
{ "type": "Feature", "properties": { "address": "L101" }, "geometry": { "type": "MultiPolygon", "coordinates": [ [ [ [ 26.893278, 60.571944, 0.0 ], [ 26.893462, 60.572003, 0.0 ], [ 26.893581, 60.571912, 0.0 ], [ 26.893397, 60.571854, 0.0 ], [ 26.893278, 60.571944, 0.0 ] ] ] ] } },
{ "type": "Feature", "properties": { "address": "L99" }, "geometry": { "type": "MultiPolygon", "coordinates": [ [ [ [ 26.893581, 60.571912, 0.0 ], [ 26.893765, 60.57197, 0.0 ], [ 26.893883, 60.57188, 0.0 ], [ 26.893699, 60.571821, 0.0 ], [ 26.893581, 60.571912, 0.0 ] ] ] ] } },
{ "type": "Feature", "properties": { "address": "L157" }, "geometry": { "type": "MultiPolygon", "coordinates": [ [ [ [ 26.891541, 60.573386, 0.0 ], [ 26.891722, 60.573446, 0.0 ], [ 26.891845, 60.573357, 0.0 ], [ 26.891664, 60.573297, 0.0 ], [ 26.891541, 60.573386, 0.0 ] ] ] ] } },
{ "type": "Feature", "properties": { "address": "L152" }, "geometry": { "type": "MultiPolygon", "coordinates": [ [ [ [ 26.891664, 60.573297, 0.0 ], [ 26.891845, 60.573357, 0.0 ], [ 26.891968, 60.573268, 0.0 ], [ 26.891787, 60.573208, 0.0 ], [ 26.891664, 60.573297, 0.0 ] ] ] ] } },
{ "type": "Feature", "properties": { "address": "L153" }, "geometry": { "type": "MultiPolygon", "coordinates": [ [ [ [ 26.891845, 60.573357, 0.0 ], [ 26.892026, 60.573418, 0.0 ], [ 26.892149, 60.573329, 0.0 ], [ 26.891968, 60.573268, 0.0 ], [ 26.891845, 60.573357, 0.0 ] ] ] ] } },
{ "type": "Feature", "properties": { "address": "L154" }, "geometry": { "type": "MultiPolygon", "coordinates": [ [ [ [ 26.892026, 60.573418, 0.0 ], [ 26.892207, 60.573479, 0.0 ], [ 26.89233, 60.57339, 0.0 ], [ 26.892149, 60.573329, 0.0 ], [ 26.892026, 60.573418, 0.0 ] ] ] ] } },
{ "type": "Feature", "properties": { "address": "L155" }, "geometry": { "type": "MultiPolygon", "coordinates": [ [ [ [ 26.892207, 60.573479, 0.0 ], [ 26.892387, 60.573539, 0.0 ], [ 26.892511, 60.57345, 0.0 ], [ 26.89233, 60.57339, 0.0 ], [ 26.892207, 60.573479, 0.0 ] ] ] ] } },
{ "type": "Feature", "properties": { "address": "L147" }, "geometry": { "type": "MultiPolygon", "coordinates": [ [ [ [ 26.891787, 60.573208, 0.0 ], [ 26.891968, 60.573268, 0.0 ], [ 26.892091, 60.573179, 0.0 ], [ 26.89191, 60.573119, 0.0 ], [ 26.891787, 60.573208, 0.0 ] ] ] ] } },
{ "type": "Feature", "properties": { "address": "L148" }, "geometry": { "type": "MultiPolygon", "coordinates": [ [ [ [ 26.891968, 60.573268, 0.0 ], [ 26.892149, 60.573329, 0.0 ], [ 26.892272, 60.57324, 0.0 ], [ 26.892091, 60.573179, 0.0 ], [ 26.891968, 60.573268, 0.0 ] ] ] ] } },
{ "type": "Feature", "properties": { "address": "L149" }, "geometry": { "type": "MultiPolygon", "coordinates": [ [ [ [ 26.892149, 60.573329, 0.0 ], [ 26.89233, 60.57339, 0.0 ], [ 26.892453, 60.573301, 0.0 ], [ 26.892272, 60.57324, 0.0 ], [ 26.892149, 60.573329, 0.0 ] ] ] ] } },
{ "type": "Feature", "properties": { "address": "L150" }, "geometry": { "type": "MultiPolygon", "coordinates": [ [ [ [ 26.89233, 60.57339, 0.0 ], [ 26.892511, 60.57345, 0.0 ], [ 26.892634, 60.573361, 0.0 ], [ 26.892453, 60.573301, 0.0 ], [ 26.89233, 60.57339, 0.0 ] ] ] ] } },
{ "type": "Feature", "properties": { "address": "L145" }, "geometry": { "type": "MultiPolygon", "coordinates": [ [ [ [ 26.89191, 60.573119, 0.0 ], [ 26.892091, 60.573179, 0.0 ], [ 26.892214, 60.57309, 0.0 ], [ 26.892033, 60.57303, 0.0 ], [ 26.89191, 60.573119, 0.0 ] ] ] ] } },
{ "type": "Feature", "properties": { "address": "L142" }, "geometry": { "type": "MultiPolygon", "coordinates": [ [ [ [ 26.892033, 60.57303, 0.0 ], [ 26.892214, 60.57309, 0.0 ], [ 26.892338, 60.573001, 0.0 ], [ 26.892157, 60.572941, 0.0 ], [ 26.892033, 60.57303, 0.0 ] ] ] ] } },
{ "type": "Feature", "properties": { "address": "L28" }, "geometry": { "type": "MultiPolygon", "coordinates": [ [ [ [ 26.890597, 60.571995, -0.000052 ], [ 26.890469, 60.572082, -0.000048 ], [ 26.890646, 60.572145, -0.000052 ], [ 26.890774, 60.572058, -0.000056 ], [ 26.890597, 60.571995, -0.000052 ] ] ] ] } },
{ "type": "Feature", "properties": { "address": "L30" }, "geometry": { "type": "MultiPolygon", "coordinates": [ [ [ [ 26.890952, 60.572121, -0.000061 ], [ 26.890823, 60.572208, -0.000056 ], [ 26.891001, 60.572272, -0.00006 ], [ 26.891129, 60.572184, -0.000065 ], [ 26.890952, 60.572121, -0.000061 ] ] ] ] } },
{ "type": "Feature", "properties": { "address": "L25" }, "geometry": { "type": "MultiPolygon", "coordinates": [ [ [ [ 26.890823, 60.572208, -0.000056 ], [ 26.890695, 60.572296, -0.000052 ], [ 26.890872, 60.572359, -0.000056 ], [ 26.891001, 60.572272, -0.00006 ], [ 26.890823, 60.572208, -0.000056 ] ] ] ] } },
{ "type": "Feature", "properties": { "address": "L21" }, "geometry": { "type": "MultiPolygon", "coordinates": [ [ [ [ 26.890695, 60.572296, -0.000052 ], [ 26.890567, 60.572383, -0.000047 ], [ 26.890744, 60.572446, -0.000052 ], [ 26.890872, 60.572359, -0.000056 ], [ 26.890695, 60.572296, -0.000052 ] ] ] ] } },
{ "type": "Feature", "properties": { "address": "L16" }, "geometry": { "type": "MultiPolygon", "coordinates": [ [ [ [ 26.890567, 60.572383, -0.000047 ], [ 26.890438, 60.57247, -0.000043 ], [ 26.890615, 60.572533, -0.000047 ], [ 26.890744, 60.572446, -0.000052 ], [ 26.890567, 60.572383, -0.000047 ] ] ] ] } },
{ "type": "Feature", "properties": { "address": "L29" }, "geometry": { "type": "MultiPolygon", "coordinates": [ [ [ [ 26.890774, 60.572058, -0.000056 ], [ 26.890646, 60.572145, -0.000052 ], [ 26.890823, 60.572208, -0.000056 ], [ 26.890952, 60.572121, -0.000061 ], [ 26.890774, 60.572058, -0.000056 ] ] ] ] } },
{ "type": "Feature", "properties": { "address": "L24" }, "geometry": { "type": "MultiPolygon", "coordinates": [ [ [ [ 26.890646, 60.572145, -0.000052 ], [ 26.890518, 60.572232, -0.000047 ], [ 26.890695, 60.572296, -0.000052 ], [ 26.890823, 60.572208, -0.000056 ], [ 26.890646, 60.572145, -0.000052 ] ] ] ] } },
{ "type": "Feature", "properties": { "address": "L3" }, "geometry": { "type": "MultiPolygon", "coordinates": [ [ [ [ 26.890261, 60.572407, -0.000038 ], [ 26.890132, 60.572494, -0.000034 ], [ 26.89031, 60.572557, -0.000038 ], [ 26.890438, 60.57247, -0.000043 ], [ 26.890261, 60.572407, -0.000038 ] ] ] ] } },
{ "type": "Feature", "properties": { "address": "L2" }, "geometry": { "type": "MultiPolygon", "coordinates": [ [ [ [ 26.890084, 60.572344, -0.000034 ], [ 26.889955, 60.572431, -0.00003 ], [ 26.890132, 60.572494, -0.000034 ], [ 26.890261, 60.572407, -0.000038 ], [ 26.890084, 60.572344, -0.000034 ] ] ] ] } },
{ "type": "Feature", "properties": { "address": "L14" }, "geometry": { "type": "MultiPolygon", "coordinates": [ [ [ [ 26.890212, 60.572256, -0.000039 ], [ 26.890084, 60.572344, -0.000034 ], [ 26.890261, 60.572407, -0.000038 ], [ 26.890389, 60.57232, -0.000043 ], [ 26.890212, 60.572256, -0.000039 ] ] ] ] } },
{ "type": "Feature", "properties": { "address": "L15" }, "geometry": { "type": "MultiPolygon", "coordinates": [ [ [ [ 26.890389, 60.57232, -0.000043 ], [ 26.890261, 60.572407, -0.000038 ], [ 26.890438, 60.57247, -0.000043 ], [ 26.890567, 60.572383, -0.000047 ], [ 26.890389, 60.57232, -0.000043 ] ] ] ] } },
{ "type": "Feature", "properties": { "address": "L20" }, "geometry": { "type": "MultiPolygon", "coordinates": [ [ [ [ 26.890518, 60.572232, -0.000047 ], [ 26.890389, 60.57232, -0.000043 ], [ 26.890567, 60.572383, -0.000047 ], [ 26.890695, 60.572296, -0.000052 ], [ 26.890518, 60.572232, -0.000047 ] ] ] ] } },
{ "type": "Feature", "properties": { "address": "L19" }, "geometry": { "type": "MultiPolygon", "coordinates": [ [ [ [ 26.89034, 60.572169, -0.000043 ], [ 26.890212, 60.572256, -0.000039 ], [ 26.890389, 60.57232, -0.000043 ], [ 26.890518, 60.572232, -0.000047 ], [ 26.89034, 60.572169, -0.000043 ] ] ] ] } },
{ "type": "Feature", "properties": { "address": "L1" }, "geometry": { "type": "MultiPolygon", "coordinates": [ [ [ [ 26.889906, 60.57228, -0.00003 ], [ 26.889778, 60.572368, -0.000025 ], [ 26.889955, 60.572431, -0.00003 ], [ 26.890084, 60.572344, -0.000034 ], [ 26.889906, 60.57228, -0.00003 ] ] ] ] } },
{ "type": "Feature", "properties": { "address": "L27" }, "geometry": { "type": "MultiPolygon", "coordinates": [ [ [ [ 26.89042, 60.571932, -0.000048 ], [ 26.890292, 60.572019, -0.000043 ], [ 26.890469, 60.572082, -0.000048 ], [ 26.890597, 60.571995, -0.000052 ], [ 26.89042, 60.571932, -0.000048 ] ] ] ] } },
{ "type": "Feature", "properties": { "address": "L4" }, "geometry": { "type": "MultiPolygon", "coordinates": [ [ [ [ 26.890438, 60.57247, -0.000043 ], [ 26.89031, 60.572557, -0.000038 ], [ 26.890487, 60.57262, -0.000043 ], [ 26.890615, 60.572533, -0.000047 ], [ 26.890438, 60.57247, -0.000043 ] ] ] ] } },
{ "type": "Feature", "properties": { "address": "L31" }, "geometry": { "type": "MultiPolygon", "coordinates": [ [ [ [ 26.891129, 60.572184, -0.000065 ], [ 26.891001, 60.572272, -0.00006 ], [ 26.891178, 60.572335, -0.000065 ], [ 26.891306, 60.572247, -0.000069 ], [ 26.891129, 60.572184, -0.000065 ] ] ] ] } },
{ "type": "Feature", "properties": { "address": "L26" }, "geometry": { "type": "MultiPolygon", "coordinates": [ [ [ [ 26.891001, 60.572272, -0.00006 ], [ 26.890872, 60.572359, -0.000056 ], [ 26.891049, 60.572422, -0.00006 ], [ 26.891178, 60.572335, -0.000065 ], [ 26.891001, 60.572272, -0.00006 ] ] ] ] } },
{ "type": "Feature", "properties": { "address": "L22" }, "geometry": { "type": "MultiPolygon", "coordinates": [ [ [ [ 26.890872, 60.572359, -0.000056 ], [ 26.890744, 60.572446, -0.000052 ], [ 26.890921, 60.572509, -0.000056 ], [ 26.891049, 60.572422, -0.00006 ], [ 26.890872, 60.572359, -0.000056 ] ] ] ] } },
{ "type": "Feature", "properties": { "address": "L17" }, "geometry": { "type": "MultiPolygon", "coordinates": [ [ [ [ 26.890744, 60.572446, -0.000052 ], [ 26.890615, 60.572533, -0.000047 ], [ 26.890793, 60.572596, -0.000051 ], [ 26.890921, 60.572509, -0.000056 ], [ 26.890744, 60.572446, -0.000052 ] ] ] ] } },
{ "type": "Feature", "properties": { "address": "L6" }, "geometry": { "type": "MultiPolygon", "coordinates": [ [ [ [ 26.890615, 60.572533, -0.000047 ], [ 26.890487, 60.57262, -0.000043 ], [ 26.890664, 60.572684, -0.000047 ], [ 26.890793, 60.572596, -0.000051 ], [ 26.890615, 60.572533, -0.000047 ] ] ] ] } },
{ "type": "Feature", "properties": { "address": "L35" }, "geometry": { "type": "MultiPolygon", "coordinates": [ [ [ [ 26.89108, 60.572034, -0.000065 ], [ 26.890952, 60.572121, -0.000061 ], [ 26.891129, 60.572184, -0.000065 ], [ 26.891257, 60.572097, -0.000069 ], [ 26.89108, 60.572034, -0.000065 ] ] ] ] } },
{ "type": "Feature", "properties": { "address": "L34" }, "geometry": { "type": "MultiPolygon", "coordinates": [ [ [ [ 26.890903, 60.571971, -0.000061 ], [ 26.890774, 60.572058, -0.000056 ], [ 26.890952, 60.572121, -0.000061 ], [ 26.89108, 60.572034, -0.000065 ], [ 26.890903, 60.571971, -0.000061 ] ] ] ] } },
{ "type": "Feature", "properties": { "address": "L33" }, "geometry": { "type": "MultiPolygon", "coordinates": [ [ [ [ 26.890726, 60.571908, -0.000057 ], [ 26.890597, 60.571995, -0.000052 ], [ 26.890774, 60.572058, -0.000056 ], [ 26.890903, 60.571971, -0.000061 ], [ 26.890726, 60.571908, -0.000057 ] ] ] ] } },
{ "type": "Feature", "properties": { "address": "L32" }, "geometry": { "type": "MultiPolygon", "coordinates": [ [ [ [ 26.890548, 60.571844, -0.000052 ], [ 26.89042, 60.571932, -0.000048 ], [ 26.890597, 60.571995, -0.000052 ], [ 26.890726, 60.571908, -0.000057 ], [ 26.890548, 60.571844, -0.000052 ] ] ] ] } },
{ "type": "Feature", "properties": { "address": "L36" }, "geometry": { "type": "MultiPolygon", "coordinates": [ [ [ [ 26.891257, 60.572097, -0.000069 ], [ 26.891129, 60.572184, -0.000065 ], [ 26.891306, 60.572247, -0.000069 ], [ 26.891435, 60.57216, -0.000074 ], [ 26.891257, 60.572097, -0.000069 ] ] ] ] } },
{ "type": "Feature", "properties": { "address": "L41" }, "geometry": { "type": "MultiPolygon", "coordinates": [ [ [ [ 26.891208, 60.571947, -0.00007 ], [ 26.89108, 60.572034, -0.000065 ], [ 26.891257, 60.572097, -0.000069 ], [ 26.891386, 60.57201, -0.000074 ], [ 26.891208, 60.571947, -0.00007 ] ] ] ] } },
{ "type": "Feature", "properties": { "address": "L40" }, "geometry": { "type": "MultiPolygon", "coordinates": [ [ [ [ 26.891031, 60.571884, -0.000065 ], [ 26.890903, 60.571971, -0.000061 ], [ 26.89108, 60.572034, -0.000065 ], [ 26.891208, 60.571947, -0.00007 ], [ 26.891031, 60.571884, -0.000065 ] ] ] ] } },
{ "type": "Feature", "properties": { "address": "L39" }, "geometry": { "type": "MultiPolygon", "coordinates": [ [ [ [ 26.890854, 60.57182, -0.000061 ], [ 26.890726, 60.571908, -0.000057 ], [ 26.890903, 60.571971, -0.000061 ], [ 26.891031, 60.571884, -0.000065 ], [ 26.890854, 60.57182, -0.000061 ] ] ] ] } },
{ "type": "Feature", "properties": { "address": "L38" }, "geometry": { "type": "MultiPolygon", "coordinates": [ [ [ [ 26.890677, 60.571757, -0.000057 ], [ 26.890548, 60.571844, -0.000052 ], [ 26.890726, 60.571908, -0.000057 ], [ 26.890854, 60.57182, -0.000061 ], [ 26.890677, 60.571757, -0.000057 ] ] ] ] } },
{ "type": "Feature", "properties": { "address": "L42" }, "geometry": { "type": "MultiPolygon", "coordinates": [ [ [ [ 26.891386, 60.57201, -0.000074 ], [ 26.891257, 60.572097, -0.000069 ], [ 26.891435, 60.57216, -0.000074 ], [ 26.891563, 60.572073, -0.000078 ], [ 26.891386, 60.57201, -0.000074 ] ] ] ] } },
{ "type": "Feature", "properties": { "address": "L115" }, "geometry": { "type": "MultiPolygon", "coordinates": [ [ [ [ 26.892438, 60.57236, -0.000064 ], [ 26.892566, 60.572273, -0.000069 ], [ 26.892389, 60.572209, -0.000069 ], [ 26.892261, 60.572297, -0.000064 ], [ 26.892438, 60.57236, -0.000064 ] ] ] ] } },
{ "type": "Feature", "properties": { "address": "L110" }, "geometry": { "type": "MultiPolygon", "coordinates": [ [ [ [ 26.892566, 60.572273, -0.000069 ], [ 26.892695, 60.572185, -0.000073 ], [ 26.892517, 60.572122, -0.000073 ], [ 26.892389, 60.572209, -0.000069 ], [ 26.892566, 60.572273, -0.000069 ] ] ] ] } },
{ "type": "Feature", "properties": { "address": "L67" }, "geometry": { "type": "MultiPolygon", "coordinates": [ [ [ [ 26.891485, 60.571355, -0.000052 ], [ 26.891356, 60.571442, -0.000048 ], [ 26.891534, 60.571506, -0.000052 ], [ 26.891662, 60.571418, -0.000056 ], [ 26.891485, 60.571355, -0.000052 ] ] ] ] } },
{ "type": "Feature", "properties": { "address": "L71" }, "geometry": { "type": "MultiPolygon", "coordinates": [ [ [ [ 26.892194, 60.571608, -0.000069 ], [ 26.892065, 60.571695, -0.000065 ], [ 26.892243, 60.571758, -0.000069 ], [ 26.892371, 60.571671, -0.000074 ], [ 26.892194, 60.571608, -0.000069 ] ] ] ] } },
{ "type": "Feature", "properties": { "address": "L63" }, "geometry": { "type": "MultiPolygon", "coordinates": [ [ [ [ 26.892065, 60.571695, -0.000065 ], [ 26.891937, 60.571782, -0.00006 ], [ 26.892114, 60.571846, -0.000065 ], [ 26.892243, 60.571758, -0.000069 ], [ 26.892065, 60.571695, -0.000065 ] ] ] ] } },
{ "type": "Feature", "properties": { "address": "L72" }, "geometry": { "type": "MultiPolygon", "coordinates": [ [ [ [ 26.892371, 60.571671, -0.000074 ], [ 26.892243, 60.571758, -0.000069 ], [ 26.89242, 60.571821, -0.000073 ], [ 26.892548, 60.571734, -0.000078 ], [ 26.892371, 60.571671, -0.000074 ] ] ] ] } },
{ "type": "Feature", "properties": { "address": "L64" }, "geometry": { "type": "MultiPolygon", "coordinates": [ [ [ [ 26.892243, 60.571758, -0.000069 ], [ 26.892114, 60.571846, -0.000065 ], [ 26.892291, 60.571909, -0.000069 ], [ 26.89242, 60.571821, -0.000073 ], [ 26.892243, 60.571758, -0.000069 ] ] ] ] } },
{ "type": "Feature", "properties": { "address": "L73" }, "geometry": { "type": "MultiPolygon", "coordinates": [ [ [ [ 26.892548, 60.571734, -0.000078 ], [ 26.89242, 60.571821, -0.000073 ], [ 26.892597, 60.571885, -0.000078 ], [ 26.892725, 60.571797, -0.000082 ], [ 26.892548, 60.571734, -0.000078 ] ] ] ] } },
{ "type": "Feature", "properties": { "address": "L65" }, "geometry": { "type": "MultiPolygon", "coordinates": [ [ [ [ 26.89242, 60.571821, -0.000073 ], [ 26.892291, 60.571909, -0.000069 ], [ 26.892469, 60.571972, -0.000073 ], [ 26.892597, 60.571885, -0.000078 ], [ 26.89242, 60.571821, -0.000073 ] ] ] ] } },
{ "type": "Feature", "properties": { "address": "L74" }, "geometry": { "type": "MultiPolygon", "coordinates": [ [ [ [ 26.892725, 60.571797, -0.000082 ], [ 26.892597, 60.571885, -0.000078 ], [ 26.892774, 60.571948, -0.000082 ], [ 26.892903, 60.571861, -0.000086 ], [ 26.892725, 60.571797, -0.000082 ] ] ] ] } },
{ "type": "Feature", "properties": { "address": "L58" }, "geometry": { "type": "MultiPolygon", "coordinates": [ [ [ [ 26.891937, 60.571782, -0.00006 ], [ 26.891809, 60.57187, -0.000056 ], [ 26.891986, 60.571933, -0.00006 ], [ 26.892114, 60.571846, -0.000065 ], [ 26.891937, 60.571782, -0.00006 ] ] ] ] } },
{ "type": "Feature", "properties": { "address": "L53" }, "geometry": { "type": "MultiPolygon", "coordinates": [ [ [ [ 26.891809, 60.57187, -0.000056 ], [ 26.89168, 60.571957, -0.000051 ], [ 26.891857, 60.57202, -0.000056 ], [ 26.891986, 60.571933, -0.00006 ], [ 26.891809, 60.57187, -0.000056 ] ] ] ] } },
{ "type": "Feature", "properties": { "address": "L48" }, "geometry": { "type": "MultiPolygon", "coordinates": [ [ [ [ 26.89168, 60.571957, -0.000051 ], [ 26.891552, 60.572044, -0.000047 ], [ 26.891729, 60.572107, -0.000051 ], [ 26.891857, 60.57202, -0.000056 ], [ 26.89168, 60.571957, -0.000051 ] ] ] ] } },
{ "type": "Feature", "properties": { "address": "L47" }, "geometry": { "type": "MultiPolygon", "coordinates": [ [ [ [ 26.891503, 60.571894, -0.000047 ], [ 26.891375, 60.571981, -0.000043 ], [ 26.891552, 60.572044, -0.000047 ], [ 26.89168, 60.571957, -0.000051 ], [ 26.891503, 60.571894, -0.000047 ] ] ] ] } },
{ "type": "Feature", "properties": { "address": "L52" }, "geometry": { "type": "MultiPolygon", "coordinates": [ [ [ [ 26.891631, 60.571806, -0.000052 ], [ 26.891503, 60.571894, -0.000047 ], [ 26.89168, 60.571957, -0.000051 ], [ 26.891809, 60.57187, -0.000056 ], [ 26.891631, 60.571806, -0.000052 ] ] ] ] } },
{ "type": "Feature", "properties": { "address": "L57" }, "geometry": { "type": "MultiPolygon", "coordinates": [ [ [ [ 26.89176, 60.571719, -0.000056 ], [ 26.891631, 60.571806, -0.000052 ], [ 26.891809, 60.57187, -0.000056 ], [ 26.891937, 60.571782, -0.00006 ], [ 26.89176, 60.571719, -0.000056 ] ] ] ] } },
{ "type": "Feature", "properties": { "address": "L62" }, "geometry": { "type": "MultiPolygon", "coordinates": [ [ [ [ 26.891888, 60.571632, -0.00006 ], [ 26.89176, 60.571719, -0.000056 ], [ 26.891937, 60.571782, -0.00006 ], [ 26.892065, 60.571695, -0.000065 ], [ 26.891888, 60.571632, -0.00006 ] ] ] ] } },
{ "type": "Feature", "properties": { "address": "L70" }, "geometry": { "type": "MultiPolygon", "coordinates": [ [ [ [ 26.892016, 60.571545, -0.000065 ], [ 26.891888, 60.571632, -0.00006 ], [ 26.892065, 60.571695, -0.000065 ], [ 26.892194, 60.571608, -0.000069 ], [ 26.892016, 60.571545, -0.000065 ] ] ] ] } },
{ "type": "Feature", "properties": { "address": "L69" }, "geometry": { "type": "MultiPolygon", "coordinates": [ [ [ [ 26.891839, 60.571482, -0.000061 ], [ 26.891711, 60.571569, -0.000056 ], [ 26.891888, 60.571632, -0.00006 ], [ 26.892016, 60.571545, -0.000065 ], [ 26.891839, 60.571482, -0.000061 ] ] ] ] } },
{ "type": "Feature", "properties": { "address": "L61" }, "geometry": { "type": "MultiPolygon", "coordinates": [ [ [ [ 26.891711, 60.571569, -0.000056 ], [ 26.891582, 60.571656, -0.000052 ], [ 26.89176, 60.571719, -0.000056 ], [ 26.891888, 60.571632, -0.00006 ], [ 26.891711, 60.571569, -0.000056 ] ] ] ] } },
{ "type": "Feature", "properties": { "address": "L56" }, "geometry": { "type": "MultiPolygon", "coordinates": [ [ [ [ 26.891582, 60.571656, -0.000052 ], [ 26.891454, 60.571743, -0.000047 ], [ 26.891631, 60.571806, -0.000052 ], [ 26.89176, 60.571719, -0.000056 ], [ 26.891582, 60.571656, -0.000052 ] ] ] ] } },
{ "type": "Feature", "properties": { "address": "L51" }, "geometry": { "type": "MultiPolygon", "coordinates": [ [ [ [ 26.891454, 60.571743, -0.000047 ], [ 26.891326, 60.57183, -0.000043 ], [ 26.891503, 60.571894, -0.000047 ], [ 26.891631, 60.571806, -0.000052 ], [ 26.891454, 60.571743, -0.000047 ] ] ] ] } },
{ "type": "Feature", "properties": { "address": "L68" }, "geometry": { "type": "MultiPolygon", "coordinates": [ [ [ [ 26.891662, 60.571418, -0.000056 ], [ 26.891534, 60.571506, -0.000052 ], [ 26.891711, 60.571569, -0.000056 ], [ 26.891839, 60.571482, -0.000061 ], [ 26.891662, 60.571418, -0.000056 ] ] ] ] } },
{ "type": "Feature", "properties": { "address": "L60" }, "geometry": { "type": "MultiPolygon", "coordinates": [ [ [ [ 26.891534, 60.571506, -0.000052 ], [ 26.891405, 60.571593, -0.000047 ], [ 26.891582, 60.571656, -0.000052 ], [ 26.891711, 60.571569, -0.000056 ], [ 26.891534, 60.571506, -0.000052 ] ] ] ] } },
{ "type": "Feature", "properties": { "address": "L66" }, "geometry": { "type": "MultiPolygon", "coordinates": [ [ [ [ 26.892597, 60.571885, -0.000078 ], [ 26.892469, 60.571972, -0.000073 ], [ 26.892646, 60.572035, -0.000077 ], [ 26.892774, 60.571948, -0.000082 ], [ 26.892597, 60.571885, -0.000078 ] ] ] ] } },
{ "type": "Feature", "properties": { "address": "L111" }, "geometry": { "type": "MultiPolygon", "coordinates": [ [ [ [ 26.89234, 60.572059, -0.000069 ], [ 26.892212, 60.572146, -0.000064 ], [ 26.892389, 60.572209, -0.000069 ], [ 26.892517, 60.572122, -0.000073 ], [ 26.89234, 60.572059, -0.000069 ] ] ] ] } },
{ "type": "Feature", "properties": { "address": "L46" }, "geometry": { "type": "MultiPolygon", "coordinates": [ [ [ [ 26.891326, 60.57183, -0.000043 ], [ 26.891197, 60.571918, -0.000038 ], [ 26.891375, 60.571981, -0.000043 ], [ 26.891503, 60.571894, -0.000047 ], [ 26.891326, 60.57183, -0.000043 ] ] ] ] } },
{ "type": "Feature", "properties": { "address": "L45" }, "geometry": { "type": "MultiPolygon", "coordinates": [ [ [ [ 26.891148, 60.571767, -0.000038 ], [ 26.89102, 60.571854, -0.000034 ], [ 26.891197, 60.571918, -0.000038 ], [ 26.891326, 60.57183, -0.000043 ], [ 26.891148, 60.571767, -0.000038 ] ] ] ] } },
{ "type": "Feature", "properties": { "address": "L44" }, "geometry": { "type": "MultiPolygon", "coordinates": [ [ [ [ 26.890971, 60.571704, -0.000034 ], [ 26.890843, 60.571791, -0.00003 ], [ 26.89102, 60.571854, -0.000034 ], [ 26.891148, 60.571767, -0.000038 ], [ 26.890971, 60.571704, -0.000034 ] ] ] ] } },
{ "type": "Feature", "properties": { "address": "L49" }, "geometry": { "type": "MultiPolygon", "coordinates": [ [ [ [ 26.8911, 60.571617, -0.000039 ], [ 26.890971, 60.571704, -0.000034 ], [ 26.891148, 60.571767, -0.000038 ], [ 26.891277, 60.57168, -0.000043 ], [ 26.8911, 60.571617, -0.000039 ] ] ] ] } },
{ "type": "Feature", "properties": { "address": "L50" }, "geometry": { "type": "MultiPolygon", "coordinates": [ [ [ [ 26.891277, 60.57168, -0.000043 ], [ 26.891148, 60.571767, -0.000038 ], [ 26.891326, 60.57183, -0.000043 ], [ 26.891454, 60.571743, -0.000047 ], [ 26.891277, 60.57168, -0.000043 ] ] ] ] } },
{ "type": "Feature", "properties": { "address": "L55" }, "geometry": { "type": "MultiPolygon", "coordinates": [ [ [ [ 26.891405, 60.571593, -0.000047 ], [ 26.891277, 60.57168, -0.000043 ], [ 26.891454, 60.571743, -0.000047 ], [ 26.891582, 60.571656, -0.000052 ], [ 26.891405, 60.571593, -0.000047 ] ] ] ] } },
{ "type": "Feature", "properties": { "address": "L54" }, "geometry": { "type": "MultiPolygon", "coordinates": [ [ [ [ 26.891228, 60.57153, -0.000043 ], [ 26.8911, 60.571617, -0.000039 ], [ 26.891277, 60.57168, -0.000043 ], [ 26.891405, 60.571593, -0.000047 ], [ 26.891228, 60.57153, -0.000043 ] ] ] ] } },
{ "type": "Feature", "properties": { "address": "L114" }, "geometry": { "type": "MultiPolygon", "coordinates": [ [ [ [ 26.892212, 60.572146, -0.000064 ], [ 26.892083, 60.572234, -0.00006 ], [ 26.892261, 60.572297, -0.000064 ], [ 26.892389, 60.572209, -0.000069 ], [ 26.892212, 60.572146, -0.000064 ] ] ] ] } },
{ "type": "Feature", "properties": { "address": "L136" }, "geometry": { "type": "MultiPolygon", "coordinates": [ [ [ [ 26.891332, 60.572539, 63.334 ], [ 26.891514, 60.572599, 63.334 ], [ 26.891636, 60.572509, 63.334 ], [ 26.891454, 60.572449, 63.334 ], [ 26.891332, 60.572539, 63.334 ] ] ] ] } },
{ "type": "Feature", "properties": { "address": "L137" }, "geometry": { "type": "MultiPolygon", "coordinates": [ [ [ [ 26.891514, 60.572599, 63.334 ], [ 26.891696, 60.572659, 63.334 ], [ 26.891818, 60.572569, 63.334 ], [ 26.891636, 60.572509, 63.334 ], [ 26.891514, 60.572599, 63.334 ] ] ] ] } },
{ "type": "Feature", "properties": { "address": "L138" }, "geometry": { "type": "MultiPolygon", "coordinates": [ [ [ [ 26.891696, 60.572659, 63.334 ], [ 26.891878, 60.572718, 63.334 ], [ 26.892, 60.572629, 63.334 ], [ 26.891818, 60.572569, 63.334 ], [ 26.891696, 60.572659, 63.334 ] ] ] ] } },
{ "type": "Feature", "properties": { "address": "L124" }, "geometry": { "type": "MultiPolygon", "coordinates": [ [ [ [ 26.891649, 60.572345, -0.000058 ], [ 26.891827, 60.572408, -0.00006 ], [ 26.891955, 60.572321, -0.00006 ], [ 26.891778, 60.572258, -0.000058 ], [ 26.891649, 60.572345, -0.000058 ] ] ] ] } },
{ "type": "Feature", "properties": { "address": "L123" }, "geometry": { "type": "MultiPolygon", "coordinates": [ [ [ [ 26.891778, 60.572258, -0.000058 ], [ 26.891955, 60.572321, -0.00006 ], [ 26.892083, 60.572234, -0.00006 ], [ 26.891906, 60.57217, -0.000058 ], [ 26.891778, 60.572258, -0.000058 ] ] ] ] } },
{ "type": "Feature", "properties": { "address": "L122" }, "geometry": { "type": "MultiPolygon", "coordinates": [ [ [ [ 26.891955, 60.572321, -0.00006 ], [ 26.892132, 60.572384, -0.000061 ], [ 26.892261, 60.572297, -0.000061 ], [ 26.892083, 60.572234, -0.00006 ], [ 26.891955, 60.572321, -0.00006 ] ] ] ] } },
{ "type": "Feature", "properties": { "address": "L121" }, "geometry": { "type": "MultiPolygon", "coordinates": [ [ [ [ 26.892132, 60.572384, -0.000061 ], [ 26.892309, 60.572447, -0.000063 ], [ 26.892438, 60.57236, -0.000063 ], [ 26.892261, 60.572297, -0.000061 ], [ 26.892132, 60.572384, -0.000061 ] ] ] ] } },
{ "type": "Feature", "properties": { "address": "L126" }, "geometry": { "type": "MultiPolygon", "coordinates": [ [ [ [ 26.892004, 60.572471, -0.000061 ], [ 26.892181, 60.572534, -0.000063 ], [ 26.892309, 60.572447, -0.000063 ], [ 26.892132, 60.572384, -0.000061 ], [ 26.892004, 60.572471, -0.000061 ] ] ] ] } },
{ "type": "Feature", "properties": { "address": "L139" }, "geometry": { "type": "MultiPolygon", "coordinates": [ [ [ [ 26.891878, 60.572718, 63.334 ], [ 26.89206, 60.572778, 63.334 ], [ 26.892182, 60.572689, 63.334 ], [ 26.892, 60.572629, 63.334 ], [ 26.891878, 60.572718, 63.334 ] ] ] ] } },
{ "type": "Feature", "properties": { "address": "L116" }, "geometry": { "type": "MultiPolygon", "coordinates": [ [ [ [ 26.892615, 60.572423, -0.000064 ], [ 26.892743, 60.572336, -0.000069 ], [ 26.892566, 60.572273, -0.000069 ], [ 26.892438, 60.57236, -0.000064 ], [ 26.892615, 60.572423, -0.000064 ] ] ] ] } },
{ "type": "Feature", "properties": { "address": "L109" }, "geometry": { "type": "MultiPolygon", "coordinates": [ [ [ [ 26.892743, 60.572336, -0.000069 ], [ 26.892872, 60.572249, -0.000073 ], [ 26.892695, 60.572185, -0.000073 ], [ 26.892566, 60.572273, -0.000069 ], [ 26.892743, 60.572336, -0.000069 ] ] ] ] } },
{ "type": "Feature", "properties": { "address": "L118" }, "geometry": { "type": "MultiPolygon", "coordinates": [ [ [ [ 26.89297, 60.572549, -0.000064 ], [ 26.893098, 60.572462, -0.000068 ], [ 26.892921, 60.572399, -0.000069 ], [ 26.892792, 60.572486, -0.000064 ], [ 26.89297, 60.572549, -0.000064 ] ] ] ] } },
{ "type": "Feature", "properties": { "address": "L107" }, "geometry": { "type": "MultiPolygon", "coordinates": [ [ [ [ 26.893098, 60.572462, -0.000068 ], [ 26.893226, 60.572375, -0.000073 ], [ 26.893049, 60.572312, -0.000073 ], [ 26.892921, 60.572399, -0.000069 ], [ 26.893098, 60.572462, -0.000068 ] ] ] ] } },
{ "type": "Feature", "properties": { "address": "L106" }, "geometry": { "type": "MultiPolygon", "coordinates": [ [ [ [ 26.893275, 60.572525, -0.000068 ], [ 26.893404, 60.572438, -0.000073 ], [ 26.893226, 60.572375, -0.000073 ], [ 26.893098, 60.572462, -0.000068 ], [ 26.893275, 60.572525, -0.000068 ] ] ] ] } },
{ "type": "Feature", "properties": { "address": "L125" }, "geometry": { "type": "MultiPolygon", "coordinates": [ [ [ [ 26.891827, 60.572408, -0.00006 ], [ 26.892004, 60.572471, -0.000061 ], [ 26.892132, 60.572384, -0.000061 ], [ 26.891955, 60.572321, -0.00006 ], [ 26.891827, 60.572408, -0.00006 ] ] ] ] } },
{ "type": "Feature", "properties": { "address": "L113" }, "geometry": { "type": "MultiPolygon", "coordinates": [ [ [ [ 26.891906, 60.57217, -0.000058 ], [ 26.892083, 60.572234, -0.00006 ], [ 26.892212, 60.572146, -0.00006 ], [ 26.892035, 60.572083, -0.000058 ], [ 26.891906, 60.57217, -0.000058 ] ] ] ] } },
{ "type": "Feature", "properties": { "address": "L43" }, "geometry": { "type": "MultiPolygon", "coordinates": [ [ [ [ 26.891563, 60.572073, -0.000078 ], [ 26.891435, 60.57216, -0.000074 ], [ 26.891612, 60.572223, -0.000078 ], [ 26.89174, 60.572136, -0.000083 ], [ 26.891563, 60.572073, -0.000078 ] ] ] ] } },
{ "type": "Feature", "properties": { "address": "L37" }, "geometry": { "type": "MultiPolygon", "coordinates": [ [ [ [ 26.891435, 60.57216, -0.000074 ], [ 26.891306, 60.572247, -0.000069 ], [ 26.891483, 60.572311, -0.000074 ], [ 26.891612, 60.572223, -0.000078 ], [ 26.891435, 60.57216, -0.000074 ] ] ] ] } },
{ "type": "Feature", "properties": { "address": "L98" }, "geometry": { "type": "MultiPolygon", "coordinates": [ [ [ [ 26.892884, 60.571322, -0.000091 ], [ 26.892756, 60.571409, -0.000087 ], [ 26.892933, 60.571473, -0.000091 ], [ 26.893062, 60.571385, -0.000096 ], [ 26.892884, 60.571322, -0.000091 ] ] ] ] } },
{ "type": "Feature", "properties": { "address": "L94" }, "geometry": { "type": "MultiPolygon", "coordinates": [ [ [ [ 26.892756, 60.571409, -0.000087 ], [ 26.892628, 60.571497, -0.000083 ], [ 26.892805, 60.57156, -0.000087 ], [ 26.892933, 60.571473, -0.000091 ], [ 26.892756, 60.571409, -0.000087 ] ] ] ] } },
{ "type": "Feature", "properties": { "address": "L81" }, "geometry": { "type": "MultiPolygon", "coordinates": [ [ [ [ 26.892677, 60.571647, -0.000082 ], [ 26.892548, 60.571734, -0.000078 ], [ 26.892725, 60.571797, -0.000082 ], [ 26.892854, 60.57171, -0.000087 ], [ 26.892677, 60.571647, -0.000082 ] ] ] ] } },
{ "type": "Feature", "properties": { "address": "L89" }, "geometry": { "type": "MultiPolygon", "coordinates": [ [ [ [ 26.892805, 60.57156, -0.000087 ], [ 26.892677, 60.571647, -0.000082 ], [ 26.892854, 60.57171, -0.000087 ], [ 26.892982, 60.571623, -0.000091 ], [ 26.892805, 60.57156, -0.000087 ] ] ] ] } },
{ "type": "Feature", "properties": { "address": "L95" }, "geometry": { "type": "MultiPolygon", "coordinates": [ [ [ [ 26.892933, 60.571473, -0.000091 ], [ 26.892805, 60.57156, -0.000087 ], [ 26.892982, 60.571623, -0.000091 ], [ 26.893111, 60.571536, -0.000096 ], [ 26.892933, 60.571473, -0.000091 ] ] ] ] } },
{ "type": "Feature", "properties": { "address": "L80" }, "geometry": { "type": "MultiPolygon", "coordinates": [ [ [ [ 26.892499, 60.571584, -0.000078 ], [ 26.892371, 60.571671, -0.000074 ], [ 26.892548, 60.571734, -0.000078 ], [ 26.892677, 60.571647, -0.000082 ], [ 26.892499, 60.571584, -0.000078 ] ] ] ] } },
{ "type": "Feature", "properties": { "address": "L88" }, "geometry": { "type": "MultiPolygon", "coordinates": [ [ [ [ 26.892628, 60.571497, -0.000083 ], [ 26.892499, 60.571584, -0.000078 ], [ 26.892677, 60.571647, -0.000082 ], [ 26.892805, 60.57156, -0.000087 ], [ 26.892628, 60.571497, -0.000083 ] ] ] ] } },
{ "type": "Feature", "properties": { "address": "L93" }, "geometry": { "type": "MultiPolygon", "coordinates": [ [ [ [ 26.892579, 60.571346, -0.000083 ], [ 26.89245, 60.571433, -0.000078 ], [ 26.892628, 60.571497, -0.000083 ], [ 26.892756, 60.571409, -0.000087 ], [ 26.892579, 60.571346, -0.000083 ] ] ] ] } },
{ "type": "Feature", "properties": { "address": "L87" }, "geometry": { "type": "MultiPolygon", "coordinates": [ [ [ [ 26.89245, 60.571433, -0.000078 ], [ 26.892322, 60.571521, -0.000074 ], [ 26.892499, 60.571584, -0.000078 ], [ 26.892628, 60.571497, -0.000083 ], [ 26.89245, 60.571433, -0.000078 ] ] ] ] } },
{ "type": "Feature", "properties": { "address": "L79" }, "geometry": { "type": "MultiPolygon", "coordinates": [ [ [ [ 26.892322, 60.571521, -0.000074 ], [ 26.892194, 60.571608, -0.000069 ], [ 26.892371, 60.571671, -0.000074 ], [ 26.892499, 60.571584, -0.000078 ], [ 26.892322, 60.571521, -0.000074 ] ] ] ] } },
{ "type": "Feature", "properties": { "address": "L78" }, "geometry": { "type": "MultiPolygon", "coordinates": [ [ [ [ 26.892145, 60.571457, -0.000069 ], [ 26.892016, 60.571545, -0.000065 ], [ 26.892194, 60.571608, -0.000069 ], [ 26.892322, 60.571521, -0.000074 ], [ 26.892145, 60.571457, -0.000069 ] ] ] ] } },
{ "type": "Feature", "properties": { "address": "L86" }, "geometry": { "type": "MultiPolygon", "coordinates": [ [ [ [ 26.892273, 60.57137, -0.000074 ], [ 26.892145, 60.571457, -0.000069 ], [ 26.892322, 60.571521, -0.000074 ], [ 26.89245, 60.571433, -0.000078 ], [ 26.892273, 60.57137, -0.000074 ] ] ] ] } },
{ "type": "Feature", "properties": { "address": "L85" }, "geometry": { "type": "MultiPolygon", "coordinates": [ [ [ [ 26.892096, 60.571307, -0.00007 ], [ 26.891968, 60.571394, -0.000065 ], [ 26.892145, 60.571457, -0.000069 ], [ 26.892273, 60.57137, -0.000074 ], [ 26.892096, 60.571307, -0.00007 ] ] ] ] } },
{ "type": "Feature", "properties": { "address": "L97" }, "geometry": { "type": "MultiPolygon", "coordinates": [ [ [ [ 26.892176, 60.571069, -0.000074 ], [ 26.892047, 60.571157, -0.00007 ], [ 26.892224, 60.57122, -0.000074 ], [ 26.892353, 60.571133, -0.000079 ], [ 26.892176, 60.571069, -0.000074 ] ] ] ] } },
{ "type": "Feature", "properties": { "address": "L90" }, "geometry": { "type": "MultiPolygon", "coordinates": [ [ [ [ 26.892982, 60.571623, -0.000091 ], [ 26.892854, 60.57171, -0.000087 ], [ 26.893031, 60.571773, -0.000091 ], [ 26.893159, 60.571686, -0.000095 ], [ 26.892982, 60.571623, -0.000091 ] ] ] ] } },
{ "type": "Feature", "properties": { "address": "L77" }, "geometry": { "type": "MultiPolygon", "coordinates": [ [ [ [ 26.891968, 60.571394, -0.000065 ], [ 26.891839, 60.571482, -0.000061 ], [ 26.892016, 60.571545, -0.000065 ], [ 26.892145, 60.571457, -0.000069 ], [ 26.891968, 60.571394, -0.000065 ] ] ] ] } },
{ "type": "Feature", "properties": { "address": "L76" }, "geometry": { "type": "MultiPolygon", "coordinates": [ [ [ [ 26.89179, 60.571331, -0.000061 ], [ 26.891662, 60.571418, -0.000056 ], [ 26.891839, 60.571482, -0.000061 ], [ 26.891968, 60.571394, -0.000065 ], [ 26.89179, 60.571331, -0.000061 ] ] ] ] } },
{ "type": "Feature", "properties": { "address": "L75" }, "geometry": { "type": "MultiPolygon", "coordinates": [ [ [ [ 26.891613, 60.571268, -0.000057 ], [ 26.891485, 60.571355, -0.000052 ], [ 26.891662, 60.571418, -0.000056 ], [ 26.89179, 60.571331, -0.000061 ], [ 26.891613, 60.571268, -0.000057 ] ] ] ] } },
{ "type": "Feature", "properties": { "address": "L83" }, "geometry": { "type": "MultiPolygon", "coordinates": [ [ [ [ 26.891742, 60.571181, -0.000061 ], [ 26.891613, 60.571268, -0.000057 ], [ 26.89179, 60.571331, -0.000061 ], [ 26.891919, 60.571244, -0.000065 ], [ 26.891742, 60.571181, -0.000061 ] ] ] ] } },
{ "type": "Feature", "properties": { "address": "L84" }, "geometry": { "type": "MultiPolygon", "coordinates": [ [ [ [ 26.891919, 60.571244, -0.000065 ], [ 26.89179, 60.571331, -0.000061 ], [ 26.891968, 60.571394, -0.000065 ], [ 26.892096, 60.571307, -0.00007 ], [ 26.891919, 60.571244, -0.000065 ] ] ] ] } },
{ "type": "Feature", "properties": { "address": "L92" }, "geometry": { "type": "MultiPolygon", "coordinates": [ [ [ [ 26.892047, 60.571157, -0.00007 ], [ 26.891919, 60.571244, -0.000065 ], [ 26.892096, 60.571307, -0.00007 ], [ 26.892224, 60.57122, -0.000074 ], [ 26.892047, 60.571157, -0.00007 ] ] ] ] } },
{ "type": "Feature", "properties": { "address": "L91" }, "geometry": { "type": "MultiPolygon", "coordinates": [ [ [ [ 26.89187, 60.571093, -0.000066 ], [ 26.891742, 60.571181, -0.000061 ], [ 26.891919, 60.571244, -0.000065 ], [ 26.892047, 60.571157, -0.00007 ], [ 26.89187, 60.571093, -0.000066 ] ] ] ] } },
{ "type": "Feature", "properties": { "address": "L82" }, "geometry": { "type": "MultiPolygon", "coordinates": [ [ [ [ 26.892854, 60.57171, -0.000087 ], [ 26.892725, 60.571797, -0.000082 ], [ 26.892903, 60.571861, -0.000086 ], [ 26.893031, 60.571773, -0.000091 ], [ 26.892854, 60.57171, -0.000087 ] ] ] ] } },
{ "type": "Feature", "properties": { "address": "L96" }, "geometry": { "type": "MultiPolygon", "coordinates": [ [ [ [ 26.891998, 60.571006, -0.00007 ], [ 26.89187, 60.571093, -0.000066 ], [ 26.892047, 60.571157, -0.00007 ], [ 26.892176, 60.571069, -0.000074 ], [ 26.891998, 60.571006, -0.00007 ] ] ] ] } },
{ "type": "Feature", "properties": { "address": "L135" }, "geometry": { "type": "MultiPolygon", "coordinates": [ [ [ [ 26.891454, 60.572449, 63.334 ], [ 26.891636, 60.572509, 63.334 ], [ 26.891758, 60.57242, 63.334 ], [ 26.891576, 60.57236, 63.334 ], [ 26.891454, 60.572449, 63.334 ] ] ] ] } },
{ "type": "Feature", "properties": { "address": "L134" }, "geometry": { "type": "MultiPolygon", "coordinates": [ [ [ [ 26.891636, 60.572509, 63.334 ], [ 26.891818, 60.572569, 63.334 ], [ 26.891939, 60.57248, 63.334 ], [ 26.891758, 60.57242, 63.334 ], [ 26.891636, 60.572509, 63.334 ] ] ] ] } },
{ "type": "Feature", "properties": { "address": "L133" }, "geometry": { "type": "MultiPolygon", "coordinates": [ [ [ [ 26.891818, 60.572569, 63.334 ], [ 26.892, 60.572629, 63.334 ], [ 26.892121, 60.572539, 63.334 ], [ 26.891939, 60.57248, 63.334 ], [ 26.891818, 60.572569, 63.334 ] ] ] ] } },
{ "type": "Feature", "properties": { "address": "L132" }, "geometry": { "type": "MultiPolygon", "coordinates": [ [ [ [ 26.892, 60.572629, 63.334 ], [ 26.892182, 60.572689, 63.334 ], [ 26.892303, 60.572599, 63.334 ], [ 26.892121, 60.572539, 63.334 ], [ 26.892, 60.572629, 63.334 ] ] ] ] } },
{ "type": "Feature", "properties": { "address": "L140" }, "geometry": { "type": "MultiPolygon", "coordinates": [ [ [ [ 26.89206, 60.572778, 63.334 ], [ 26.892242, 60.572838, 63.334 ], [ 26.892364, 60.572749, 63.334 ], [ 26.892182, 60.572689, 63.334 ], [ 26.89206, 60.572778, 63.334 ] ] ] ] } },
{ "type": "Feature", "properties": { "address": "L141" }, "geometry": { "type": "MultiPolygon", "coordinates": [ [ [ [ 26.892242, 60.572838, 63.334 ], [ 26.892424, 60.572898, 63.334 ], [ 26.892546, 60.572808, 63.334 ], [ 26.892364, 60.572749, 63.334 ], [ 26.892242, 60.572838, 63.334 ] ] ] ] } },
{ "type": "Feature", "properties": { "address": "L120" }, "geometry": { "type": "MultiPolygon", "coordinates": [ [ [ [ 26.892487, 60.57251, -0.00006 ], [ 26.892615, 60.572423, -0.000064 ], [ 26.892438, 60.57236, -0.000064 ], [ 26.892309, 60.572447, -0.00006 ], [ 26.892487, 60.57251, -0.00006 ] ] ] ] } },
{ "type": "Feature", "properties": { "address": "L127" }, "geometry": { "type": "MultiPolygon", "coordinates": [ [ [ [ 26.892358, 60.572598, -0.000055 ], [ 26.892487, 60.57251, -0.00006 ], [ 26.892309, 60.572447, -0.00006 ], [ 26.892181, 60.572534, -0.000055 ], [ 26.892358, 60.572598, -0.000055 ] ] ] ] } },
{ "type": "Feature", "properties": { "address": "L112" }, "geometry": { "type": "MultiPolygon", "coordinates": [ [ [ [ 26.892163, 60.571996, -0.000064 ], [ 26.892035, 60.572083, -0.00006 ], [ 26.892212, 60.572146, -0.000064 ], [ 26.89234, 60.572059, -0.000069 ], [ 26.892163, 60.571996, -0.000064 ] ] ] ] } },
{ "type": "Feature", "properties": { "address": "L7" }, "geometry": { "type": "MultiPolygon", "coordinates": [ [ [ [ 26.890313, 60.573041, 0.073525 ], [ 26.890492, 60.573103, 0.073525 ], [ 26.890618, 60.573016, 0.073525 ], [ 26.89044, 60.572953, 0.073525 ], [ 26.890313, 60.573041, 0.073525 ] ] ] ] } },
{ "type": "Feature", "properties": { "address": "L8" }, "geometry": { "type": "MultiPolygon", "coordinates": [ [ [ [ 26.89044, 60.572953, 0.073525 ], [ 26.890618, 60.573016, 0.073525 ], [ 26.890745, 60.572928, 0.073525 ], [ 26.890566, 60.572865, 0.073525 ], [ 26.89044, 60.572953, 0.073525 ] ] ] ] } },
{ "type": "Feature", "properties": { "address": "L5" }, "geometry": { "type": "MultiPolygon", "coordinates": [ [ [ [ 26.890487, 60.57262, -0.000043 ], [ 26.890359, 60.572708, -0.000038 ], [ 26.890536, 60.572771, -0.000042 ], [ 26.890664, 60.572684, -0.000047 ], [ 26.890487, 60.57262, -0.000043 ] ] ] ] } },
{ "type": "Feature", "properties": { "address": "L9" }, "geometry": { "type": "MultiPolygon", "coordinates": [ [ [ [ 26.890566, 60.572865, 0.073525 ], [ 26.890745, 60.572928, 0.073525 ], [ 26.890871, 60.57284, 0.073525 ], [ 26.890692, 60.572777, 0.073525 ], [ 26.890566, 60.572865, 0.073525 ] ] ] ] } },
{ "type": "Feature", "properties": { "address": "L10" }, "geometry": { "type": "MultiPolygon", "coordinates": [ [ [ [ 26.890692, 60.572777, 0.073525 ], [ 26.890871, 60.57284, 0.073525 ], [ 26.890997, 60.572752, 0.073525 ], [ 26.890819, 60.57269, 0.073525 ], [ 26.890692, 60.572777, 0.073525 ] ] ] ] } },
{ "type": "Feature", "properties": { "address": "L11" }, "geometry": { "type": "MultiPolygon", "coordinates": [ [ [ [ 26.890819, 60.57269, 0.073525 ], [ 26.890997, 60.572752, 0.073525 ], [ 26.891124, 60.572664, 0.073525 ], [ 26.890945, 60.572602, 0.073525 ], [ 26.890819, 60.57269, 0.073525 ] ] ] ] } },
{ "type": "Feature", "properties": { "address": "L12" }, "geometry": { "type": "MultiPolygon", "coordinates": [ [ [ [ 26.890945, 60.572602, 0.073525 ], [ 26.891124, 60.572664, 0.073525 ], [ 26.89125, 60.572576, 0.073525 ], [ 26.891071, 60.572514, 0.073525 ], [ 26.890945, 60.572602, 0.073525 ] ] ] ] } },
{ "type": "Feature", "properties": { "address": "L156" }, "geometry": { "type": "MultiPolygon", "coordinates": [ [ [ [ 26.89136, 60.573325, 0.0 ], [ 26.891541, 60.573386, 0.0 ], [ 26.891664, 60.573297, 0.0 ], [ 26.891483, 60.573236, 0.0 ], [ 26.89136, 60.573325, 0.0 ] ] ] ] } },
{ "type": "Feature", "properties": { "address": "L151" }, "geometry": { "type": "MultiPolygon", "coordinates": [ [ [ [ 26.891483, 60.573236, 0.0 ], [ 26.891664, 60.573297, 0.0 ], [ 26.891787, 60.573208, 0.0 ], [ 26.891606, 60.573147, 0.0 ], [ 26.891483, 60.573236, 0.0 ] ] ] ] } },
{ "type": "Feature", "properties": { "address": "L146" }, "geometry": { "type": "MultiPolygon", "coordinates": [ [ [ [ 26.891606, 60.573147, 0.0 ], [ 26.891787, 60.573208, 0.0 ], [ 26.89191, 60.573119, 0.0 ], [ 26.891729, 60.573058, 0.0 ], [ 26.891606, 60.573147, 0.0 ] ] ] ] } },
{ "type": "Feature", "properties": { "address": "L144" }, "geometry": { "type": "MultiPolygon", "coordinates": [ [ [ [ 26.891729, 60.573058, 0.0 ], [ 26.89191, 60.573119, 0.0 ], [ 26.892033, 60.57303, 0.0 ], [ 26.891853, 60.572969, 0.0 ], [ 26.891729, 60.573058, 0.0 ] ] ] ] } },
{ "type": "Feature", "properties": { "address": "L143" }, "geometry": { "type": "MultiPolygon", "coordinates": [ [ [ [ 26.891853, 60.572969, 0.0 ], [ 26.892033, 60.57303, 0.0 ], [ 26.892157, 60.572941, 0.0 ], [ 26.891976, 60.57288, 0.0 ], [ 26.891853, 60.572969, 0.0 ] ] ] ] } },
{ "type": "Feature", "properties": { "address": "L131" }, "geometry": { "type": "MultiPolygon", "coordinates": [ [ [ [ 26.89281, 60.572899, 66.748 ], [ 26.892936, 60.57281, 66.748 ], [ 26.892757, 60.572748, 66.748 ], [ 26.892631, 60.572837, 66.748 ], [ 26.89281, 60.572899, 66.748 ] ] ] ] } },
{ "type": "Feature", "properties": { "address": "L130" }, "geometry": { "type": "MultiPolygon", "coordinates": [ [ [ [ 26.892989, 60.57296, 66.748 ], [ 26.893115, 60.572872, 66.748 ], [ 26.892936, 60.57281, 66.748 ], [ 26.89281, 60.572899, 66.748 ], [ 26.892989, 60.57296, 66.748 ] ] ] ] } },
{ "type": "Feature", "properties": { "address": "L129" }, "geometry": { "type": "MultiPolygon", "coordinates": [ [ [ [ 26.893115, 60.572872, 66.748 ], [ 26.893241, 60.572784, 66.748 ], [ 26.893062, 60.572722, 66.748 ], [ 26.892936, 60.57281, 66.748 ], [ 26.893115, 60.572872, 66.748 ] ] ] ] } },
{ "type": "Feature", "properties": { "address": "L119" }, "geometry": { "type": "MultiPolygon", "coordinates": [ [ [ [ 26.892664, 60.572573, -0.00006 ], [ 26.892792, 60.572486, -0.000064 ], [ 26.892615, 60.572423, -0.000064 ], [ 26.892487, 60.57251, -0.00006 ], [ 26.892664, 60.572573, -0.00006 ] ] ] ] } },
{ "type": "Feature", "properties": { "address": "L117" }, "geometry": { "type": "MultiPolygon", "coordinates": [ [ [ [ 26.892792, 60.572486, -0.000064 ], [ 26.892921, 60.572399, -0.000069 ], [ 26.892743, 60.572336, -0.000069 ], [ 26.892615, 60.572423, -0.000064 ], [ 26.892792, 60.572486, -0.000064 ] ] ] ] } },
{ "type": "Feature", "properties": { "address": "L108" }, "geometry": { "type": "MultiPolygon", "coordinates": [ [ [ [ 26.892921, 60.572399, -0.000069 ], [ 26.893049, 60.572312, -0.000073 ], [ 26.892872, 60.572249, -0.000073 ], [ 26.892743, 60.572336, -0.000069 ], [ 26.892921, 60.572399, -0.000069 ] ] ] ] } },
{ "type": "Feature", "properties": { "address": "L158" }, "geometry": { "type": "MultiPolygon", "coordinates": [ [ [ [ 26.892574, 60.573557, 0.073525 ], [ 26.892735, 60.573599, 0.073525 ], [ 26.892821, 60.57352, 0.073525 ], [ 26.89266, 60.573477, 0.073525 ], [ 26.892574, 60.573557, 0.073525 ] ] ] ] } },
{ "type": "Feature", "properties": { "address": "L128" }, "geometry": { "type": "MultiPolygon", "coordinates": [ [ [ [ 26.892936, 60.57281, 66.748 ], [ 26.893062, 60.572722, 66.748 ], [ 26.892883, 60.57266, 66.748 ], [ 26.892757, 60.572748, 66.748 ], [ 26.892936, 60.57281, 66.748 ] ] ] ] } },
{ "type": "Feature", "properties": { "address": "L159" }, "geometry": { "type": "MultiPolygon", "coordinates": [ [ [ [ 26.893207, 60.573644, -33.7435 ], [ 26.893419, 60.573672, -33.7435 ], [ 26.893475, 60.573568, -33.7435 ], [ 26.893264, 60.57354, -33.7435 ], [ 26.893207, 60.573644, -33.7435 ] ] ] ] } },
{ "type": "Feature", "properties": { "address": "L160" }, "geometry": { "type": "MultiPolygon", "coordinates": [ [ [ [ 26.893264, 60.57354, -33.7435 ], [ 26.893475, 60.573568, -33.7435 ], [ 26.893531, 60.573464, -33.7435 ], [ 26.89332, 60.573436, -33.7435 ], [ 26.893264, 60.57354, -33.7435 ] ] ] ] } },
{ "type": "Feature", "properties": { "address": "L161" }, "geometry": { "type": "MultiPolygon", "coordinates": [ [ [ [ 26.89332, 60.573436, -33.7435 ], [ 26.893531, 60.573464, -33.7435 ], [ 26.893588, 60.57336, -33.7435 ], [ 26.893376, 60.573332, -33.7435 ], [ 26.89332, 60.573436, -33.7435 ] ] ] ] } },
{ "type": "Feature", "properties": { "address": "M174" }, "geometry": { "type": "MultiPolygon", "coordinates": [ [ [ [ 26.894193, 60.567182, 0.073525 ], [ 26.894331, 60.56724, 0.073525 ], [ 26.89445, 60.567172, 0.073525 ], [ 26.894311, 60.567114, 0.073525 ], [ 26.894193, 60.567182, 0.073525 ] ] ] ] } },
{ "type": "Feature", "properties": { "address": "M178" }, "geometry": { "type": "MultiPolygon", "coordinates": [ [ [ [ 26.89445, 60.567172, 0.073525 ], [ 26.894589, 60.567231, 0.073525 ], [ 26.894707, 60.567162, 0.073525 ], [ 26.894568, 60.567104, 0.073525 ], [ 26.89445, 60.567172, 0.073525 ] ] ] ] } },
{ "type": "Feature", "properties": { "address": "M175" }, "geometry": { "type": "MultiPolygon", "coordinates": [ [ [ [ 26.894331, 60.56724, 0.073525 ], [ 26.89447, 60.567299, 0.073525 ], [ 26.894589, 60.567231, 0.073525 ], [ 26.89445, 60.567172, 0.073525 ], [ 26.894331, 60.56724, 0.073525 ] ] ] ] } },
{ "type": "Feature", "properties": { "address": "M176" }, "geometry": { "type": "MultiPolygon", "coordinates": [ [ [ [ 26.89447, 60.567299, 0.073525 ], [ 26.894609, 60.567357, 0.073525 ], [ 26.894727, 60.567289, 0.073525 ], [ 26.894589, 60.567231, 0.073525 ], [ 26.89447, 60.567299, 0.073525 ] ] ] ] } },
{ "type": "Feature", "properties": { "address": "M108" }, "geometry": { "type": "MultiPolygon", "coordinates": [ [ [ [ 26.894798, 60.56744, 0.110164 ], [ 26.894937, 60.567498, 0.110164 ], [ 26.895056, 60.56743, 0.110164 ], [ 26.894917, 60.567372, 0.110164 ], [ 26.894798, 60.56744, 0.110164 ] ] ] ] } },
{ "type": "Feature", "properties": { "address": "M109" }, "geometry": { "type": "MultiPolygon", "coordinates": [ [ [ [ 26.894937, 60.567498, 0.110164 ], [ 26.895076, 60.567557, 0.110164 ], [ 26.895194, 60.567488, 0.110164 ], [ 26.895056, 60.56743, 0.110164 ], [ 26.894937, 60.567498, 0.110164 ] ] ] ] } },
{ "type": "Feature", "properties": { "address": "M177" }, "geometry": { "type": "MultiPolygon", "coordinates": [ [ [ [ 26.894311, 60.567114, 0.073525 ], [ 26.89445, 60.567172, 0.073525 ], [ 26.894568, 60.567104, 0.073525 ], [ 26.89443, 60.567046, 0.073525 ], [ 26.894311, 60.567114, 0.073525 ] ] ] ] } },
{ "type": "Feature", "properties": { "address": "M179" }, "geometry": { "type": "MultiPolygon", "coordinates": [ [ [ [ 26.894589, 60.567231, 0.073525 ], [ 26.894727, 60.567289, 0.073525 ], [ 26.894846, 60.567221, 0.073525 ], [ 26.894707, 60.567162, 0.073525 ], [ 26.894589, 60.567231, 0.073525 ] ] ] ] } },
{ "type": "Feature", "properties": { "address": "M114" }, "geometry": { "type": "MultiPolygon", "coordinates": [ [ [ [ 26.894917, 60.567372, 0.110164 ], [ 26.895056, 60.56743, 0.110164 ], [ 26.895174, 60.567362, 0.110164 ], [ 26.895035, 60.567304, 0.110164 ], [ 26.894917, 60.567372, 0.110164 ] ] ] ] } },
{ "type": "Feature", "properties": { "address": "M115" }, "geometry": { "type": "MultiPolygon", "coordinates": [ [ [ [ 26.895056, 60.56743, 0.110164 ], [ 26.895194, 60.567488, 0.110164 ], [ 26.895313, 60.56742, 0.110164 ], [ 26.895174, 60.567362, 0.110164 ], [ 26.895056, 60.56743, 0.110164 ] ] ] ] } },
{ "type": "Feature", "properties": { "address": "M186" }, "geometry": { "type": "MultiPolygon", "coordinates": [ [ [ [ 26.894667, 60.566909, 0.073525 ], [ 26.894805, 60.566967, 0.073525 ], [ 26.894924, 60.566899, 0.073525 ], [ 26.894785, 60.566841, 0.073525 ], [ 26.894667, 60.566909, 0.073525 ] ] ] ] } },
{ "type": "Feature", "properties": { "address": "M191" }, "geometry": { "type": "MultiPolygon", "coordinates": [ [ [ [ 26.894924, 60.566899, 0.073525 ], [ 26.895063, 60.566957, 0.073525 ], [ 26.895181, 60.566889, 0.073525 ], [ 26.895042, 60.566831, 0.073525 ], [ 26.894924, 60.566899, 0.073525 ] ] ] ] } },
{ "type": "Feature", "properties": { "address": "M192" }, "geometry": { "type": "MultiPolygon", "coordinates": [ [ [ [ 26.895063, 60.566957, 0.073525 ], [ 26.895201, 60.567016, 0.073525 ], [ 26.89532, 60.566947, 0.073525 ], [ 26.895181, 60.566889, 0.073525 ], [ 26.895063, 60.566957, 0.073525 ] ] ] ] } },
{ "type": "Feature", "properties": { "address": "M194" }, "geometry": { "type": "MultiPolygon", "coordinates": [ [ [ [ 26.894904, 60.566772, 0.073525 ], [ 26.895042, 60.566831, 0.073525 ], [ 26.895161, 60.566762, 0.073525 ], [ 26.895022, 60.566704, 0.073525 ], [ 26.894904, 60.566772, 0.073525 ] ] ] ] } },
{ "type": "Feature", "properties": { "address": "M195" }, "geometry": { "type": "MultiPolygon", "coordinates": [ [ [ [ 26.895042, 60.566831, 0.073525 ], [ 26.895181, 60.566889, 0.073525 ], [ 26.8953, 60.566821, 0.073525 ], [ 26.895161, 60.566762, 0.073525 ], [ 26.895042, 60.566831, 0.073525 ] ] ] ] } },
{ "type": "Feature", "properties": { "address": "M196" }, "geometry": { "type": "MultiPolygon", "coordinates": [ [ [ [ 26.895181, 60.566889, 0.073525 ], [ 26.89532, 60.566947, 0.073525 ], [ 26.895439, 60.566879, 0.073525 ], [ 26.8953, 60.566821, 0.073525 ], [ 26.895181, 60.566889, 0.073525 ] ] ] ] } },
{ "type": "Feature", "properties": { "address": "M199" }, "geometry": { "type": "MultiPolygon", "coordinates": [ [ [ [ 26.895161, 60.566762, 0.073525 ], [ 26.8953, 60.566821, 0.073525 ], [ 26.895418, 60.566752, 0.073525 ], [ 26.895279, 60.566694, 0.073525 ], [ 26.895161, 60.566762, 0.073525 ] ] ] ] } },
{ "type": "Feature", "properties": { "address": "M200" }, "geometry": { "type": "MultiPolygon", "coordinates": [ [ [ [ 26.8953, 60.566821, 0.073525 ], [ 26.895439, 60.566879, 0.073525 ], [ 26.895557, 60.566811, 0.073525 ], [ 26.895418, 60.566752, 0.073525 ], [ 26.8953, 60.566821, 0.073525 ] ] ] ] } },
{ "type": "Feature", "properties": { "address": "M202" }, "geometry": { "type": "MultiPolygon", "coordinates": [ [ [ [ 26.895141, 60.566636, 0.073525 ], [ 26.895279, 60.566694, 0.073525 ], [ 26.895398, 60.566626, 0.073525 ], [ 26.895259, 60.566567, 0.073525 ], [ 26.895141, 60.566636, 0.073525 ] ] ] ] } },
{ "type": "Feature", "properties": { "address": "M203" }, "geometry": { "type": "MultiPolygon", "coordinates": [ [ [ [ 26.895279, 60.566694, 0.073525 ], [ 26.895418, 60.566752, 0.073525 ], [ 26.895537, 60.566684, 0.073525 ], [ 26.895398, 60.566626, 0.073525 ], [ 26.895279, 60.566694, 0.073525 ] ] ] ] } },
{ "type": "Feature", "properties": { "address": "M207" }, "geometry": { "type": "MultiPolygon", "coordinates": [ [ [ [ 26.895398, 60.566626, 0.073525 ], [ 26.895537, 60.566684, 0.073525 ], [ 26.895655, 60.566616, 0.073525 ], [ 26.895517, 60.566557, 0.073525 ], [ 26.895398, 60.566626, 0.073525 ] ] ] ] } },
{ "type": "Feature", "properties": { "address": "M206" }, "geometry": { "type": "MultiPolygon", "coordinates": [ [ [ [ 26.895259, 60.566567, 0.073525 ], [ 26.895398, 60.566626, 0.073525 ], [ 26.895517, 60.566557, 0.073525 ], [ 26.895378, 60.566499, 0.073525 ], [ 26.895259, 60.566567, 0.073525 ] ] ] ] } },
{ "type": "Feature", "properties": { "address": "M208" }, "geometry": { "type": "MultiPolygon", "coordinates": [ [ [ [ 26.895537, 60.566684, 0.073525 ], [ 26.895676, 60.566742, 0.073525 ], [ 26.895794, 60.566674, 0.073525 ], [ 26.895655, 60.566616, 0.073525 ], [ 26.895537, 60.566684, 0.073525 ] ] ] ] } },
{ "type": "Feature", "properties": { "address": "M205" }, "geometry": { "type": "MultiPolygon", "coordinates": [ [ [ [ 26.895758, 60.566834, 0.073525 ], [ 26.895897, 60.566893, 0.073525 ], [ 26.896015, 60.566824, 0.073525 ], [ 26.895876, 60.566766, 0.073525 ], [ 26.895758, 60.566834, 0.073525 ] ] ] ] } },
{ "type": "Feature", "properties": { "address": "M201" }, "geometry": { "type": "MultiPolygon", "coordinates": [ [ [ [ 26.895716, 60.566996, 0.073525 ], [ 26.895855, 60.567054, 0.073525 ], [ 26.895973, 60.566986, 0.073525 ], [ 26.895835, 60.566927, 0.073525 ], [ 26.895716, 60.566996, 0.073525 ] ] ] ] } },
{ "type": "Feature", "properties": { "address": "M197" }, "geometry": { "type": "MultiPolygon", "coordinates": [ [ [ [ 26.895598, 60.567064, 0.073525 ], [ 26.895736, 60.567122, 0.073525 ], [ 26.895855, 60.567054, 0.073525 ], [ 26.895716, 60.566996, 0.073525 ], [ 26.895598, 60.567064, 0.073525 ] ] ] ] } },
{ "type": "Feature", "properties": { "address": "M193" }, "geometry": { "type": "MultiPolygon", "coordinates": [ [ [ [ 26.895479, 60.567132, 0.073525 ], [ 26.895618, 60.567191, 0.073525 ], [ 26.895736, 60.567122, 0.073525 ], [ 26.895598, 60.567064, 0.073525 ], [ 26.895479, 60.567132, 0.073525 ] ] ] ] } },
{ "type": "Feature", "properties": { "address": "M189" }, "geometry": { "type": "MultiPolygon", "coordinates": [ [ [ [ 26.895222, 60.567142, 0.073525 ], [ 26.895361, 60.567201, 0.073525 ], [ 26.895479, 60.567132, 0.073525 ], [ 26.89534, 60.567074, 0.073525 ], [ 26.895222, 60.567142, 0.073525 ] ] ] ] } },
{ "type": "Feature", "properties": { "address": "M188" }, "geometry": { "type": "MultiPolygon", "coordinates": [ [ [ [ 26.894944, 60.567026, 0.073525 ], [ 26.895083, 60.567084, 0.073525 ], [ 26.895201, 60.567016, 0.073525 ], [ 26.895063, 60.566957, 0.073525 ], [ 26.894944, 60.567026, 0.073525 ] ] ] ] } },
{ "type": "Feature", "properties": { "address": "M187" }, "geometry": { "type": "MultiPolygon", "coordinates": [ [ [ [ 26.894805, 60.566967, 0.073525 ], [ 26.894944, 60.567026, 0.073525 ], [ 26.895063, 60.566957, 0.073525 ], [ 26.894924, 60.566899, 0.073525 ], [ 26.894805, 60.566967, 0.073525 ] ] ] ] } },
{ "type": "Feature", "properties": { "address": "M183" }, "geometry": { "type": "MultiPolygon", "coordinates": [ [ [ [ 26.894548, 60.566977, 0.073525 ], [ 26.894687, 60.567036, 0.073525 ], [ 26.894805, 60.566967, 0.073525 ], [ 26.894667, 60.566909, 0.073525 ], [ 26.894548, 60.566977, 0.073525 ] ] ] ] } },
{ "type": "Feature", "properties": { "address": "M184" }, "geometry": { "type": "MultiPolygon", "coordinates": [ [ [ [ 26.894687, 60.567036, 0.073525 ], [ 26.894826, 60.567094, 0.073525 ], [ 26.894944, 60.567026, 0.073525 ], [ 26.894805, 60.566967, 0.073525 ], [ 26.894687, 60.567036, 0.073525 ] ] ] ] } },
{ "type": "Feature", "properties": { "address": "M185" }, "geometry": { "type": "MultiPolygon", "coordinates": [ [ [ [ 26.894826, 60.567094, 0.073525 ], [ 26.894964, 60.567152, 0.073525 ], [ 26.895083, 60.567084, 0.073525 ], [ 26.894944, 60.567026, 0.073525 ], [ 26.894826, 60.567094, 0.073525 ] ] ] ] } },
{ "type": "Feature", "properties": { "address": "M180" }, "geometry": { "type": "MultiPolygon", "coordinates": [ [ [ [ 26.89443, 60.567046, 0.073525 ], [ 26.894568, 60.567104, 0.073525 ], [ 26.894687, 60.567036, 0.073525 ], [ 26.894548, 60.566977, 0.073525 ], [ 26.89443, 60.567046, 0.073525 ] ] ] ] } },
{ "type": "Feature", "properties": { "address": "M181" }, "geometry": { "type": "MultiPolygon", "coordinates": [ [ [ [ 26.894568, 60.567104, 0.073525 ], [ 26.894707, 60.567162, 0.073525 ], [ 26.894826, 60.567094, 0.073525 ], [ 26.894687, 60.567036, 0.073525 ], [ 26.894568, 60.567104, 0.073525 ] ] ] ] } },
{ "type": "Feature", "properties": { "address": "M182" }, "geometry": { "type": "MultiPolygon", "coordinates": [ [ [ [ 26.894707, 60.567162, 0.073525 ], [ 26.894846, 60.567221, 0.073525 ], [ 26.894964, 60.567152, 0.073525 ], [ 26.894826, 60.567094, 0.073525 ], [ 26.894707, 60.567162, 0.073525 ] ] ] ] } },
{ "type": "Feature", "properties": { "address": "M119" }, "geometry": { "type": "MultiPolygon", "coordinates": [ [ [ [ 26.895035, 60.567304, 0.110164 ], [ 26.895174, 60.567362, 0.110164 ], [ 26.895293, 60.567294, 0.110164 ], [ 26.895154, 60.567235, 0.110164 ], [ 26.895035, 60.567304, 0.110164 ] ] ] ] } },
{ "type": "Feature", "properties": { "address": "M120" }, "geometry": { "type": "MultiPolygon", "coordinates": [ [ [ [ 26.895174, 60.567362, 0.110164 ], [ 26.895313, 60.56742, 0.110164 ], [ 26.895431, 60.567352, 0.110164 ], [ 26.895293, 60.567294, 0.110164 ], [ 26.895174, 60.567362, 0.110164 ] ] ] ] } },
{ "type": "Feature", "properties": { "address": "M204" }, "geometry": { "type": "MultiPolygon", "coordinates": [ [ [ [ 26.895418, 60.566752, 0.073525 ], [ 26.895557, 60.566811, 0.073525 ], [ 26.895676, 60.566742, 0.073525 ], [ 26.895537, 60.566684, 0.073525 ], [ 26.895418, 60.566752, 0.073525 ] ] ] ] } },
{ "type": "Feature", "properties": { "address": "M210" }, "geometry": { "type": "MultiPolygon", "coordinates": [ [ [ [ 26.895517, 60.566557, 0.073525 ], [ 26.895655, 60.566616, 0.073525 ], [ 26.895774, 60.566548, 0.073525 ], [ 26.895635, 60.566489, 0.073525 ], [ 26.895517, 60.566557, 0.073525 ] ] ] ] } },
{ "type": "Feature", "properties": { "address": "M209" }, "geometry": { "type": "MultiPolygon", "coordinates": [ [ [ [ 26.895378, 60.566499, 0.073525 ], [ 26.895517, 60.566557, 0.073525 ], [ 26.895635, 60.566489, 0.073525 ], [ 26.895496, 60.566431, 0.073525 ], [ 26.895378, 60.566499, 0.073525 ] ] ] ] } },
{ "type": "Feature", "properties": { "address": "M211" }, "geometry": { "type": "MultiPolygon", "coordinates": [ [ [ [ 26.895655, 60.566616, 0.073525 ], [ 26.895794, 60.566674, 0.073525 ], [ 26.895913, 60.566606, 0.073525 ], [ 26.895774, 60.566548, 0.073525 ], [ 26.895655, 60.566616, 0.073525 ] ] ] ] } },
{ "type": "Feature", "properties": { "address": "M213" }, "geometry": { "type": "MultiPolygon", "coordinates": [ [ [ [ 26.895635, 60.566489, 0.073525 ], [ 26.895774, 60.566548, 0.073525 ], [ 26.895892, 60.566479, 0.073525 ], [ 26.895754, 60.566421, 0.073525 ], [ 26.895635, 60.566489, 0.073525 ] ] ] ] } },
{ "type": "Feature", "properties": { "address": "M212" }, "geometry": { "type": "MultiPolygon", "coordinates": [ [ [ [ 26.895496, 60.566431, 0.073525 ], [ 26.895635, 60.566489, 0.073525 ], [ 26.895754, 60.566421, 0.073525 ], [ 26.895615, 60.566363, 0.073525 ], [ 26.895496, 60.566431, 0.073525 ] ] ] ] } },
{ "type": "Feature", "properties": { "address": "M214" }, "geometry": { "type": "MultiPolygon", "coordinates": [ [ [ [ 26.895774, 60.566548, 0.073525 ], [ 26.895913, 60.566606, 0.073525 ], [ 26.896031, 60.566538, 0.073525 ], [ 26.895892, 60.566479, 0.073525 ], [ 26.895774, 60.566548, 0.073525 ] ] ] ] } },
{ "type": "Feature", "properties": { "address": "M216" }, "geometry": { "type": "MultiPolygon", "coordinates": [ [ [ [ 26.895615, 60.566363, 0.073525 ], [ 26.895754, 60.566421, 0.073525 ], [ 26.895872, 60.566353, 0.073525 ], [ 26.895733, 60.566294, 0.073525 ], [ 26.895615, 60.566363, 0.073525 ] ] ] ] } },
{ "type": "Feature", "properties": { "address": "M217" }, "geometry": { "type": "MultiPolygon", "coordinates": [ [ [ [ 26.895754, 60.566421, 0.073525 ], [ 26.895892, 60.566479, 0.073525 ], [ 26.896011, 60.566411, 0.073525 ], [ 26.895872, 60.566353, 0.073525 ], [ 26.895754, 60.566421, 0.073525 ] ] ] ] } },
{ "type": "Feature", "properties": { "address": "M219" }, "geometry": { "type": "MultiPolygon", "coordinates": [ [ [ [ 26.895664, 60.566265, 0.073525 ], [ 26.895803, 60.566323, 0.073525 ], [ 26.895921, 60.566255, 0.073525 ], [ 26.895782, 60.566197, 0.073525 ], [ 26.895664, 60.566265, 0.073525 ] ] ] ] } },
{ "type": "Feature", "properties": { "address": "M220" }, "geometry": { "type": "MultiPolygon", "coordinates": [ [ [ [ 26.895803, 60.566323, 0.073525 ], [ 26.895941, 60.566382, 0.073525 ], [ 26.89606, 60.566313, 0.073525 ], [ 26.895921, 60.566255, 0.073525 ], [ 26.895803, 60.566323, 0.073525 ] ] ] ] } },
{ "type": "Feature", "properties": { "address": "M221" }, "geometry": { "type": "MultiPolygon", "coordinates": [ [ [ [ 26.895782, 60.566197, 0.073525 ], [ 26.895921, 60.566255, 0.073525 ], [ 26.89604, 60.566187, 0.073525 ], [ 26.895901, 60.566128, 0.073525 ], [ 26.895782, 60.566197, 0.073525 ] ] ] ] } },
{ "type": "Feature", "properties": { "address": "M223" }, "geometry": { "type": "MultiPolygon", "coordinates": [ [ [ [ 26.895762, 60.56607, 0.073525 ], [ 26.895901, 60.566128, 0.073525 ], [ 26.896019, 60.56606, 0.073525 ], [ 26.895881, 60.566002, 0.073525 ], [ 26.895762, 60.56607, 0.073525 ] ] ] ] } },
{ "type": "Feature", "properties": { "address": "M222" }, "geometry": { "type": "MultiPolygon", "coordinates": [ [ [ [ 26.895901, 60.566128, 0.073525 ], [ 26.89604, 60.566187, 0.073525 ], [ 26.896158, 60.566119, 0.073525 ], [ 26.896019, 60.56606, 0.073525 ], [ 26.895901, 60.566128, 0.073525 ] ] ] ] } },
{ "type": "Feature", "properties": { "address": "M110" }, "geometry": { "type": "MultiPolygon", "coordinates": [ [ [ [ 26.895076, 60.567557, 0.110164 ], [ 26.895215, 60.567615, 0.110164 ], [ 26.895333, 60.567547, 0.110164 ], [ 26.895194, 60.567488, 0.110164 ], [ 26.895076, 60.567557, 0.110164 ] ] ] ] } },
{ "type": "Feature", "properties": { "address": "M116" }, "geometry": { "type": "MultiPolygon", "coordinates": [ [ [ [ 26.895194, 60.567488, 0.110164 ], [ 26.895333, 60.567547, 0.110164 ], [ 26.895452, 60.567479, 0.110164 ], [ 26.895313, 60.56742, 0.110164 ], [ 26.895194, 60.567488, 0.110164 ] ] ] ] } },
{ "type": "Feature", "properties": { "address": "M121" }, "geometry": { "type": "MultiPolygon", "coordinates": [ [ [ [ 26.895313, 60.56742, 0.110164 ], [ 26.895452, 60.567479, 0.110164 ], [ 26.89557, 60.56741, 0.110164 ], [ 26.895431, 60.567352, 0.110164 ], [ 26.895313, 60.56742, 0.110164 ] ] ] ] } },
{ "type": "Feature", "properties": { "address": "M123" }, "geometry": { "type": "MultiPolygon", "coordinates": [ [ [ [ 26.895431, 60.567352, 0.110164 ], [ 26.89557, 60.56741, 0.110164 ], [ 26.895689, 60.567342, 0.110164 ], [ 26.89555, 60.567284, 0.110164 ], [ 26.895431, 60.567352, 0.110164 ] ] ] ] } },
{ "type": "Feature", "properties": { "address": "M4" }, "geometry": { "type": "MultiPolygon", "coordinates": [ [ [ [ 26.892859, 60.568106, -0.000028 ], [ 26.893007, 60.568159, -0.000035 ], [ 26.893114, 60.568086, -0.000038 ], [ 26.892966, 60.568033, -0.000031 ], [ 26.892859, 60.568106, -0.000028 ] ] ] ] } },
{ "type": "Feature", "properties": { "address": "M5" }, "geometry": { "type": "MultiPolygon", "coordinates": [ [ [ [ 26.893007, 60.568159, -0.000035 ], [ 26.893155, 60.568211, -0.000042 ], [ 26.893262, 60.568139, -0.000045 ], [ 26.893114, 60.568086, -0.000038 ], [ 26.893007, 60.568159, -0.000035 ] ] ] ] } },
{ "type": "Feature", "properties": { "address": "M6" }, "geometry": { "type": "MultiPolygon", "coordinates": [ [ [ [ 26.893155, 60.568211, -0.000042 ], [ 26.893302, 60.568264, -0.000049 ], [ 26.893409, 60.568191, -0.000052 ], [ 26.893262, 60.568139, -0.000045 ], [ 26.893155, 60.568211, -0.000042 ] ] ] ] } },
{ "type": "Feature", "properties": { "address": "M7" }, "geometry": { "type": "MultiPolygon", "coordinates": [ [ [ [ 26.893302, 60.568264, -0.000049 ], [ 26.89345, 60.568317, -0.000056 ], [ 26.893557, 60.568244, -0.000059 ], [ 26.893409, 60.568191, -0.000052 ], [ 26.893302, 60.568264, -0.000049 ] ] ] ] } },
{ "type": "Feature", "properties": { "address": "M8" }, "geometry": { "type": "MultiPolygon", "coordinates": [ [ [ [ 26.89345, 60.568317, -0.000056 ], [ 26.893598, 60.56837, -0.000063 ], [ 26.893705, 60.568297, -0.000066 ], [ 26.893557, 60.568244, -0.000059 ], [ 26.89345, 60.568317, -0.000056 ] ] ] ] } },
{ "type": "Feature", "properties": { "address": "M86" }, "geometry": { "type": "MultiPolygon", "coordinates": [ [ [ [ 26.894561, 60.567715, -0.000063 ], [ 26.894414, 60.567662, -0.000056 ], [ 26.894307, 60.567735, -0.000056 ], [ 26.894454, 60.567788, -0.000063 ], [ 26.894561, 60.567715, -0.000063 ] ] ] ] } },
{ "type": "Feature", "properties": { "address": "M47" }, "geometry": { "type": "MultiPolygon", "coordinates": [ [ [ [ 26.894133, 60.568006, -0.000064 ], [ 26.893985, 60.567953, -0.000057 ], [ 26.893878, 60.568026, -0.000058 ], [ 26.894026, 60.568079, -0.000065 ], [ 26.894133, 60.568006, -0.000064 ] ] ] ] } },
{ "type": "Feature", "properties": { "address": "M46" }, "geometry": { "type": "MultiPolygon", "coordinates": [ [ [ [ 26.893985, 60.567953, -0.000057 ], [ 26.893838, 60.5679, -0.000051 ], [ 26.893731, 60.567973, -0.000051 ], [ 26.893878, 60.568026, -0.000058 ], [ 26.893985, 60.567953, -0.000057 ] ] ] ] } },
{ "type": "Feature", "properties": { "address": "M37" }, "geometry": { "type": "MultiPolygon", "coordinates": [ [ [ [ 26.894026, 60.568079, -0.000065 ], [ 26.893878, 60.568026, -0.000058 ], [ 26.893771, 60.568099, -0.000058 ], [ 26.893919, 60.568151, -0.000065 ], [ 26.894026, 60.568079, -0.000065 ] ] ] ] } },
{ "type": "Feature", "properties": { "address": "M36" }, "geometry": { "type": "MultiPolygon", "coordinates": [ [ [ [ 26.893878, 60.568026, -0.000058 ], [ 26.893731, 60.567973, -0.000051 ], [ 26.893623, 60.568046, -0.000051 ], [ 26.893771, 60.568099, -0.000058 ], [ 26.893878, 60.568026, -0.000058 ] ] ] ] } },
{ "type": "Feature", "properties": { "address": "M35" }, "geometry": { "type": "MultiPolygon", "coordinates": [ [ [ [ 26.893731, 60.567973, -0.000051 ], [ 26.893583, 60.567921, -0.000044 ], [ 26.893476, 60.567993, -0.000044 ], [ 26.893623, 60.568046, -0.000051 ], [ 26.893731, 60.567973, -0.000051 ] ] ] ] } },
{ "type": "Feature", "properties": { "address": "M27" }, "geometry": { "type": "MultiPolygon", "coordinates": [ [ [ [ 26.893919, 60.568151, -0.000065 ], [ 26.893771, 60.568099, -0.000058 ], [ 26.893664, 60.568171, -0.000059 ], [ 26.893812, 60.568224, -0.000066 ], [ 26.893919, 60.568151, -0.000065 ] ] ] ] } },
{ "type": "Feature", "properties": { "address": "M26" }, "geometry": { "type": "MultiPolygon", "coordinates": [ [ [ [ 26.893771, 60.568099, -0.000058 ], [ 26.893623, 60.568046, -0.000051 ], [ 26.893516, 60.568119, -0.000052 ], [ 26.893664, 60.568171, -0.000059 ], [ 26.893771, 60.568099, -0.000058 ] ] ] ] } },
{ "type": "Feature", "properties": { "address": "M18" }, "geometry": { "type": "MultiPolygon", "coordinates": [ [ [ [ 26.893812, 60.568224, -0.000066 ], [ 26.893664, 60.568171, -0.000059 ], [ 26.893557, 60.568244, -0.000059 ], [ 26.893705, 60.568297, -0.000066 ], [ 26.893812, 60.568224, -0.000066 ] ] ] ] } },
{ "type": "Feature", "properties": { "address": "M24" }, "geometry": { "type": "MultiPolygon", "coordinates": [ [ [ [ 26.893476, 60.567993, -0.000044 ], [ 26.893328, 60.567941, -0.000037 ], [ 26.893221, 60.568013, -0.000038 ], [ 26.893369, 60.568066, -0.000045 ], [ 26.893476, 60.567993, -0.000044 ] ] ] ] } },
{ "type": "Feature", "properties": { "address": "M16" }, "geometry": { "type": "MultiPolygon", "coordinates": [ [ [ [ 26.893516, 60.568119, -0.000052 ], [ 26.893369, 60.568066, -0.000045 ], [ 26.893262, 60.568139, -0.000045 ], [ 26.893409, 60.568191, -0.000052 ], [ 26.893516, 60.568119, -0.000052 ] ] ] ] } },
{ "type": "Feature", "properties": { "address": "M25" }, "geometry": { "type": "MultiPolygon", "coordinates": [ [ [ [ 26.893623, 60.568046, -0.000051 ], [ 26.893476, 60.567993, -0.000044 ], [ 26.893369, 60.568066, -0.000045 ], [ 26.893516, 60.568119, -0.000052 ], [ 26.893623, 60.568046, -0.000051 ] ] ] ] } },
{ "type": "Feature", "properties": { "address": "M34" }, "geometry": { "type": "MultiPolygon", "coordinates": [ [ [ [ 26.893583, 60.567921, -0.000044 ], [ 26.893435, 60.567868, -0.000037 ], [ 26.893328, 60.567941, -0.000037 ], [ 26.893476, 60.567993, -0.000044 ], [ 26.893583, 60.567921, -0.000044 ] ] ] ] } },
{ "type": "Feature", "properties": { "address": "M45" }, "geometry": { "type": "MultiPolygon", "coordinates": [ [ [ [ 26.893838, 60.5679, -0.000051 ], [ 26.89369, 60.567848, -0.000044 ], [ 26.893583, 60.567921, -0.000044 ], [ 26.893731, 60.567973, -0.000051 ], [ 26.893838, 60.5679, -0.000051 ] ] ] ] } },
{ "type": "Feature", "properties": { "address": "M44" }, "geometry": { "type": "MultiPolygon", "coordinates": [ [ [ [ 26.89369, 60.567848, -0.000044 ], [ 26.893542, 60.567795, -0.000037 ], [ 26.893435, 60.567868, -0.000037 ], [ 26.893583, 60.567921, -0.000044 ], [ 26.89369, 60.567848, -0.000044 ] ] ] ] } },
{ "type": "Feature", "properties": { "address": "M55" }, "geometry": { "type": "MultiPolygon", "coordinates": [ [ [ [ 26.893945, 60.567828, -0.00005 ], [ 26.893797, 60.567775, -0.000043 ], [ 26.89369, 60.567848, -0.000044 ], [ 26.893838, 60.5679, -0.000051 ], [ 26.893945, 60.567828, -0.00005 ] ] ] ] } },
{ "type": "Feature", "properties": { "address": "M56" }, "geometry": { "type": "MultiPolygon", "coordinates": [ [ [ [ 26.894092, 60.56788, -0.000057 ], [ 26.893945, 60.567828, -0.00005 ], [ 26.893838, 60.5679, -0.000051 ], [ 26.893985, 60.567953, -0.000057 ], [ 26.894092, 60.56788, -0.000057 ] ] ] ] } },
{ "type": "Feature", "properties": { "address": "M57" }, "geometry": { "type": "MultiPolygon", "coordinates": [ [ [ [ 26.89424, 60.567933, -0.000064 ], [ 26.894092, 60.56788, -0.000057 ], [ 26.893985, 60.567953, -0.000057 ], [ 26.894133, 60.568006, -0.000064 ], [ 26.89424, 60.567933, -0.000064 ] ] ] ] } },
{ "type": "Feature", "properties": { "address": "M68" }, "geometry": { "type": "MultiPolygon", "coordinates": [ [ [ [ 26.894347, 60.56786, -0.000064 ], [ 26.8942, 60.567808, -0.000057 ], [ 26.894092, 60.56788, -0.000057 ], [ 26.89424, 60.567933, -0.000064 ], [ 26.894347, 60.56786, -0.000064 ] ] ] ] } },
{ "type": "Feature", "properties": { "address": "M67" }, "geometry": { "type": "MultiPolygon", "coordinates": [ [ [ [ 26.8942, 60.567808, -0.000057 ], [ 26.894052, 60.567755, -0.00005 ], [ 26.893945, 60.567828, -0.00005 ], [ 26.894092, 60.56788, -0.000057 ], [ 26.8942, 60.567808, -0.000057 ] ] ] ] } },
{ "type": "Feature", "properties": { "address": "M66" }, "geometry": { "type": "MultiPolygon", "coordinates": [ [ [ [ 26.894052, 60.567755, -0.00005 ], [ 26.893904, 60.567702, -0.000043 ], [ 26.893797, 60.567775, -0.000043 ], [ 26.893945, 60.567828, -0.00005 ], [ 26.894052, 60.567755, -0.00005 ] ] ] ] } },
{ "type": "Feature", "properties": { "address": "M77" }, "geometry": { "type": "MultiPolygon", "coordinates": [ [ [ [ 26.894454, 60.567788, -0.000063 ], [ 26.894307, 60.567735, -0.000056 ], [ 26.8942, 60.567808, -0.000057 ], [ 26.894347, 60.56786, -0.000064 ], [ 26.894454, 60.567788, -0.000063 ] ] ] ] } },
{ "type": "Feature", "properties": { "address": "M76" }, "geometry": { "type": "MultiPolygon", "coordinates": [ [ [ [ 26.894307, 60.567735, -0.000056 ], [ 26.894159, 60.567682, -0.000049 ], [ 26.894052, 60.567755, -0.00005 ], [ 26.8942, 60.567808, -0.000057 ], [ 26.894307, 60.567735, -0.000056 ] ] ] ] } },
{ "type": "Feature", "properties": { "address": "M17" }, "geometry": { "type": "MultiPolygon", "coordinates": [ [ [ [ 26.893664, 60.568171, -0.000059 ], [ 26.893516, 60.568119, -0.000052 ], [ 26.893409, 60.568191, -0.000052 ], [ 26.893557, 60.568244, -0.000059 ], [ 26.893664, 60.568171, -0.000059 ] ] ] ] } },
{ "type": "Feature", "properties": { "address": "M15" }, "geometry": { "type": "MultiPolygon", "coordinates": [ [ [ [ 26.893369, 60.568066, -0.000045 ], [ 26.893221, 60.568013, -0.000038 ], [ 26.893114, 60.568086, -0.000038 ], [ 26.893262, 60.568139, -0.000045 ], [ 26.893369, 60.568066, -0.000045 ] ] ] ] } },
{ "type": "Feature", "properties": { "address": "M94" }, "geometry": { "type": "MultiPolygon", "coordinates": [ [ [ [ 26.894668, 60.567642, -0.000063 ], [ 26.894521, 60.567589, -0.000056 ], [ 26.894414, 60.567662, -0.000056 ], [ 26.894561, 60.567715, -0.000063 ], [ 26.894668, 60.567642, -0.000063 ] ] ] ] } },
{ "type": "Feature", "properties": { "address": "M14" }, "geometry": { "type": "MultiPolygon", "coordinates": [ [ [ [ 26.893221, 60.568013, -0.000038 ], [ 26.893073, 60.567961, -0.000031 ], [ 26.892966, 60.568033, -0.000031 ], [ 26.893114, 60.568086, -0.000038 ], [ 26.893221, 60.568013, -0.000038 ] ] ] ] } },
{ "type": "Feature", "properties": { "address": "M126" }, "geometry": { "type": "MultiPolygon", "coordinates": [ [ [ [ 26.89215, 60.567986, 0.073525 ], [ 26.892288, 60.568044, 0.073525 ], [ 26.892407, 60.567976, 0.073525 ], [ 26.892268, 60.567918, 0.073525 ], [ 26.89215, 60.567986, 0.073525 ] ] ] ] } },
{ "type": "Feature", "properties": { "address": "M128" }, "geometry": { "type": "MultiPolygon", "coordinates": [ [ [ [ 26.892407, 60.567976, 0.073525 ], [ 26.892546, 60.568034, 0.073525 ], [ 26.892664, 60.567966, 0.073525 ], [ 26.892525, 60.567908, 0.073525 ], [ 26.892407, 60.567976, 0.073525 ] ] ] ] } },
{ "type": "Feature", "properties": { "address": "M127" }, "geometry": { "type": "MultiPolygon", "coordinates": [ [ [ [ 26.892268, 60.567918, 0.073525 ], [ 26.892407, 60.567976, 0.073525 ], [ 26.892525, 60.567908, 0.073525 ], [ 26.892387, 60.567849, 0.073525 ], [ 26.892268, 60.567918, 0.073525 ] ] ] ] } },
{ "type": "Feature", "properties": { "address": "M133" }, "geometry": { "type": "MultiPolygon", "coordinates": [ [ [ [ 26.892624, 60.567713, 0.073525 ], [ 26.892762, 60.567771, 0.073525 ], [ 26.892881, 60.567703, 0.073525 ], [ 26.892742, 60.567644, 0.073525 ], [ 26.892624, 60.567713, 0.073525 ] ] ] ] } },
{ "type": "Feature", "properties": { "address": "M136" }, "geometry": { "type": "MultiPolygon", "coordinates": [ [ [ [ 26.892742, 60.567644, 0.073525 ], [ 26.892881, 60.567703, 0.073525 ], [ 26.892999, 60.567635, 0.073525 ], [ 26.892861, 60.567576, 0.073525 ], [ 26.892742, 60.567644, 0.073525 ] ] ] ] } },
{ "type": "Feature", "properties": { "address": "M134" }, "geometry": { "type": "MultiPolygon", "coordinates": [ [ [ [ 26.892762, 60.567771, 0.073525 ], [ 26.892901, 60.567829, 0.073525 ], [ 26.89302, 60.567761, 0.073525 ], [ 26.892881, 60.567703, 0.073525 ], [ 26.892762, 60.567771, 0.073525 ] ] ] ] } },
{ "type": "Feature", "properties": { "address": "M131" }, "geometry": { "type": "MultiPolygon", "coordinates": [ [ [ [ 26.892505, 60.567781, 0.073525 ], [ 26.892644, 60.567839, 0.073525 ], [ 26.892762, 60.567771, 0.073525 ], [ 26.892624, 60.567713, 0.073525 ], [ 26.892505, 60.567781, 0.073525 ] ] ] ] } },
{ "type": "Feature", "properties": { "address": "M132" }, "geometry": { "type": "MultiPolygon", "coordinates": [ [ [ [ 26.892644, 60.567839, 0.073525 ], [ 26.892783, 60.567898, 0.073525 ], [ 26.892901, 60.567829, 0.073525 ], [ 26.892762, 60.567771, 0.073525 ], [ 26.892644, 60.567839, 0.073525 ] ] ] ] } },
{ "type": "Feature", "properties": { "address": "M129" }, "geometry": { "type": "MultiPolygon", "coordinates": [ [ [ [ 26.892387, 60.567849, 0.073525 ], [ 26.892525, 60.567908, 0.073525 ], [ 26.892644, 60.567839, 0.073525 ], [ 26.892505, 60.567781, 0.073525 ], [ 26.892387, 60.567849, 0.073525 ] ] ] ] } },
{ "type": "Feature", "properties": { "address": "M130" }, "geometry": { "type": "MultiPolygon", "coordinates": [ [ [ [ 26.892525, 60.567908, 0.073525 ], [ 26.892664, 60.567966, 0.073525 ], [ 26.892783, 60.567898, 0.073525 ], [ 26.892644, 60.567839, 0.073525 ], [ 26.892525, 60.567908, 0.073525 ] ] ] ] } },
{ "type": "Feature", "properties": { "address": "M142" }, "geometry": { "type": "MultiPolygon", "coordinates": [ [ [ [ 26.89284, 60.56745, 0.073525 ], [ 26.892979, 60.567508, 0.073525 ], [ 26.893098, 60.56744, 0.073525 ], [ 26.892959, 60.567381, 0.073525 ], [ 26.89284, 60.56745, 0.073525 ] ] ] ] } },
{ "type": "Feature", "properties": { "address": "M143" }, "geometry": { "type": "MultiPolygon", "coordinates": [ [ [ [ 26.892979, 60.567508, 0.073525 ], [ 26.893118, 60.567566, 0.073525 ], [ 26.893237, 60.567498, 0.073525 ], [ 26.893098, 60.56744, 0.073525 ], [ 26.892979, 60.567508, 0.073525 ] ] ] ] } },
{ "type": "Feature", "properties": { "address": "M147" }, "geometry": { "type": "MultiPolygon", "coordinates": [ [ [ [ 26.893098, 60.56744, 0.073525 ], [ 26.893237, 60.567498, 0.073525 ], [ 26.893355, 60.56743, 0.073525 ], [ 26.893216, 60.567371, 0.073525 ], [ 26.893098, 60.56744, 0.073525 ] ] ] ] } },
{ "type": "Feature", "properties": { "address": "M151" }, "geometry": { "type": "MultiPolygon", "coordinates": [ [ [ [ 26.893216, 60.567371, 0.073525 ], [ 26.893355, 60.56743, 0.073525 ], [ 26.893474, 60.567361, 0.073525 ], [ 26.893335, 60.567303, 0.073525 ], [ 26.893216, 60.567371, 0.073525 ] ] ] ] } },
{ "type": "Feature", "properties": { "address": "M156" }, "geometry": { "type": "MultiPolygon", "coordinates": [ [ [ [ 26.893474, 60.567361, 0.073525 ], [ 26.893612, 60.56742, 0.073525 ], [ 26.893731, 60.567351, 0.073525 ], [ 26.893592, 60.567293, 0.073525 ], [ 26.893474, 60.567361, 0.073525 ] ] ] ] } },
{ "type": "Feature", "properties": { "address": "M152" }, "geometry": { "type": "MultiPolygon", "coordinates": [ [ [ [ 26.893355, 60.56743, 0.073525 ], [ 26.893494, 60.567488, 0.073525 ], [ 26.893612, 60.56742, 0.073525 ], [ 26.893474, 60.567361, 0.073525 ], [ 26.893355, 60.56743, 0.073525 ] ] ] ] } },
{ "type": "Feature", "properties": { "address": "M153" }, "geometry": { "type": "MultiPolygon", "coordinates": [ [ [ [ 26.893494, 60.567488, 0.073525 ], [ 26.893633, 60.567546, 0.073525 ], [ 26.893751, 60.567478, 0.073525 ], [ 26.893612, 60.56742, 0.073525 ], [ 26.893494, 60.567488, 0.073525 ] ] ] ] } },
{ "type": "Feature", "properties": { "address": "M155" }, "geometry": { "type": "MultiPolygon", "coordinates": [ [ [ [ 26.893335, 60.567303, 0.073525 ], [ 26.893474, 60.567361, 0.073525 ], [ 26.893592, 60.567293, 0.073525 ], [ 26.893453, 60.567235, 0.073525 ], [ 26.893335, 60.567303, 0.073525 ] ] ] ] } },
{ "type": "Feature", "properties": { "address": "M157" }, "geometry": { "type": "MultiPolygon", "coordinates": [ [ [ [ 26.893612, 60.56742, 0.073525 ], [ 26.893751, 60.567478, 0.073525 ], [ 26.89387, 60.56741, 0.073525 ], [ 26.893731, 60.567351, 0.073525 ], [ 26.893612, 60.56742, 0.073525 ] ] ] ] } },
{ "type": "Feature", "properties": { "address": "M165" }, "geometry": { "type": "MultiPolygon", "coordinates": [ [ [ [ 26.893711, 60.567225, 0.073525 ], [ 26.893849, 60.567283, 0.073525 ], [ 26.893968, 60.567215, 0.073525 ], [ 26.893829, 60.567156, 0.073525 ], [ 26.893711, 60.567225, 0.073525 ] ] ] ] } },
{ "type": "Feature", "properties": { "address": "M160" }, "geometry": { "type": "MultiPolygon", "coordinates": [ [ [ [ 26.893592, 60.567293, 0.073525 ], [ 26.893731, 60.567351, 0.073525 ], [ 26.893849, 60.567283, 0.073525 ], [ 26.893711, 60.567225, 0.073525 ], [ 26.893592, 60.567293, 0.073525 ] ] ] ] } },
{ "type": "Feature", "properties": { "address": "M161" }, "geometry": { "type": "MultiPolygon", "coordinates": [ [ [ [ 26.893731, 60.567351, 0.073525 ], [ 26.89387, 60.56741, 0.073525 ], [ 26.893988, 60.567341, 0.073525 ], [ 26.893849, 60.567283, 0.073525 ], [ 26.893731, 60.567351, 0.073525 ] ] ] ] } },
{ "type": "Feature", "properties": { "address": "M154" }, "geometry": { "type": "MultiPolygon", "coordinates": [ [ [ [ 26.893633, 60.567546, 0.073525 ], [ 26.893771, 60.567605, 0.073525 ], [ 26.89389, 60.567536, 0.073525 ], [ 26.893751, 60.567478, 0.073525 ], [ 26.893633, 60.567546, 0.073525 ] ] ] ] } },
{ "type": "Feature", "properties": { "address": "M158" }, "geometry": { "type": "MultiPolygon", "coordinates": [ [ [ [ 26.893751, 60.567478, 0.073525 ], [ 26.89389, 60.567536, 0.073525 ], [ 26.894008, 60.567468, 0.073525 ], [ 26.89387, 60.56741, 0.073525 ], [ 26.893751, 60.567478, 0.073525 ] ] ] ] } },
{ "type": "Feature", "properties": { "address": "M162" }, "geometry": { "type": "MultiPolygon", "coordinates": [ [ [ [ 26.89387, 60.56741, 0.073525 ], [ 26.894008, 60.567468, 0.073525 ], [ 26.894127, 60.5674, 0.073525 ], [ 26.893988, 60.567341, 0.073525 ], [ 26.89387, 60.56741, 0.073525 ] ] ] ] } },
{ "type": "Feature", "properties": { "address": "M167" }, "geometry": { "type": "MultiPolygon", "coordinates": [ [ [ [ 26.893988, 60.567341, 0.073525 ], [ 26.894127, 60.5674, 0.073525 ], [ 26.894245, 60.567331, 0.073525 ], [ 26.894107, 60.567273, 0.073525 ], [ 26.893988, 60.567341, 0.073525 ] ] ] ] } },
{ "type": "Feature", "properties": { "address": "M166" }, "geometry": { "type": "MultiPolygon", "coordinates": [ [ [ [ 26.893849, 60.567283, 0.073525 ], [ 26.893988, 60.567341, 0.073525 ], [ 26.894107, 60.567273, 0.073525 ], [ 26.893968, 60.567215, 0.073525 ], [ 26.893849, 60.567283, 0.073525 ] ] ] ] } },
{ "type": "Feature", "properties": { "address": "M168" }, "geometry": { "type": "MultiPolygon", "coordinates": [ [ [ [ 26.894127, 60.5674, 0.073525 ], [ 26.894266, 60.567458, 0.073525 ], [ 26.894384, 60.56739, 0.073525 ], [ 26.894245, 60.567331, 0.073525 ], [ 26.894127, 60.5674, 0.073525 ] ] ] ] } },
{ "type": "Feature", "properties": { "address": "M163" }, "geometry": { "type": "MultiPolygon", "coordinates": [ [ [ [ 26.894008, 60.567468, 0.073525 ], [ 26.894147, 60.567526, 0.073525 ], [ 26.894266, 60.567458, 0.073525 ], [ 26.894127, 60.5674, 0.073525 ], [ 26.894008, 60.567468, 0.073525 ] ] ] ] } },
{ "type": "Feature", "properties": { "address": "M85" }, "geometry": { "type": "MultiPolygon", "coordinates": [ [ [ [ 26.894414, 60.567662, -0.000056 ], [ 26.894266, 60.56761, -0.000049 ], [ 26.894159, 60.567682, -0.000049 ], [ 26.894307, 60.567735, -0.000056 ], [ 26.894414, 60.567662, -0.000056 ] ] ] ] } },
{ "type": "Feature", "properties": { "address": "M111" }, "geometry": { "type": "MultiPolygon", "coordinates": [ [ [ [ 26.895215, 60.567615, 0.110164 ], [ 26.895353, 60.567673, 0.110164 ], [ 26.895472, 60.567605, 0.110164 ], [ 26.895333, 60.567547, 0.110164 ], [ 26.895215, 60.567615, 0.110164 ] ] ] ] } },
{ "type": "Feature", "properties": { "address": "M117" }, "geometry": { "type": "MultiPolygon", "coordinates": [ [ [ [ 26.895333, 60.567547, 0.110164 ], [ 26.895472, 60.567605, 0.110164 ], [ 26.89559, 60.567537, 0.110164 ], [ 26.895452, 60.567479, 0.110164 ], [ 26.895333, 60.567547, 0.110164 ] ] ] ] } },
{ "type": "Feature", "properties": { "address": "M122" }, "geometry": { "type": "MultiPolygon", "coordinates": [ [ [ [ 26.895452, 60.567479, 0.110164 ], [ 26.89559, 60.567537, 0.110164 ], [ 26.895709, 60.567469, 0.110164 ], [ 26.89557, 60.56741, 0.110164 ], [ 26.895452, 60.567479, 0.110164 ] ] ] ] } },
{ "type": "Feature", "properties": { "address": "M124" }, "geometry": { "type": "MultiPolygon", "coordinates": [ [ [ [ 26.89557, 60.56741, 0.110164 ], [ 26.895709, 60.567469, 0.110164 ], [ 26.895827, 60.5674, 0.110164 ], [ 26.895689, 60.567342, 0.110164 ], [ 26.89557, 60.56741, 0.110164 ] ] ] ] } },
{ "type": "Feature", "properties": { "address": "M112" }, "geometry": { "type": "MultiPolygon", "coordinates": [ [ [ [ 26.895353, 60.567673, 0.110164 ], [ 26.895492, 60.567732, 0.110164 ], [ 26.895611, 60.567663, 0.110164 ], [ 26.895472, 60.567605, 0.110164 ], [ 26.895353, 60.567673, 0.110164 ] ] ] ] } },
{ "type": "Feature", "properties": { "address": "M118" }, "geometry": { "type": "MultiPolygon", "coordinates": [ [ [ [ 26.895472, 60.567605, 0.110164 ], [ 26.895611, 60.567663, 0.110164 ], [ 26.895729, 60.567595, 0.110164 ], [ 26.89559, 60.567537, 0.110164 ], [ 26.895472, 60.567605, 0.110164 ] ] ] ] } },
{ "type": "Feature", "properties": { "address": "M125" }, "geometry": { "type": "MultiPolygon", "coordinates": [ [ [ [ 26.895619, 60.567313, 0.110164 ], [ 26.895758, 60.567371, 0.110164 ], [ 26.895877, 60.567303, 0.110164 ], [ 26.895738, 60.567244, 0.110164 ], [ 26.895619, 60.567313, 0.110164 ] ] ] ] } },
{ "type": "Feature", "properties": { "address": "M113" }, "geometry": { "type": "MultiPolygon", "coordinates": [ [ [ [ 26.895492, 60.567732, 0.110164 ], [ 26.895631, 60.56779, 0.110164 ], [ 26.895749, 60.567722, 0.110164 ], [ 26.895611, 60.567663, 0.110164 ], [ 26.895492, 60.567732, 0.110164 ] ] ] ] } },
{ "type": "Feature", "properties": { "address": "M9" }, "geometry": { "type": "MultiPolygon", "coordinates": [ [ [ [ 26.893598, 60.56837, -0.000063 ], [ 26.893746, 60.568422, -0.00007 ], [ 26.893853, 60.56835, -0.000073 ], [ 26.893705, 60.568297, -0.000066 ], [ 26.893598, 60.56837, -0.000063 ] ] ] ] } },
{ "type": "Feature", "properties": { "address": "M10" }, "geometry": { "type": "MultiPolygon", "coordinates": [ [ [ [ 26.893746, 60.568422, -0.00007 ], [ 26.893893, 60.568475, -0.000077 ], [ 26.894001, 60.568402, -0.00008 ], [ 26.893853, 60.56835, -0.000073 ], [ 26.893746, 60.568422, -0.00007 ] ] ] ] } },
{ "type": "Feature", "properties": { "address": "M11" }, "geometry": { "type": "MultiPolygon", "coordinates": [ [ [ [ 26.893893, 60.568475, -0.000077 ], [ 26.894041, 60.568528, -0.000084 ], [ 26.894148, 60.568455, -0.000087 ], [ 26.894001, 60.568402, -0.00008 ], [ 26.893893, 60.568475, -0.000077 ] ] ] ] } },
{ "type": "Feature", "properties": { "address": "M12" }, "geometry": { "type": "MultiPolygon", "coordinates": [ [ [ [ 26.894041, 60.568528, -0.000084 ], [ 26.894189, 60.56858, -0.000091 ], [ 26.894296, 60.568508, -0.000094 ], [ 26.894148, 60.568455, -0.000087 ], [ 26.894041, 60.568528, -0.000084 ] ] ] ] } },
{ "type": "Feature", "properties": { "address": "M13" }, "geometry": { "type": "MultiPolygon", "coordinates": [ [ [ [ 26.894189, 60.56858, -0.000091 ], [ 26.894337, 60.568633, -0.000098 ], [ 26.894444, 60.56856, -0.000101 ], [ 26.894296, 60.568508, -0.000094 ], [ 26.894189, 60.56858, -0.000091 ] ] ] ] } },
{ "type": "Feature", "properties": { "address": "M91" }, "geometry": { "type": "MultiPolygon", "coordinates": [ [ [ [ 26.8953, 60.567978, -0.000098 ], [ 26.895153, 60.567926, -0.000091 ], [ 26.895046, 60.567998, -0.000091 ], [ 26.895193, 60.568051, -0.000098 ], [ 26.8953, 60.567978, -0.000098 ] ] ] ] } },
{ "type": "Feature", "properties": { "address": "M52" }, "geometry": { "type": "MultiPolygon", "coordinates": [ [ [ [ 26.894872, 60.568269, -0.000099 ], [ 26.894724, 60.568217, -0.000092 ], [ 26.894617, 60.568289, -0.000093 ], [ 26.894765, 60.568342, -0.0001 ], [ 26.894872, 60.568269, -0.000099 ] ] ] ] } },
{ "type": "Feature", "properties": { "address": "M51" }, "geometry": { "type": "MultiPolygon", "coordinates": [ [ [ [ 26.894724, 60.568217, -0.000092 ], [ 26.894577, 60.568164, -0.000085 ], [ 26.89447, 60.568237, -0.000086 ], [ 26.894617, 60.568289, -0.000093 ], [ 26.894724, 60.568217, -0.000092 ] ] ] ] } },
{ "type": "Feature", "properties": { "address": "M42" }, "geometry": { "type": "MultiPolygon", "coordinates": [ [ [ [ 26.894765, 60.568342, -0.0001 ], [ 26.894617, 60.568289, -0.000093 ], [ 26.89451, 60.568362, -0.000093 ], [ 26.894658, 60.568415, -0.0001 ], [ 26.894765, 60.568342, -0.0001 ] ] ] ] } },
{ "type": "Feature", "properties": { "address": "M41" }, "geometry": { "type": "MultiPolygon", "coordinates": [ [ [ [ 26.894617, 60.568289, -0.000093 ], [ 26.89447, 60.568237, -0.000086 ], [ 26.894362, 60.568309, -0.000086 ], [ 26.89451, 60.568362, -0.000093 ], [ 26.894617, 60.568289, -0.000093 ] ] ] ] } },
{ "type": "Feature", "properties": { "address": "M40" }, "geometry": { "type": "MultiPolygon", "coordinates": [ [ [ [ 26.89447, 60.568237, -0.000086 ], [ 26.894322, 60.568184, -0.000079 ], [ 26.894215, 60.568257, -0.000079 ], [ 26.894362, 60.568309, -0.000086 ], [ 26.89447, 60.568237, -0.000086 ] ] ] ] } },
{ "type": "Feature", "properties": { "address": "M32" }, "geometry": { "type": "MultiPolygon", "coordinates": [ [ [ [ 26.894658, 60.568415, -0.0001 ], [ 26.89451, 60.568362, -0.000093 ], [ 26.894403, 60.568435, -0.000093 ], [ 26.894551, 60.568488, -0.0001 ], [ 26.894658, 60.568415, -0.0001 ] ] ] ] } },
{ "type": "Feature", "properties": { "address": "M31" }, "geometry": { "type": "MultiPolygon", "coordinates": [ [ [ [ 26.89451, 60.568362, -0.000093 ], [ 26.894362, 60.568309, -0.000086 ], [ 26.894255, 60.568382, -0.000086 ], [ 26.894403, 60.568435, -0.000093 ], [ 26.89451, 60.568362, -0.000093 ] ] ] ] } },
{ "type": "Feature", "properties": { "address": "M23" }, "geometry": { "type": "MultiPolygon", "coordinates": [ [ [ [ 26.894551, 60.568488, -0.0001 ], [ 26.894403, 60.568435, -0.000093 ], [ 26.894296, 60.568508, -0.000094 ], [ 26.894444, 60.56856, -0.000101 ], [ 26.894551, 60.568488, -0.0001 ] ] ] ] } },
{ "type": "Feature", "properties": { "address": "M28" }, "geometry": { "type": "MultiPolygon", "coordinates": [ [ [ [ 26.894067, 60.568204, -0.000072 ], [ 26.893919, 60.568151, -0.000065 ], [ 26.893812, 60.568224, -0.000066 ], [ 26.89396, 60.568277, -0.000072 ], [ 26.894067, 60.568204, -0.000072 ] ] ] ] } },
{ "type": "Feature", "properties": { "address": "M29" }, "geometry": { "type": "MultiPolygon", "coordinates": [ [ [ [ 26.894215, 60.568257, -0.000079 ], [ 26.894067, 60.568204, -0.000072 ], [ 26.89396, 60.568277, -0.000072 ], [ 26.894108, 60.568329, -0.000079 ], [ 26.894215, 60.568257, -0.000079 ] ] ] ] } },
{ "type": "Feature", "properties": { "address": "M21" }, "geometry": { "type": "MultiPolygon", "coordinates": [ [ [ [ 26.894255, 60.568382, -0.000086 ], [ 26.894108, 60.568329, -0.000079 ], [ 26.894001, 60.568402, -0.00008 ], [ 26.894148, 60.568455, -0.000087 ], [ 26.894255, 60.568382, -0.000086 ] ] ] ] } },
{ "type": "Feature", "properties": { "address": "M30" }, "geometry": { "type": "MultiPolygon", "coordinates": [ [ [ [ 26.894362, 60.568309, -0.000086 ], [ 26.894215, 60.568257, -0.000079 ], [ 26.894108, 60.568329, -0.000079 ], [ 26.894255, 60.568382, -0.000086 ], [ 26.894362, 60.568309, -0.000086 ] ] ] ] } },
{ "type": "Feature", "properties": { "address": "M38" }, "geometry": { "type": "MultiPolygon", "coordinates": [ [ [ [ 26.894174, 60.568131, -0.000072 ], [ 26.894026, 60.568079, -0.000065 ], [ 26.893919, 60.568151, -0.000065 ], [ 26.894067, 60.568204, -0.000072 ], [ 26.894174, 60.568131, -0.000072 ] ] ] ] } },
{ "type": "Feature", "properties": { "address": "M39" }, "geometry": { "type": "MultiPolygon", "coordinates": [ [ [ [ 26.894322, 60.568184, -0.000079 ], [ 26.894174, 60.568131, -0.000072 ], [ 26.894067, 60.568204, -0.000072 ], [ 26.894215, 60.568257, -0.000079 ], [ 26.894322, 60.568184, -0.000079 ] ] ] ] } },
{ "type": "Feature", "properties": { "address": "M50" }, "geometry": { "type": "MultiPolygon", "coordinates": [ [ [ [ 26.894577, 60.568164, -0.000085 ], [ 26.894429, 60.568111, -0.000078 ], [ 26.894322, 60.568184, -0.000079 ], [ 26.89447, 60.568237, -0.000086 ], [ 26.894577, 60.568164, -0.000085 ] ] ] ] } },
{ "type": "Feature", "properties": { "address": "M49" }, "geometry": { "type": "MultiPolygon", "coordinates": [ [ [ [ 26.894429, 60.568111, -0.000078 ], [ 26.894281, 60.568059, -0.000071 ], [ 26.894174, 60.568131, -0.000072 ], [ 26.894322, 60.568184, -0.000079 ], [ 26.894429, 60.568111, -0.000078 ] ] ] ] } },
{ "type": "Feature", "properties": { "address": "M48" }, "geometry": { "type": "MultiPolygon", "coordinates": [ [ [ [ 26.894281, 60.568059, -0.000071 ], [ 26.894133, 60.568006, -0.000064 ], [ 26.894026, 60.568079, -0.000065 ], [ 26.894174, 60.568131, -0.000072 ], [ 26.894281, 60.568059, -0.000071 ] ] ] ] } },
{ "type": "Feature", "properties": { "address": "M58" }, "geometry": { "type": "MultiPolygon", "coordinates": [ [ [ [ 26.894388, 60.567986, -0.000071 ], [ 26.89424, 60.567933, -0.000064 ], [ 26.894133, 60.568006, -0.000064 ], [ 26.894281, 60.568059, -0.000071 ], [ 26.894388, 60.567986, -0.000071 ] ] ] ] } },
{ "type": "Feature", "properties": { "address": "M59" }, "geometry": { "type": "MultiPolygon", "coordinates": [ [ [ [ 26.894536, 60.568039, -0.000078 ], [ 26.894388, 60.567986, -0.000071 ], [ 26.894281, 60.568059, -0.000071 ], [ 26.894429, 60.568111, -0.000078 ], [ 26.894536, 60.568039, -0.000078 ] ] ] ] } },
{ "type": "Feature", "properties": { "address": "M60" }, "geometry": { "type": "MultiPolygon", "coordinates": [ [ [ [ 26.894684, 60.568091, -0.000085 ], [ 26.894536, 60.568039, -0.000078 ], [ 26.894429, 60.568111, -0.000078 ], [ 26.894577, 60.568164, -0.000085 ], [ 26.894684, 60.568091, -0.000085 ] ] ] ] } },
{ "type": "Feature", "properties": { "address": "M61" }, "geometry": { "type": "MultiPolygon", "coordinates": [ [ [ [ 26.894831, 60.568144, -0.000092 ], [ 26.894684, 60.568091, -0.000085 ], [ 26.894577, 60.568164, -0.000085 ], [ 26.894724, 60.568217, -0.000092 ], [ 26.894831, 60.568144, -0.000092 ] ] ] ] } },
{ "type": "Feature", "properties": { "address": "M62" }, "geometry": { "type": "MultiPolygon", "coordinates": [ [ [ [ 26.894979, 60.568197, -0.000099 ], [ 26.894831, 60.568144, -0.000092 ], [ 26.894724, 60.568217, -0.000092 ], [ 26.894872, 60.568269, -0.000099 ], [ 26.894979, 60.568197, -0.000099 ] ] ] ] } },
{ "type": "Feature", "properties": { "address": "M73" }, "geometry": { "type": "MultiPolygon", "coordinates": [ [ [ [ 26.895086, 60.568124, -0.000099 ], [ 26.894938, 60.568071, -0.000092 ], [ 26.894831, 60.568144, -0.000092 ], [ 26.894979, 60.568197, -0.000099 ], [ 26.895086, 60.568124, -0.000099 ] ] ] ] } },
{ "type": "Feature", "properties": { "address": "M72" }, "geometry": { "type": "MultiPolygon", "coordinates": [ [ [ [ 26.894938, 60.568071, -0.000092 ], [ 26.894791, 60.568018, -0.000085 ], [ 26.894684, 60.568091, -0.000085 ], [ 26.894831, 60.568144, -0.000092 ], [ 26.894938, 60.568071, -0.000092 ] ] ] ] } },
{ "type": "Feature", "properties": { "address": "M71" }, "geometry": { "type": "MultiPolygon", "coordinates": [ [ [ [ 26.894791, 60.568018, -0.000085 ], [ 26.894643, 60.567966, -0.000078 ], [ 26.894536, 60.568039, -0.000078 ], [ 26.894684, 60.568091, -0.000085 ], [ 26.894791, 60.568018, -0.000085 ] ] ] ] } },
{ "type": "Feature", "properties": { "address": "M70" }, "geometry": { "type": "MultiPolygon", "coordinates": [ [ [ [ 26.894643, 60.567966, -0.000078 ], [ 26.894495, 60.567913, -0.000071 ], [ 26.894388, 60.567986, -0.000071 ], [ 26.894536, 60.568039, -0.000078 ], [ 26.894643, 60.567966, -0.000078 ] ] ] ] } },
{ "type": "Feature", "properties": { "address": "M82" }, "geometry": { "type": "MultiPolygon", "coordinates": [ [ [ [ 26.895193, 60.568051, -0.000098 ], [ 26.895046, 60.567998, -0.000091 ], [ 26.894938, 60.568071, -0.000092 ], [ 26.895086, 60.568124, -0.000099 ], [ 26.895193, 60.568051, -0.000098 ] ] ] ] } },
{ "type": "Feature", "properties": { "address": "M81" }, "geometry": { "type": "MultiPolygon", "coordinates": [ [ [ [ 26.895046, 60.567998, -0.000091 ], [ 26.894898, 60.567946, -0.000084 ], [ 26.894791, 60.568018, -0.000085 ], [ 26.894938, 60.568071, -0.000092 ], [ 26.895046, 60.567998, -0.000091 ] ] ] ] } },
{ "type": "Feature", "properties": { "address": "M22" }, "geometry": { "type": "MultiPolygon", "coordinates": [ [ [ [ 26.894403, 60.568435, -0.000093 ], [ 26.894255, 60.568382, -0.000086 ], [ 26.894148, 60.568455, -0.000087 ], [ 26.894296, 60.568508, -0.000094 ], [ 26.894403, 60.568435, -0.000093 ] ] ] ] } },
{ "type": "Feature", "properties": { "address": "M20" }, "geometry": { "type": "MultiPolygon", "coordinates": [ [ [ [ 26.894108, 60.568329, -0.000079 ], [ 26.89396, 60.568277, -0.000072 ], [ 26.893853, 60.56835, -0.000073 ], [ 26.894001, 60.568402, -0.00008 ], [ 26.894108, 60.568329, -0.000079 ] ] ] ] } },
{ "type": "Feature", "properties": { "address": "M69" }, "geometry": { "type": "MultiPolygon", "coordinates": [ [ [ [ 26.894495, 60.567913, -0.000071 ], [ 26.894347, 60.56786, -0.000064 ], [ 26.89424, 60.567933, -0.000064 ], [ 26.894388, 60.567986, -0.000071 ], [ 26.894495, 60.567913, -0.000071 ] ] ] ] } },
{ "type": "Feature", "properties": { "address": "M78" }, "geometry": { "type": "MultiPolygon", "coordinates": [ [ [ [ 26.894602, 60.56784, -0.00007 ], [ 26.894454, 60.567788, -0.000063 ], [ 26.894347, 60.56786, -0.000064 ], [ 26.894495, 60.567913, -0.000071 ], [ 26.894602, 60.56784, -0.00007 ] ] ] ] } },
{ "type": "Feature", "properties": { "address": "M87" }, "geometry": { "type": "MultiPolygon", "coordinates": [ [ [ [ 26.894709, 60.567768, -0.00007 ], [ 26.894561, 60.567715, -0.000063 ], [ 26.894454, 60.567788, -0.000063 ], [ 26.894602, 60.56784, -0.00007 ], [ 26.894709, 60.567768, -0.00007 ] ] ] ] } },
{ "type": "Feature", "properties": { "address": "M96" }, "geometry": { "type": "MultiPolygon", "coordinates": [ [ [ [ 26.894964, 60.567748, -0.000077 ], [ 26.894816, 60.567695, -0.00007 ], [ 26.894709, 60.567768, -0.00007 ], [ 26.894857, 60.56782, -0.000077 ], [ 26.894964, 60.567748, -0.000077 ] ] ] ] } },
{ "type": "Feature", "properties": { "address": "M88" }, "geometry": { "type": "MultiPolygon", "coordinates": [ [ [ [ 26.894857, 60.56782, -0.000077 ], [ 26.894709, 60.567768, -0.00007 ], [ 26.894602, 60.56784, -0.00007 ], [ 26.89475, 60.567893, -0.000077 ], [ 26.894857, 60.56782, -0.000077 ] ] ] ] } },
{ "type": "Feature", "properties": { "address": "M79" }, "geometry": { "type": "MultiPolygon", "coordinates": [ [ [ [ 26.89475, 60.567893, -0.000077 ], [ 26.894602, 60.56784, -0.00007 ], [ 26.894495, 60.567913, -0.000071 ], [ 26.894643, 60.567966, -0.000078 ], [ 26.89475, 60.567893, -0.000077 ] ] ] ] } },
{ "type": "Feature", "properties": { "address": "M80" }, "geometry": { "type": "MultiPolygon", "coordinates": [ [ [ [ 26.894898, 60.567946, -0.000084 ], [ 26.89475, 60.567893, -0.000077 ], [ 26.894643, 60.567966, -0.000078 ], [ 26.894791, 60.568018, -0.000085 ], [ 26.894898, 60.567946, -0.000084 ] ] ] ] } },
{ "type": "Feature", "properties": { "address": "M89" }, "geometry": { "type": "MultiPolygon", "coordinates": [ [ [ [ 26.895005, 60.567873, -0.000084 ], [ 26.894857, 60.56782, -0.000077 ], [ 26.89475, 60.567893, -0.000077 ], [ 26.894898, 60.567946, -0.000084 ], [ 26.895005, 60.567873, -0.000084 ] ] ] ] } },
{ "type": "Feature", "properties": { "address": "M97" }, "geometry": { "type": "MultiPolygon", "coordinates": [ [ [ [ 26.895112, 60.5678, -0.000084 ], [ 26.894964, 60.567748, -0.000077 ], [ 26.894857, 60.56782, -0.000077 ], [ 26.895005, 60.567873, -0.000084 ], [ 26.895112, 60.5678, -0.000084 ] ] ] ] } },
{ "type": "Feature", "properties": { "address": "M98" }, "geometry": { "type": "MultiPolygon", "coordinates": [ [ [ [ 26.89526, 60.567853, -0.000091 ], [ 26.895112, 60.5678, -0.000084 ], [ 26.895005, 60.567873, -0.000084 ], [ 26.895153, 60.567926, -0.000091 ], [ 26.89526, 60.567853, -0.000091 ] ] ] ] } },
{ "type": "Feature", "properties": { "address": "M99" }, "geometry": { "type": "MultiPolygon", "coordinates": [ [ [ [ 26.895407, 60.567906, -0.000098 ], [ 26.89526, 60.567853, -0.000091 ], [ 26.895153, 60.567926, -0.000091 ], [ 26.8953, 60.567978, -0.000098 ], [ 26.895407, 60.567906, -0.000098 ] ] ] ] } },
{ "type": "Feature", "properties": { "address": "M19" }, "geometry": { "type": "MultiPolygon", "coordinates": [ [ [ [ 26.89396, 60.568277, -0.000072 ], [ 26.893812, 60.568224, -0.000066 ], [ 26.893705, 60.568297, -0.000066 ], [ 26.893853, 60.56835, -0.000073 ], [ 26.89396, 60.568277, -0.000072 ] ] ] ] } },
{ "type": "Feature", "properties": { "address": "M95" }, "geometry": { "type": "MultiPolygon", "coordinates": [ [ [ [ 26.894816, 60.567695, -0.00007 ], [ 26.894668, 60.567642, -0.000063 ], [ 26.894561, 60.567715, -0.000063 ], [ 26.894709, 60.567768, -0.00007 ], [ 26.894816, 60.567695, -0.00007 ] ] ] ] } },
{ "type": "Feature", "properties": { "address": "M2" }, "geometry": { "type": "MultiPolygon", "coordinates": [ [ [ [ 26.893934, 60.5686, -0.00008 ], [ 26.894082, 60.568653, -0.000087 ], [ 26.894189, 60.56858, -0.000091 ], [ 26.894041, 60.568528, -0.000084 ], [ 26.893934, 60.5686, -0.00008 ] ] ] ] } },
{ "type": "Feature", "properties": { "address": "M3" }, "geometry": { "type": "MultiPolygon", "coordinates": [ [ [ [ 26.894082, 60.568653, -0.000087 ], [ 26.89423, 60.568706, -0.000094 ], [ 26.894337, 60.568633, -0.000098 ], [ 26.894189, 60.56858, -0.000091 ], [ 26.894082, 60.568653, -0.000087 ] ] ] ] } },
{ "type": "Feature", "properties": { "address": "M93" }, "geometry": { "type": "MultiPolygon", "coordinates": [ [ [ [ 26.895596, 60.568084, -0.000112 ], [ 26.895448, 60.568031, -0.000105 ], [ 26.895341, 60.568104, -0.000105 ], [ 26.895489, 60.568157, -0.000112 ], [ 26.895596, 60.568084, -0.000112 ] ] ] ] } },
{ "type": "Feature", "properties": { "address": "M84" }, "geometry": { "type": "MultiPolygon", "coordinates": [ [ [ [ 26.895489, 60.568157, -0.000112 ], [ 26.895341, 60.568104, -0.000105 ], [ 26.895234, 60.568177, -0.000106 ], [ 26.895382, 60.568229, -0.000112 ], [ 26.895489, 60.568157, -0.000112 ] ] ] ] } },
{ "type": "Feature", "properties": { "address": "M83" }, "geometry": { "type": "MultiPolygon", "coordinates": [ [ [ [ 26.895341, 60.568104, -0.000105 ], [ 26.895193, 60.568051, -0.000098 ], [ 26.895086, 60.568124, -0.000099 ], [ 26.895234, 60.568177, -0.000106 ], [ 26.895341, 60.568104, -0.000105 ] ] ] ] } },
{ "type": "Feature", "properties": { "address": "M100" }, "geometry": { "type": "MultiPolygon", "coordinates": [ [ [ [ 26.895555, 60.567958, -0.000104 ], [ 26.895407, 60.567906, -0.000098 ], [ 26.8953, 60.567978, -0.000098 ], [ 26.895448, 60.568031, -0.000105 ], [ 26.895555, 60.567958, -0.000104 ] ] ] ] } },
{ "type": "Feature", "properties": { "address": "M90" }, "geometry": { "type": "MultiPolygon", "coordinates": [ [ [ [ 26.895153, 60.567926, -0.000091 ], [ 26.895005, 60.567873, -0.000084 ], [ 26.894898, 60.567946, -0.000084 ], [ 26.895046, 60.567998, -0.000091 ], [ 26.895153, 60.567926, -0.000091 ] ] ] ] } },
{ "type": "Feature", "properties": { "address": "M92" }, "geometry": { "type": "MultiPolygon", "coordinates": [ [ [ [ 26.895448, 60.568031, -0.000105 ], [ 26.8953, 60.567978, -0.000098 ], [ 26.895193, 60.568051, -0.000098 ], [ 26.895341, 60.568104, -0.000105 ], [ 26.895448, 60.568031, -0.000105 ] ] ] ] } },
{ "type": "Feature", "properties": { "address": "M64" }, "geometry": { "type": "MultiPolygon", "coordinates": [ [ [ [ 26.895275, 60.568302, -0.000113 ], [ 26.895127, 60.568249, -0.000106 ], [ 26.89502, 60.568322, -0.000106 ], [ 26.895168, 60.568375, -0.000113 ], [ 26.895275, 60.568302, -0.000113 ] ] ] ] } },
{ "type": "Feature", "properties": { "address": "M54" }, "geometry": { "type": "MultiPolygon", "coordinates": [ [ [ [ 26.895168, 60.568375, -0.000113 ], [ 26.89502, 60.568322, -0.000106 ], [ 26.894913, 60.568395, -0.000107 ], [ 26.895061, 60.568447, -0.000114 ], [ 26.895168, 60.568375, -0.000113 ] ] ] ] } },
{ "type": "Feature", "properties": { "address": "M53" }, "geometry": { "type": "MultiPolygon", "coordinates": [ [ [ [ 26.89502, 60.568322, -0.000106 ], [ 26.894872, 60.568269, -0.000099 ], [ 26.894765, 60.568342, -0.0001 ], [ 26.894913, 60.568395, -0.000107 ], [ 26.89502, 60.568322, -0.000106 ] ] ] ] } },
{ "type": "Feature", "properties": { "address": "M75" }, "geometry": { "type": "MultiPolygon", "coordinates": [ [ [ [ 26.895382, 60.568229, -0.000112 ], [ 26.895234, 60.568177, -0.000106 ], [ 26.895127, 60.568249, -0.000106 ], [ 26.895275, 60.568302, -0.000113 ], [ 26.895382, 60.568229, -0.000112 ] ] ] ] } },
{ "type": "Feature", "properties": { "address": "M63" }, "geometry": { "type": "MultiPolygon", "coordinates": [ [ [ [ 26.895127, 60.568249, -0.000106 ], [ 26.894979, 60.568197, -0.000099 ], [ 26.894872, 60.568269, -0.000099 ], [ 26.89502, 60.568322, -0.000106 ], [ 26.895127, 60.568249, -0.000106 ] ] ] ] } },
{ "type": "Feature", "properties": { "address": "M74" }, "geometry": { "type": "MultiPolygon", "coordinates": [ [ [ [ 26.895234, 60.568177, -0.000106 ], [ 26.895086, 60.568124, -0.000099 ], [ 26.894979, 60.568197, -0.000099 ], [ 26.895127, 60.568249, -0.000106 ], [ 26.895234, 60.568177, -0.000106 ] ] ] ] } },
{ "type": "Feature", "properties": { "address": "M43" }, "geometry": { "type": "MultiPolygon", "coordinates": [ [ [ [ 26.894913, 60.568395, -0.000107 ], [ 26.894765, 60.568342, -0.0001 ], [ 26.894658, 60.568415, -0.0001 ], [ 26.894806, 60.568468, -0.000107 ], [ 26.894913, 60.568395, -0.000107 ] ] ] ] } },
{ "type": "Feature", "properties": { "address": "M33" }, "geometry": { "type": "MultiPolygon", "coordinates": [ [ [ [ 26.894806, 60.568468, -0.000107 ], [ 26.894658, 60.568415, -0.0001 ], [ 26.894551, 60.568488, -0.0001 ], [ 26.894699, 60.56854, -0.000107 ], [ 26.894806, 60.568468, -0.000107 ] ] ] ] } },
{ "type": "Feature", "properties": { "address": "M1" }, "geometry": { "type": "MultiPolygon", "coordinates": [ [ [ [ 26.893786, 60.568548, -0.000073 ], [ 26.893934, 60.5686, -0.00008 ], [ 26.894041, 60.568528, -0.000084 ], [ 26.893893, 60.568475, -0.000077 ], [ 26.893786, 60.568548, -0.000073 ] ] ] ] } },
{ "type": "Feature", "properties": { "address": "M148" }, "geometry": { "type": "MultiPolygon", "coordinates": [ [ [ [ 26.893237, 60.567498, 0.073525 ], [ 26.893375, 60.567556, 0.073525 ], [ 26.893494, 60.567488, 0.073525 ], [ 26.893355, 60.56743, 0.073525 ], [ 26.893237, 60.567498, 0.073525 ] ] ] ] } },
{ "type": "Feature", "properties": { "address": "M144" }, "geometry": { "type": "MultiPolygon", "coordinates": [ [ [ [ 26.893118, 60.567566, 0.073525 ], [ 26.893257, 60.567625, 0.073525 ], [ 26.893375, 60.567556, 0.073525 ], [ 26.893237, 60.567498, 0.073525 ], [ 26.893118, 60.567566, 0.073525 ] ] ] ] } },
{ "type": "Feature", "properties": { "address": "M140" }, "geometry": { "type": "MultiPolygon", "coordinates": [ [ [ [ 26.892999, 60.567635, 0.073525 ], [ 26.893138, 60.567693, 0.073525 ], [ 26.893257, 60.567625, 0.073525 ], [ 26.893118, 60.567566, 0.073525 ], [ 26.892999, 60.567635, 0.073525 ] ] ] ] } },
{ "type": "Feature", "properties": { "address": "M137" }, "geometry": { "type": "MultiPolygon", "coordinates": [ [ [ [ 26.892881, 60.567703, 0.073525 ], [ 26.89302, 60.567761, 0.073525 ], [ 26.893138, 60.567693, 0.073525 ], [ 26.892999, 60.567635, 0.073525 ], [ 26.892881, 60.567703, 0.073525 ] ] ] ] } },
{ "type": "Feature", "properties": { "address": "M139" }, "geometry": { "type": "MultiPolygon", "coordinates": [ [ [ [ 26.892861, 60.567576, 0.073525 ], [ 26.892999, 60.567635, 0.073525 ], [ 26.893118, 60.567566, 0.073525 ], [ 26.892979, 60.567508, 0.073525 ], [ 26.892861, 60.567576, 0.073525 ] ] ] ] } },
{ "type": "Feature", "properties": { "address": "M149" }, "geometry": { "type": "MultiPolygon", "coordinates": [ [ [ [ 26.893375, 60.567556, 0.073525 ], [ 26.893514, 60.567615, 0.073525 ], [ 26.893633, 60.567546, 0.073525 ], [ 26.893494, 60.567488, 0.073525 ], [ 26.893375, 60.567556, 0.073525 ] ] ] ] } },
{ "type": "Feature", "properties": { "address": "M145" }, "geometry": { "type": "MultiPolygon", "coordinates": [ [ [ [ 26.893257, 60.567625, 0.073525 ], [ 26.893396, 60.567683, 0.073525 ], [ 26.893514, 60.567615, 0.073525 ], [ 26.893375, 60.567556, 0.073525 ], [ 26.893257, 60.567625, 0.073525 ] ] ] ] } },
{ "type": "Feature", "properties": { "address": "M141" }, "geometry": { "type": "MultiPolygon", "coordinates": [ [ [ [ 26.893138, 60.567693, 0.073525 ], [ 26.893277, 60.567751, 0.073525 ], [ 26.893396, 60.567683, 0.073525 ], [ 26.893257, 60.567625, 0.073525 ], [ 26.893138, 60.567693, 0.073525 ] ] ] ] } },
{ "type": "Feature", "properties": { "address": "M138" }, "geometry": { "type": "MultiPolygon", "coordinates": [ [ [ [ 26.89302, 60.567761, 0.073525 ], [ 26.893158, 60.567819, 0.073525 ], [ 26.893277, 60.567751, 0.073525 ], [ 26.893138, 60.567693, 0.073525 ], [ 26.89302, 60.567761, 0.073525 ] ] ] ] } },
{ "type": "Feature", "properties": { "address": "M150" }, "geometry": { "type": "MultiPolygon", "coordinates": [ [ [ [ 26.893514, 60.567615, 0.073525 ], [ 26.893653, 60.567673, 0.073525 ], [ 26.893771, 60.567605, 0.073525 ], [ 26.893633, 60.567546, 0.073525 ], [ 26.893514, 60.567615, 0.073525 ] ] ] ] } },
{ "type": "Feature", "properties": { "address": "M146" }, "geometry": { "type": "MultiPolygon", "coordinates": [ [ [ [ 26.893396, 60.567683, 0.073525 ], [ 26.893534, 60.567741, 0.073525 ], [ 26.893653, 60.567673, 0.073525 ], [ 26.893514, 60.567615, 0.073525 ], [ 26.893396, 60.567683, 0.073525 ] ] ] ] } },
{ "type": "Feature", "properties": { "address": "M173" }, "geometry": { "type": "MultiPolygon", "coordinates": [ [ [ [ 26.894054, 60.567124, 0.073525 ], [ 26.894193, 60.567182, 0.073525 ], [ 26.894311, 60.567114, 0.073525 ], [ 26.894172, 60.567056, 0.073525 ], [ 26.894054, 60.567124, 0.073525 ] ] ] ] } },
{ "type": "Feature", "properties": { "address": "M101" }, "geometry": { "type": "MultiPolygon", "coordinates": [ [ [ [ 26.894776, 60.567569, -0.000062 ], [ 26.894628, 60.567517, -0.000055 ], [ 26.894521, 60.567589, -0.000056 ], [ 26.894668, 60.567642, -0.000063 ], [ 26.894776, 60.567569, -0.000062 ] ] ] ] } },
{ "type": "Feature", "properties": { "address": "M102" }, "geometry": { "type": "MultiPolygon", "coordinates": [ [ [ [ 26.894923, 60.567622, -0.000069 ], [ 26.894776, 60.567569, -0.000062 ], [ 26.894668, 60.567642, -0.000063 ], [ 26.894816, 60.567695, -0.00007 ], [ 26.894923, 60.567622, -0.000069 ] ] ] ] } },
{ "type": "Feature", "properties": { "address": "M103" }, "geometry": { "type": "MultiPolygon", "coordinates": [ [ [ [ 26.895071, 60.567675, -0.000076 ], [ 26.894923, 60.567622, -0.000069 ], [ 26.894816, 60.567695, -0.00007 ], [ 26.894964, 60.567748, -0.000077 ], [ 26.895071, 60.567675, -0.000076 ] ] ] ] } },
{ "type": "Feature", "properties": { "address": "M104" }, "geometry": { "type": "MultiPolygon", "coordinates": [ [ [ [ 26.895219, 60.567728, -0.000083 ], [ 26.895071, 60.567675, -0.000076 ], [ 26.894964, 60.567748, -0.000077 ], [ 26.895112, 60.5678, -0.000084 ], [ 26.895219, 60.567728, -0.000083 ] ] ] ] } },
{ "type": "Feature", "properties": { "address": "M105" }, "geometry": { "type": "MultiPolygon", "coordinates": [ [ [ [ 26.895367, 60.56778, -0.00009 ], [ 26.895219, 60.567728, -0.000083 ], [ 26.895112, 60.5678, -0.000084 ], [ 26.89526, 60.567853, -0.000091 ], [ 26.895367, 60.56778, -0.00009 ] ] ] ] } },
{ "type": "Feature", "properties": { "address": "M106" }, "geometry": { "type": "MultiPolygon", "coordinates": [ [ [ [ 26.895514, 60.567833, -0.000097 ], [ 26.895367, 60.56778, -0.00009 ], [ 26.89526, 60.567853, -0.000091 ], [ 26.895407, 60.567906, -0.000098 ], [ 26.895514, 60.567833, -0.000097 ] ] ] ] } },
{ "type": "Feature", "properties": { "address": "M107" }, "geometry": { "type": "MultiPolygon", "coordinates": [ [ [ [ 26.895662, 60.567886, -0.000104 ], [ 26.895514, 60.567833, -0.000097 ], [ 26.895407, 60.567906, -0.000098 ], [ 26.895555, 60.567958, -0.000104 ], [ 26.895662, 60.567886, -0.000104 ] ] ] ] } },
{ "type": "Feature", "properties": { "address": "M170" }, "geometry": { "type": "MultiPolygon", "coordinates": [ [ [ [ 26.893968, 60.567215, 0.073525 ], [ 26.894107, 60.567273, 0.073525 ], [ 26.894225, 60.567205, 0.073525 ], [ 26.894086, 60.567146, 0.073525 ], [ 26.893968, 60.567215, 0.073525 ] ] ] ] } },
{ "type": "Feature", "properties": { "address": "M171" }, "geometry": { "type": "MultiPolygon", "coordinates": [ [ [ [ 26.894107, 60.567273, 0.073525 ], [ 26.894245, 60.567331, 0.073525 ], [ 26.894364, 60.567263, 0.073525 ], [ 26.894225, 60.567205, 0.073525 ], [ 26.894107, 60.567273, 0.073525 ] ] ] ] } },
{ "type": "Feature", "properties": { "address": "M172" }, "geometry": { "type": "MultiPolygon", "coordinates": [ [ [ [ 26.894245, 60.567331, 0.073525 ], [ 26.894384, 60.56739, 0.073525 ], [ 26.894503, 60.567321, 0.073525 ], [ 26.894364, 60.567263, 0.073525 ], [ 26.894245, 60.567331, 0.073525 ] ] ] ] } },
{ "type": "Feature", "properties": { "address": "M135" }, "geometry": { "type": "MultiPolygon", "coordinates": [ [ [ [ 26.892901, 60.567829, 0.073525 ], [ 26.89304, 60.567888, 0.073525 ], [ 26.893158, 60.567819, 0.073525 ], [ 26.89302, 60.567761, 0.073525 ], [ 26.892901, 60.567829, 0.073525 ] ] ] ] } },
{ "type": "Feature", "properties": { "address": "P50" }, "geometry": { "type": "MultiPolygon", "coordinates": [ [ [ [ 26.890659, 60.573909, 0.073525 ], [ 26.890834, 60.573974, 0.073525 ], [ 26.890965, 60.573887, 0.073525 ], [ 26.89079, 60.573823, 0.073525 ], [ 26.890659, 60.573909, 0.073525 ] ] ] ] } },
{ "type": "Feature", "properties": { "address": "P53" }, "geometry": { "type": "MultiPolygon", "coordinates": [ [ [ [ 26.89079, 60.573823, 0.073525 ], [ 26.890965, 60.573887, 0.073525 ], [ 26.891097, 60.573801, 0.073525 ], [ 26.890922, 60.573737, 0.073525 ], [ 26.89079, 60.573823, 0.073525 ] ] ] ] } },
{ "type": "Feature", "properties": { "address": "P56" }, "geometry": { "type": "MultiPolygon", "coordinates": [ [ [ [ 26.890922, 60.573737, 0.073525 ], [ 26.891097, 60.573801, 0.073525 ], [ 26.891228, 60.573715, 0.073525 ], [ 26.891053, 60.573651, 0.073525 ], [ 26.890922, 60.573737, 0.073525 ] ] ] ] } },
{ "type": "Feature", "properties": { "address": "P59" }, "geometry": { "type": "MultiPolygon", "coordinates": [ [ [ [ 26.891053, 60.573651, 0.073525 ], [ 26.891228, 60.573715, 0.073525 ], [ 26.89136, 60.573629, 0.073525 ], [ 26.891185, 60.573565, 0.073525 ], [ 26.891053, 60.573651, 0.073525 ] ] ] ] } },
{ "type": "Feature", "properties": { "address": "P61" }, "geometry": { "type": "MultiPolygon", "coordinates": [ [ [ [ 26.891185, 60.573565, 0.073525 ], [ 26.89136, 60.573629, 0.073525 ], [ 26.891491, 60.573543, 0.073525 ], [ 26.891317, 60.573478, 0.073525 ], [ 26.891185, 60.573565, 0.073525 ] ] ] ] } },
{ "type": "Feature", "properties": { "address": "P51" }, "geometry": { "type": "MultiPolygon", "coordinates": [ [ [ [ 26.890834, 60.573974, 0.073525 ], [ 26.891008, 60.574038, 0.073525 ], [ 26.89114, 60.573952, 0.073525 ], [ 26.890965, 60.573887, 0.073525 ], [ 26.890834, 60.573974, 0.073525 ] ] ] ] } },
{ "type": "Feature", "properties": { "address": "P54" }, "geometry": { "type": "MultiPolygon", "coordinates": [ [ [ [ 26.890965, 60.573887, 0.073525 ], [ 26.89114, 60.573952, 0.073525 ], [ 26.891272, 60.573866, 0.073525 ], [ 26.891097, 60.573801, 0.073525 ], [ 26.890965, 60.573887, 0.073525 ] ] ] ] } },
{ "type": "Feature", "properties": { "address": "P57" }, "geometry": { "type": "MultiPolygon", "coordinates": [ [ [ [ 26.891097, 60.573801, 0.073525 ], [ 26.891272, 60.573866, 0.073525 ], [ 26.891403, 60.57378, 0.073525 ], [ 26.891228, 60.573715, 0.073525 ], [ 26.891097, 60.573801, 0.073525 ] ] ] ] } },
{ "type": "Feature", "properties": { "address": "P60" }, "geometry": { "type": "MultiPolygon", "coordinates": [ [ [ [ 26.891228, 60.573715, 0.073525 ], [ 26.891403, 60.57378, 0.073525 ], [ 26.891535, 60.573694, 0.073525 ], [ 26.89136, 60.573629, 0.073525 ], [ 26.891228, 60.573715, 0.073525 ] ] ] ] } },
{ "type": "Feature", "properties": { "address": "P62" }, "geometry": { "type": "MultiPolygon", "coordinates": [ [ [ [ 26.89136, 60.573629, 0.073525 ], [ 26.891535, 60.573694, 0.073525 ], [ 26.891666, 60.573608, 0.073525 ], [ 26.891491, 60.573543, 0.073525 ], [ 26.89136, 60.573629, 0.073525 ] ] ] ] } },
{ "type": "Feature", "properties": { "address": "P48" }, "geometry": { "type": "MultiPolygon", "coordinates": [ [ [ [ 26.891206, 60.573909, 0.073525 ], [ 26.891381, 60.573974, 0.073525 ], [ 26.891512, 60.573888, 0.073525 ], [ 26.891337, 60.573823, 0.073525 ], [ 26.891206, 60.573909, 0.073525 ] ] ] ] } },
{ "type": "Feature", "properties": { "address": "P47" }, "geometry": { "type": "MultiPolygon", "coordinates": [ [ [ [ 26.891074, 60.573995, 0.073525 ], [ 26.891249, 60.57406, 0.073525 ], [ 26.891381, 60.573974, 0.073525 ], [ 26.891206, 60.573909, 0.073525 ], [ 26.891074, 60.573995, 0.073525 ] ] ] ] } },
{ "type": "Feature", "properties": { "address": "P46" }, "geometry": { "type": "MultiPolygon", "coordinates": [ [ [ [ 26.890943, 60.574081, 0.073525 ], [ 26.891118, 60.574146, 0.073525 ], [ 26.891249, 60.57406, 0.073525 ], [ 26.891074, 60.573995, 0.073525 ], [ 26.890943, 60.574081, 0.073525 ] ] ] ] } },
{ "type": "Feature", "properties": { "address": "P45" }, "geometry": { "type": "MultiPolygon", "coordinates": [ [ [ [ 26.890811, 60.574167, 0.073525 ], [ 26.890986, 60.574232, 0.073525 ], [ 26.891118, 60.574146, 0.073525 ], [ 26.890943, 60.574081, 0.073525 ], [ 26.890811, 60.574167, 0.073525 ] ] ] ] } },
{ "type": "Feature", "properties": { "address": "P44" }, "geometry": { "type": "MultiPolygon", "coordinates": [ [ [ [ 26.89068, 60.574253, 0.073525 ], [ 26.890854, 60.574318, 0.073525 ], [ 26.890986, 60.574232, 0.073525 ], [ 26.890811, 60.574167, 0.073525 ], [ 26.89068, 60.574253, 0.073525 ] ] ] ] } },
{ "type": "Feature", "properties": { "address": "P43" }, "geometry": { "type": "MultiPolygon", "coordinates": [ [ [ [ 26.890505, 60.574189, 0.073525 ], [ 26.89068, 60.574253, 0.073525 ], [ 26.890811, 60.574167, 0.073525 ], [ 26.890636, 60.574103, 0.073525 ], [ 26.890505, 60.574189, 0.073525 ] ] ] ] } },
{ "type": "Feature", "properties": { "address": "P52" }, "geometry": { "type": "MultiPolygon", "coordinates": [ [ [ [ 26.890615, 60.573758, 0.073525 ], [ 26.89079, 60.573823, 0.073525 ], [ 26.890922, 60.573737, 0.073525 ], [ 26.890747, 60.573672, 0.073525 ], [ 26.890615, 60.573758, 0.073525 ] ] ] ] } },
{ "type": "Feature", "properties": { "address": "P55" }, "geometry": { "type": "MultiPolygon", "coordinates": [ [ [ [ 26.890747, 60.573672, 0.073525 ], [ 26.890922, 60.573737, 0.073525 ], [ 26.891053, 60.573651, 0.073525 ], [ 26.890879, 60.573586, 0.073525 ], [ 26.890747, 60.573672, 0.073525 ] ] ] ] } },
{ "type": "Feature", "properties": { "address": "P58" }, "geometry": { "type": "MultiPolygon", "coordinates": [ [ [ [ 26.890879, 60.573586, 0.073525 ], [ 26.891053, 60.573651, 0.073525 ], [ 26.891185, 60.573565, 0.073525 ], [ 26.89101, 60.5735, 0.073525 ], [ 26.890879, 60.573586, 0.073525 ] ] ] ] } },
{ "type": "Feature", "properties": { "address": "P49" }, "geometry": { "type": "MultiPolygon", "coordinates": [ [ [ [ 26.891337, 60.573823, 0.073525 ], [ 26.891512, 60.573888, 0.073525 ], [ 26.891644, 60.573802, 0.073525 ], [ 26.891469, 60.573737, 0.073525 ], [ 26.891337, 60.573823, 0.073525 ] ] ] ] } },
{ "type": "Feature", "properties": { "address": "P15" }, "geometry": { "type": "MultiPolygon", "coordinates": [ [ [ [ 26.890831, 60.57456, 0.073525 ], [ 26.890971, 60.574617, 0.073525 ], [ 26.891088, 60.574548, 0.073525 ], [ 26.890948, 60.574491, 0.073525 ], [ 26.890831, 60.57456, 0.073525 ] ] ] ] } },
{ "type": "Feature", "properties": { "address": "P2" }, "geometry": { "type": "MultiPolygon", "coordinates": [ [ [ [ 26.890487, 60.57473, 0.110164 ], [ 26.890627, 60.574788, 0.110164 ], [ 26.890744, 60.574719, 0.110164 ], [ 26.890604, 60.574661, 0.110164 ], [ 26.890487, 60.57473, 0.110164 ] ] ] ] } },
{ "type": "Feature", "properties": { "address": "P18" }, "geometry": { "type": "MultiPolygon", "coordinates": [ [ [ [ 26.891065, 60.574422, 0.073525 ], [ 26.891205, 60.574479, 0.073525 ], [ 26.891322, 60.57441, 0.073525 ], [ 26.891182, 60.574353, 0.073525 ], [ 26.891065, 60.574422, 0.073525 ] ] ] ] } },
{ "type": "Feature", "properties": { "address": "P17" }, "geometry": { "type": "MultiPolygon", "coordinates": [ [ [ [ 26.890948, 60.574491, 0.073525 ], [ 26.891088, 60.574548, 0.073525 ], [ 26.891205, 60.574479, 0.073525 ], [ 26.891065, 60.574422, 0.073525 ], [ 26.890948, 60.574491, 0.073525 ] ] ] ] } },
{ "type": "Feature", "properties": { "address": "P19" }, "geometry": { "type": "MultiPolygon", "coordinates": [ [ [ [ 26.891182, 60.574353, 0.073525 ], [ 26.891322, 60.57441, 0.073525 ], [ 26.891439, 60.574341, 0.073525 ], [ 26.891299, 60.574284, 0.073525 ], [ 26.891182, 60.574353, 0.073525 ] ] ] ] } },
{ "type": "Feature", "properties": { "address": "P22" }, "geometry": { "type": "MultiPolygon", "coordinates": [ [ [ [ 26.891299, 60.574284, 0.073525 ], [ 26.891439, 60.574341, 0.073525 ], [ 26.891556, 60.574272, 0.073525 ], [ 26.891416, 60.574215, 0.073525 ], [ 26.891299, 60.574284, 0.073525 ] ] ] ] } },
{ "type": "Feature", "properties": { "address": "P28" }, "geometry": { "type": "MultiPolygon", "coordinates": [ [ [ [ 26.891533, 60.574146, 0.073525 ], [ 26.891673, 60.574204, 0.073525 ], [ 26.89179, 60.574135, 0.073525 ], [ 26.89165, 60.574077, 0.073525 ], [ 26.891533, 60.574146, 0.073525 ] ] ] ] } },
{ "type": "Feature", "properties": { "address": "P25" }, "geometry": { "type": "MultiPolygon", "coordinates": [ [ [ [ 26.891416, 60.574215, 0.073525 ], [ 26.891556, 60.574272, 0.073525 ], [ 26.891673, 60.574204, 0.073525 ], [ 26.891533, 60.574146, 0.073525 ], [ 26.891416, 60.574215, 0.073525 ] ] ] ] } },
{ "type": "Feature", "properties": { "address": "P30" }, "geometry": { "type": "MultiPolygon", "coordinates": [ [ [ [ 26.891767, 60.574008, 0.073525 ], [ 26.891907, 60.574066, 0.073525 ], [ 26.892024, 60.573997, 0.073525 ], [ 26.891884, 60.573939, 0.073525 ], [ 26.891767, 60.574008, 0.073525 ] ] ] ] } },
{ "type": "Feature", "properties": { "address": "P29" }, "geometry": { "type": "MultiPolygon", "coordinates": [ [ [ [ 26.89165, 60.574077, 0.073525 ], [ 26.89179, 60.574135, 0.073525 ], [ 26.891907, 60.574066, 0.073525 ], [ 26.891767, 60.574008, 0.073525 ], [ 26.89165, 60.574077, 0.073525 ] ] ] ] } },
{ "type": "Feature", "properties": { "address": "P31" }, "geometry": { "type": "MultiPolygon", "coordinates": [ [ [ [ 26.891884, 60.573939, 0.073525 ], [ 26.892024, 60.573997, 0.073525 ], [ 26.892141, 60.573928, 0.073525 ], [ 26.892001, 60.57387, 0.073525 ], [ 26.891884, 60.573939, 0.073525 ] ] ] ] } },
{ "type": "Feature", "properties": { "address": "P32" }, "geometry": { "type": "MultiPolygon", "coordinates": [ [ [ [ 26.892024, 60.573997, 0.073525 ], [ 26.892164, 60.574054, 0.073525 ], [ 26.892281, 60.573985, 0.073525 ], [ 26.892141, 60.573928, 0.073525 ], [ 26.892024, 60.573997, 0.073525 ] ] ] ] } },
{ "type": "Feature", "properties": { "address": "P64" }, "geometry": { "type": "MultiPolygon", "coordinates": [ [ [ [ 26.890153, 60.573827, 0.073525 ], [ 26.890328, 60.573891, 0.073525 ], [ 26.890459, 60.573805, 0.073525 ], [ 26.890284, 60.573741, 0.073525 ], [ 26.890153, 60.573827, 0.073525 ] ] ] ] } },
{ "type": "Feature", "properties": { "address": "P63" }, "geometry": { "type": "MultiPolygon", "coordinates": [ [ [ [ 26.890021, 60.573913, 0.073525 ], [ 26.890196, 60.573977, 0.073525 ], [ 26.890328, 60.573891, 0.073525 ], [ 26.890153, 60.573827, 0.073525 ], [ 26.890021, 60.573913, 0.073525 ] ] ] ] } },
{ "type": "Feature", "properties": { "address": "P1" }, "geometry": { "type": "MultiPolygon", "coordinates": [ [ [ [ 26.89037, 60.574799, 0.110164 ], [ 26.89051, 60.574857, 0.110164 ], [ 26.890627, 60.574788, 0.110164 ], [ 26.890487, 60.57473, 0.110164 ], [ 26.89037, 60.574799, 0.110164 ] ] ] ] } },
{ "type": "Feature", "properties": { "address": "P3" }, "geometry": { "type": "MultiPolygon", "coordinates": [ [ [ [ 26.89073, 60.574796, 0.073525 ], [ 26.89087, 60.574853, 0.073525 ], [ 26.890987, 60.574784, 0.073525 ], [ 26.890847, 60.574727, 0.073525 ], [ 26.89073, 60.574796, 0.073525 ] ] ] ] } },
{ "type": "Feature", "properties": { "address": "P16" }, "geometry": { "type": "MultiPolygon", "coordinates": [ [ [ [ 26.890971, 60.574617, 0.073525 ], [ 26.891111, 60.574675, 0.073525 ], [ 26.891228, 60.574606, 0.073525 ], [ 26.891088, 60.574548, 0.073525 ], [ 26.890971, 60.574617, 0.073525 ] ] ] ] } },
{ "type": "Feature", "properties": { "address": "P20" }, "geometry": { "type": "MultiPolygon", "coordinates": [ [ [ [ 26.891322, 60.57441, 0.073525 ], [ 26.891462, 60.574468, 0.073525 ], [ 26.891579, 60.574399, 0.073525 ], [ 26.891439, 60.574341, 0.073525 ], [ 26.891322, 60.57441, 0.073525 ] ] ] ] } },
{ "type": "Feature", "properties": { "address": "P26" }, "geometry": { "type": "MultiPolygon", "coordinates": [ [ [ [ 26.891556, 60.574272, 0.073525 ], [ 26.891696, 60.57433, 0.073525 ], [ 26.891813, 60.574261, 0.073525 ], [ 26.891673, 60.574204, 0.073525 ], [ 26.891556, 60.574272, 0.073525 ] ] ] ] } },
{ "type": "Feature", "properties": { "address": "P23" }, "geometry": { "type": "MultiPolygon", "coordinates": [ [ [ [ 26.891439, 60.574341, 0.073525 ], [ 26.891579, 60.574399, 0.073525 ], [ 26.891696, 60.57433, 0.073525 ], [ 26.891556, 60.574272, 0.073525 ], [ 26.891439, 60.574341, 0.073525 ] ] ] ] } },
{ "type": "Feature", "properties": { "address": "P21" }, "geometry": { "type": "MultiPolygon", "coordinates": [ [ [ [ 26.891462, 60.574468, 0.073525 ], [ 26.891602, 60.574526, 0.073525 ], [ 26.891719, 60.574457, 0.073525 ], [ 26.891579, 60.574399, 0.073525 ], [ 26.891462, 60.574468, 0.073525 ] ] ] ] } },
{ "type": "Feature", "properties": { "address": "P24" }, "geometry": { "type": "MultiPolygon", "coordinates": [ [ [ [ 26.891579, 60.574399, 0.073525 ], [ 26.891719, 60.574457, 0.073525 ], [ 26.891836, 60.574388, 0.073525 ], [ 26.891696, 60.57433, 0.073525 ], [ 26.891579, 60.574399, 0.073525 ] ] ] ] } },
{ "type": "Feature", "properties": { "address": "P27" }, "geometry": { "type": "MultiPolygon", "coordinates": [ [ [ [ 26.891696, 60.57433, 0.073525 ], [ 26.891836, 60.574388, 0.073525 ], [ 26.891953, 60.574319, 0.073525 ], [ 26.891813, 60.574261, 0.073525 ], [ 26.891696, 60.57433, 0.073525 ] ] ] ] } },
{ "type": "Feature", "properties": { "address": "P38" }, "geometry": { "type": "MultiPolygon", "coordinates": [ [ [ [ 26.892465, 60.574083, 0.073525 ], [ 26.892605, 60.57414, 0.073525 ], [ 26.892722, 60.574072, 0.073525 ], [ 26.892582, 60.574014, 0.073525 ], [ 26.892465, 60.574083, 0.073525 ] ] ] ] } },
{ "type": "Feature", "properties": { "address": "P37" }, "geometry": { "type": "MultiPolygon", "coordinates": [ [ [ [ 26.892605, 60.57414, 0.073525 ], [ 26.892745, 60.574198, 0.073525 ], [ 26.892862, 60.574129, 0.073525 ], [ 26.892722, 60.574072, 0.073525 ], [ 26.892605, 60.57414, 0.073525 ] ] ] ] } },
{ "type": "Feature", "properties": { "address": "P36" }, "geometry": { "type": "MultiPolygon", "coordinates": [ [ [ [ 26.892488, 60.574209, 0.073525 ], [ 26.892628, 60.574267, 0.073525 ], [ 26.892745, 60.574198, 0.073525 ], [ 26.892605, 60.57414, 0.073525 ], [ 26.892488, 60.574209, 0.073525 ] ] ] ] } },
{ "type": "Feature", "properties": { "address": "P35" }, "geometry": { "type": "MultiPolygon", "coordinates": [ [ [ [ 26.892371, 60.574278, 0.073525 ], [ 26.892511, 60.574336, 0.073525 ], [ 26.892628, 60.574267, 0.073525 ], [ 26.892488, 60.574209, 0.073525 ], [ 26.892371, 60.574278, 0.073525 ] ] ] ] } },
{ "type": "Feature", "properties": { "address": "P33" }, "geometry": { "type": "MultiPolygon", "coordinates": [ [ [ [ 26.892254, 60.574347, 0.073525 ], [ 26.892394, 60.574405, 0.073525 ], [ 26.892511, 60.574336, 0.073525 ], [ 26.892371, 60.574278, 0.073525 ], [ 26.892254, 60.574347, 0.073525 ] ] ] ] } },
{ "type": "Feature", "properties": { "address": "P65" }, "geometry": { "type": "MultiPolygon", "coordinates": [ [ [ [ 26.89234, 60.573681, 0.073525 ], [ 26.892501, 60.573723, 0.073525 ], [ 26.892587, 60.573644, 0.073525 ], [ 26.892426, 60.573601, 0.073525 ], [ 26.89234, 60.573681, 0.073525 ] ] ] ] } },
{ "type": "Feature", "properties": { "address": "P66" }, "geometry": { "type": "MultiPolygon", "coordinates": [ [ [ [ 26.892501, 60.573723, 0.073525 ], [ 26.892661, 60.573765, 0.073525 ], [ 26.892748, 60.573686, 0.073525 ], [ 26.892587, 60.573644, 0.073525 ], [ 26.892501, 60.573723, 0.073525 ] ] ] ] } },
{ "type": "Feature", "properties": { "address": "P67" }, "geometry": { "type": "MultiPolygon", "coordinates": [ [ [ [ 26.892661, 60.573765, 0.073525 ], [ 26.892822, 60.573808, 0.073525 ], [ 26.892909, 60.573729, 0.073525 ], [ 26.892748, 60.573686, 0.073525 ], [ 26.892661, 60.573765, 0.073525 ] ] ] ] } },
{ "type": "Feature", "properties": { "address": "P34" }, "geometry": { "type": "MultiPolygon", "coordinates": [ [ [ [ 26.892453, 60.57437, 0.073525 ], [ 26.892593, 60.574428, 0.073525 ], [ 26.89271, 60.574359, 0.073525 ], [ 26.89257, 60.574301, 0.073525 ], [ 26.892453, 60.57437, 0.073525 ] ] ] ] } },
{ "type": "Feature", "properties": { "address": "P6" }, "geometry": { "type": "MultiPolygon", "coordinates": [ [ [ [ 26.892222, 60.575036, 0.073525 ], [ 26.892397, 60.575061, 0.073525 ], [ 26.892448, 60.574975, 0.073525 ], [ 26.892273, 60.57495, 0.073525 ], [ 26.892222, 60.575036, 0.073525 ] ] ] ] } },
{ "type": "Feature", "properties": { "address": "P9" }, "geometry": { "type": "MultiPolygon", "coordinates": [ [ [ [ 26.892273, 60.57495, 0.073525 ], [ 26.892448, 60.574975, 0.073525 ], [ 26.892499, 60.574888, 0.073525 ], [ 26.892324, 60.574863, 0.073525 ], [ 26.892273, 60.57495, 0.073525 ] ] ] ] } },
{ "type": "Feature", "properties": { "address": "P5" }, "geometry": { "type": "MultiPolygon", "coordinates": [ [ [ [ 26.892047, 60.575011, 0.073525 ], [ 26.892222, 60.575036, 0.073525 ], [ 26.892273, 60.57495, 0.073525 ], [ 26.892097, 60.574925, 0.073525 ], [ 26.892047, 60.575011, 0.073525 ] ] ] ] } },
{ "type": "Feature", "properties": { "address": "P8" }, "geometry": { "type": "MultiPolygon", "coordinates": [ [ [ [ 26.892097, 60.574925, 0.073525 ], [ 26.892273, 60.57495, 0.073525 ], [ 26.892324, 60.574863, 0.073525 ], [ 26.892148, 60.574838, 0.073525 ], [ 26.892097, 60.574925, 0.073525 ] ] ] ] } },
{ "type": "Feature", "properties": { "address": "P4" }, "geometry": { "type": "MultiPolygon", "coordinates": [ [ [ [ 26.891871, 60.574986, 0.073525 ], [ 26.892047, 60.575011, 0.073525 ], [ 26.892097, 60.574925, 0.073525 ], [ 26.891922, 60.5749, 0.073525 ], [ 26.891871, 60.574986, 0.073525 ] ] ] ] } },
{ "type": "Feature", "properties": { "address": "P11" }, "geometry": { "type": "MultiPolygon", "coordinates": [ [ [ [ 26.892324, 60.574863, 0.073525 ], [ 26.892499, 60.574888, 0.073525 ], [ 26.89255, 60.574802, 0.073525 ], [ 26.892375, 60.574777, 0.073525 ], [ 26.892324, 60.574863, 0.073525 ] ] ] ] } },
{ "type": "Feature", "properties": { "address": "R103" }, "geometry": { "type": "MultiPolygon", "coordinates": [ [ [ [ 26.889921, 60.577008, 0.0 ], [ 26.889703, 60.576999, 0.0 ], [ 26.889684, 60.577106, 0.0 ], [ 26.889902, 60.577115, 0.0 ], [ 26.889921, 60.577008, 0.0 ] ] ] ] } },
{ "type": "Feature", "properties": { "address": "R102" }, "geometry": { "type": "MultiPolygon", "coordinates": [ [ [ [ 26.889703, 60.576999, 0.0 ], [ 26.889484, 60.57699, 0.0 ], [ 26.889466, 60.577097, 0.0 ], [ 26.889684, 60.577106, 0.0 ], [ 26.889703, 60.576999, 0.0 ] ] ] ] } },
{ "type": "Feature", "properties": { "address": "R101" }, "geometry": { "type": "MultiPolygon", "coordinates": [ [ [ [ 26.889484, 60.57699, 0.0 ], [ 26.889266, 60.576981, 0.0 ], [ 26.889248, 60.577088, 0.0 ], [ 26.889466, 60.577097, 0.0 ], [ 26.889484, 60.57699, 0.0 ] ] ] ] } },
{ "type": "Feature", "properties": { "address": "R99" }, "geometry": { "type": "MultiPolygon", "coordinates": [ [ [ [ 26.889902, 60.577115, 0.0 ], [ 26.889684, 60.577106, 0.0 ], [ 26.889666, 60.577214, 0.0 ], [ 26.889884, 60.577223, 0.0 ], [ 26.889902, 60.577115, 0.0 ] ] ] ] } },
{ "type": "Feature", "properties": { "address": "R98" }, "geometry": { "type": "MultiPolygon", "coordinates": [ [ [ [ 26.889684, 60.577106, 0.0 ], [ 26.889466, 60.577097, 0.0 ], [ 26.889448, 60.577205, 0.0 ], [ 26.889666, 60.577214, 0.0 ], [ 26.889684, 60.577106, 0.0 ] ] ] ] } },
{ "type": "Feature", "properties": { "address": "R97" }, "geometry": { "type": "MultiPolygon", "coordinates": [ [ [ [ 26.889466, 60.577097, 0.0 ], [ 26.889248, 60.577088, 0.0 ], [ 26.88923, 60.577196, 0.0 ], [ 26.889448, 60.577205, 0.0 ], [ 26.889466, 60.577097, 0.0 ] ] ] ] } },
{ "type": "Feature", "properties": { "address": "R95" }, "geometry": { "type": "MultiPolygon", "coordinates": [ [ [ [ 26.889884, 60.577223, 0.0 ], [ 26.889666, 60.577214, 0.0 ], [ 26.889648, 60.577321, 0.0 ], [ 26.889866, 60.57733, 0.0 ], [ 26.889884, 60.577223, 0.0 ] ] ] ] } },
{ "type": "Feature", "properties": { "address": "R94" }, "geometry": { "type": "MultiPolygon", "coordinates": [ [ [ [ 26.889666, 60.577214, 0.0 ], [ 26.889448, 60.577205, 0.0 ], [ 26.88943, 60.577312, 0.0 ], [ 26.889648, 60.577321, 0.0 ], [ 26.889666, 60.577214, 0.0 ] ] ] ] } },
{ "type": "Feature", "properties": { "address": "R93" }, "geometry": { "type": "MultiPolygon", "coordinates": [ [ [ [ 26.889448, 60.577205, 0.0 ], [ 26.88923, 60.577196, 0.0 ], [ 26.889212, 60.577303, 0.0 ], [ 26.88943, 60.577312, 0.0 ], [ 26.889448, 60.577205, 0.0 ] ] ] ] } },
{ "type": "Feature", "properties": { "address": "R91" }, "geometry": { "type": "MultiPolygon", "coordinates": [ [ [ [ 26.889866, 60.57733, 0.0 ], [ 26.889648, 60.577321, 0.0 ], [ 26.88963, 60.577428, 0.0 ], [ 26.889848, 60.577437, 0.0 ], [ 26.889866, 60.57733, 0.0 ] ] ] ] } },
{ "type": "Feature", "properties": { "address": "R90" }, "geometry": { "type": "MultiPolygon", "coordinates": [ [ [ [ 26.889648, 60.577321, 0.0 ], [ 26.88943, 60.577312, 0.0 ], [ 26.889411, 60.577419, 0.0 ], [ 26.88963, 60.577428, 0.0 ], [ 26.889648, 60.577321, 0.0 ] ] ] ] } },
{ "type": "Feature", "properties": { "address": "R89" }, "geometry": { "type": "MultiPolygon", "coordinates": [ [ [ [ 26.88943, 60.577312, 0.0 ], [ 26.889212, 60.577303, 0.0 ], [ 26.889193, 60.57741, 0.0 ], [ 26.889411, 60.577419, 0.0 ], [ 26.88943, 60.577312, 0.0 ] ] ] ] } },
{ "type": "Feature", "properties": { "address": "R87" }, "geometry": { "type": "MultiPolygon", "coordinates": [ [ [ [ 26.889848, 60.577437, 0.0 ], [ 26.88963, 60.577428, 0.0 ], [ 26.889611, 60.577536, 0.0 ], [ 26.889829, 60.577545, 0.0 ], [ 26.889848, 60.577437, 0.0 ] ] ] ] } },
{ "type": "Feature", "properties": { "address": "R86" }, "geometry": { "type": "MultiPolygon", "coordinates": [ [ [ [ 26.88963, 60.577428, 0.0 ], [ 26.889411, 60.577419, 0.0 ], [ 26.889393, 60.577527, 0.0 ], [ 26.889611, 60.577536, 0.0 ], [ 26.88963, 60.577428, 0.0 ] ] ] ] } },
{ "type": "Feature", "properties": { "address": "R85" }, "geometry": { "type": "MultiPolygon", "coordinates": [ [ [ [ 26.889411, 60.577419, 0.0 ], [ 26.889193, 60.57741, 0.0 ], [ 26.889175, 60.577518, 0.0 ], [ 26.889393, 60.577527, 0.0 ], [ 26.889411, 60.577419, 0.0 ] ] ] ] } },
{ "type": "Feature", "properties": { "address": "R107" }, "geometry": { "type": "MultiPolygon", "coordinates": [ [ [ [ 26.889939, 60.576901, 0.0 ], [ 26.889721, 60.576892, 0.0 ], [ 26.889703, 60.576999, 0.0 ], [ 26.889921, 60.577008, 0.0 ], [ 26.889939, 60.576901, 0.0 ] ] ] ] } },
{ "type": "Feature", "properties": { "address": "R106" }, "geometry": { "type": "MultiPolygon", "coordinates": [ [ [ [ 26.889721, 60.576892, 0.0 ], [ 26.889503, 60.576883, 0.0 ], [ 26.889484, 60.57699, 0.0 ], [ 26.889703, 60.576999, 0.0 ], [ 26.889721, 60.576892, 0.0 ] ] ] ] } },
{ "type": "Feature", "properties": { "address": "R105" }, "geometry": { "type": "MultiPolygon", "coordinates": [ [ [ [ 26.889503, 60.576883, 0.0 ], [ 26.889285, 60.576874, 0.0 ], [ 26.889266, 60.576981, 0.0 ], [ 26.889484, 60.57699, 0.0 ], [ 26.889503, 60.576883, 0.0 ] ] ] ] } },
{ "type": "Feature", "properties": { "address": "R110" }, "geometry": { "type": "MultiPolygon", "coordinates": [ [ [ [ 26.889739, 60.576784, 0.0 ], [ 26.889521, 60.576775, 0.0 ], [ 26.889503, 60.576883, 0.0 ], [ 26.889721, 60.576892, 0.0 ], [ 26.889739, 60.576784, 0.0 ] ] ] ] } },
{ "type": "Feature", "properties": { "address": "R109" }, "geometry": { "type": "MultiPolygon", "coordinates": [ [ [ [ 26.889521, 60.576775, 0.0 ], [ 26.889303, 60.576766, 0.0 ], [ 26.889285, 60.576874, 0.0 ], [ 26.889503, 60.576883, 0.0 ], [ 26.889521, 60.576775, 0.0 ] ] ] ] } },
{ "type": "Feature", "properties": { "address": "R37" }, "geometry": { "type": "MultiPolygon", "coordinates": [ [ [ [ 26.888096, 60.577739, 0.0001 ], [ 26.888279, 60.577798, 0.0001 ], [ 26.888399, 60.577708, 0.0001 ], [ 26.888216, 60.577649, 0.0001 ], [ 26.888096, 60.577739, 0.0001 ] ] ] ] } },
{ "type": "Feature", "properties": { "address": "R40" }, "geometry": { "type": "MultiPolygon", "coordinates": [ [ [ [ 26.888216, 60.577649, 0.0001 ], [ 26.888399, 60.577708, 0.0001 ], [ 26.888519, 60.577618, 0.0001 ], [ 26.888335, 60.577559, 0.0001 ], [ 26.888216, 60.577649, 0.0001 ] ] ] ] } },
{ "type": "Feature", "properties": { "address": "R9" }, "geometry": { "type": "MultiPolygon", "coordinates": [ [ [ [ 26.886932, 60.577364, 0.0001 ], [ 26.887115, 60.577423, 0.0001 ], [ 26.887235, 60.577333, 0.0001 ], [ 26.887052, 60.577274, 0.0001 ], [ 26.886932, 60.577364, 0.0001 ] ] ] ] } },
{ "type": "Feature", "properties": { "address": "R7" }, "geometry": { "type": "MultiPolygon", "coordinates": [ [ [ [ 26.886566, 60.577246, 0.0001 ], [ 26.886749, 60.577305, 0.0001 ], [ 26.886869, 60.577215, 0.0001 ], [ 26.886686, 60.577156, 0.0001 ], [ 26.886566, 60.577246, 0.0001 ] ] ] ] } },
{ "type": "Feature", "properties": { "address": "R6" }, "geometry": { "type": "MultiPolygon", "coordinates": [ [ [ [ 26.886383, 60.577187, 0.0001 ], [ 26.886566, 60.577246, 0.0001 ], [ 26.886686, 60.577156, 0.0001 ], [ 26.886503, 60.577097, 0.0001 ], [ 26.886383, 60.577187, 0.0001 ] ] ] ] } },
{ "type": "Feature", "properties": { "address": "R43" }, "geometry": { "type": "MultiPolygon", "coordinates": [ [ [ [ 26.888335, 60.577559, 0.0001 ], [ 26.888519, 60.577618, 0.0001 ], [ 26.888638, 60.577528, 0.0001 ], [ 26.888455, 60.577469, 0.0001 ], [ 26.888335, 60.577559, 0.0001 ] ] ] ] } },
{ "type": "Feature", "properties": { "address": "R47" }, "geometry": { "type": "MultiPolygon", "coordinates": [ [ [ [ 26.888455, 60.577469, 0.0001 ], [ 26.888638, 60.577528, 0.0001 ], [ 26.888758, 60.577437, 0.0001 ], [ 26.888575, 60.577379, 0.0001 ], [ 26.888455, 60.577469, 0.0001 ] ] ] ] } },
{ "type": "Feature", "properties": { "address": "R51" }, "geometry": { "type": "MultiPolygon", "coordinates": [ [ [ [ 26.888575, 60.577379, 0.0001 ], [ 26.888758, 60.577437, 0.0001 ], [ 26.888878, 60.577347, 0.0001 ], [ 26.888695, 60.577288, 0.0001 ], [ 26.888575, 60.577379, 0.0001 ] ] ] ] } },
{ "type": "Feature", "properties": { "address": "R25" }, "geometry": { "type": "MultiPolygon", "coordinates": [ [ [ [ 26.887513, 60.576645, 0.0001 ], [ 26.887393, 60.576735, 0.0001 ], [ 26.887576, 60.576794, 0.0001 ], [ 26.887696, 60.576704, 0.0001 ], [ 26.887513, 60.576645, 0.0001 ] ] ] ] } },
{ "type": "Feature", "properties": { "address": "R19" }, "geometry": { "type": "MultiPolygon", "coordinates": [ [ [ [ 26.887232, 60.576815, 0.0001 ], [ 26.887112, 60.576905, 0.0001 ], [ 26.887296, 60.576964, 0.0001 ], [ 26.887415, 60.576874, 0.0001 ], [ 26.887232, 60.576815, 0.0001 ] ] ] ] } },
{ "type": "Feature", "properties": { "address": "R26" }, "geometry": { "type": "MultiPolygon", "coordinates": [ [ [ [ 26.887696, 60.576704, 0.0001 ], [ 26.887576, 60.576794, 0.0001 ], [ 26.887759, 60.576853, 0.0001 ], [ 26.887879, 60.576763, 0.0001 ], [ 26.887696, 60.576704, 0.0001 ] ] ] ] } },
{ "type": "Feature", "properties": { "address": "R20" }, "geometry": { "type": "MultiPolygon", "coordinates": [ [ [ [ 26.887415, 60.576874, 0.0001 ], [ 26.887296, 60.576964, 0.0001 ], [ 26.887479, 60.577023, 0.0001 ], [ 26.887599, 60.576933, 0.0001 ], [ 26.887415, 60.576874, 0.0001 ] ] ] ] } },
{ "type": "Feature", "properties": { "address": "R17" }, "geometry": { "type": "MultiPolygon", "coordinates": [ [ [ [ 26.887296, 60.576964, 0.0001 ], [ 26.887176, 60.577054, 0.0001 ], [ 26.887359, 60.577113, 0.0001 ], [ 26.887479, 60.577023, 0.0001 ], [ 26.887296, 60.576964, 0.0001 ] ] ] ] } },
{ "type": "Feature", "properties": { "address": "R27" }, "geometry": { "type": "MultiPolygon", "coordinates": [ [ [ [ 26.887879, 60.576763, 0.0001 ], [ 26.887759, 60.576853, 0.0001 ], [ 26.887942, 60.576912, 0.0001 ], [ 26.888062, 60.576822, 0.0001 ], [ 26.887879, 60.576763, 0.0001 ] ] ] ] } },
{ "type": "Feature", "properties": { "address": "R21" }, "geometry": { "type": "MultiPolygon", "coordinates": [ [ [ [ 26.887599, 60.576933, 0.0001 ], [ 26.887479, 60.577023, 0.0001 ], [ 26.887662, 60.577082, 0.0001 ], [ 26.887782, 60.576992, 0.0001 ], [ 26.887599, 60.576933, 0.0001 ] ] ] ] } },
{ "type": "Feature", "properties": { "address": "R56" }, "geometry": { "type": "MultiPolygon", "coordinates": [ [ [ [ 26.888202, 60.576872, 0.0001 ], [ 26.888082, 60.576962, 0.0001 ], [ 26.888265, 60.577021, 0.0001 ], [ 26.888385, 60.576931, 0.0001 ], [ 26.888202, 60.576872, 0.0001 ] ] ] ] } },
{ "type": "Feature", "properties": { "address": "R52" }, "geometry": { "type": "MultiPolygon", "coordinates": [ [ [ [ 26.888082, 60.576962, 0.0001 ], [ 26.887962, 60.577053, 0.0001 ], [ 26.888145, 60.577112, 0.0001 ], [ 26.888265, 60.577021, 0.0001 ], [ 26.888082, 60.576962, 0.0001 ] ] ] ] } },
{ "type": "Feature", "properties": { "address": "R57" }, "geometry": { "type": "MultiPolygon", "coordinates": [ [ [ [ 26.888385, 60.576931, 0.0001 ], [ 26.888265, 60.577021, 0.0001 ], [ 26.888448, 60.57708, 0.0001 ], [ 26.888568, 60.57699, 0.0001 ], [ 26.888385, 60.576931, 0.0001 ] ] ] ] } },
{ "type": "Feature", "properties": { "address": "R53" }, "geometry": { "type": "MultiPolygon", "coordinates": [ [ [ [ 26.888265, 60.577021, 0.0001 ], [ 26.888145, 60.577112, 0.0001 ], [ 26.888328, 60.577171, 0.0001 ], [ 26.888448, 60.57708, 0.0001 ], [ 26.888265, 60.577021, 0.0001 ] ] ] ] } },
{ "type": "Feature", "properties": { "address": "R48" }, "geometry": { "type": "MultiPolygon", "coordinates": [ [ [ [ 26.888145, 60.577112, 0.0001 ], [ 26.888025, 60.577202, 0.0001 ], [ 26.888209, 60.577261, 0.0001 ], [ 26.888328, 60.577171, 0.0001 ], [ 26.888145, 60.577112, 0.0001 ] ] ] ] } },
{ "type": "Feature", "properties": { "address": "R58" }, "geometry": { "type": "MultiPolygon", "coordinates": [ [ [ [ 26.888568, 60.57699, 0.0001 ], [ 26.888448, 60.57708, 0.0001 ], [ 26.888631, 60.577139, 0.0001 ], [ 26.888751, 60.577049, 0.0001 ], [ 26.888568, 60.57699, 0.0001 ] ] ] ] } },
{ "type": "Feature", "properties": { "address": "R54" }, "geometry": { "type": "MultiPolygon", "coordinates": [ [ [ [ 26.888448, 60.57708, 0.0001 ], [ 26.888328, 60.577171, 0.0001 ], [ 26.888512, 60.577229, 0.0001 ], [ 26.888631, 60.577139, 0.0001 ], [ 26.888448, 60.57708, 0.0001 ] ] ] ] } },
{ "type": "Feature", "properties": { "address": "R49" }, "geometry": { "type": "MultiPolygon", "coordinates": [ [ [ [ 26.888328, 60.577171, 0.0001 ], [ 26.888209, 60.577261, 0.0001 ], [ 26.888392, 60.57732, 0.0001 ], [ 26.888512, 60.577229, 0.0001 ], [ 26.888328, 60.577171, 0.0001 ] ] ] ] } },
{ "type": "Feature", "properties": { "address": "R45" }, "geometry": { "type": "MultiPolygon", "coordinates": [ [ [ [ 26.888209, 60.577261, 0.0001 ], [ 26.888089, 60.577351, 0.0001 ], [ 26.888272, 60.57741, 0.0001 ], [ 26.888392, 60.57732, 0.0001 ], [ 26.888209, 60.577261, 0.0001 ] ] ] ] } },
{ "type": "Feature", "properties": { "address": "R55" }, "geometry": { "type": "MultiPolygon", "coordinates": [ [ [ [ 26.888631, 60.577139, 0.0001 ], [ 26.888512, 60.577229, 0.0001 ], [ 26.888695, 60.577288, 0.0001 ], [ 26.888815, 60.577198, 0.0001 ], [ 26.888631, 60.577139, 0.0001 ] ] ] ] } },
{ "type": "Feature", "properties": { "address": "R50" }, "geometry": { "type": "MultiPolygon", "coordinates": [ [ [ [ 26.888512, 60.577229, 0.0001 ], [ 26.888392, 60.57732, 0.0001 ], [ 26.888575, 60.577379, 0.0001 ], [ 26.888695, 60.577288, 0.0001 ], [ 26.888512, 60.577229, 0.0001 ] ] ] ] } },
{ "type": "Feature", "properties": { "address": "R46" }, "geometry": { "type": "MultiPolygon", "coordinates": [ [ [ [ 26.888392, 60.57732, 0.0001 ], [ 26.888272, 60.57741, 0.0001 ], [ 26.888455, 60.577469, 0.0001 ], [ 26.888575, 60.577379, 0.0001 ], [ 26.888392, 60.57732, 0.0001 ] ] ] ] } },
{ "type": "Feature", "properties": { "address": "R42" }, "geometry": { "type": "MultiPolygon", "coordinates": [ [ [ [ 26.888272, 60.57741, 0.0001 ], [ 26.888152, 60.5775, 0.0001 ], [ 26.888335, 60.577559, 0.0001 ], [ 26.888455, 60.577469, 0.0001 ], [ 26.888272, 60.57741, 0.0001 ] ] ] ] } },
{ "type": "Feature", "properties": { "address": "R38" }, "geometry": { "type": "MultiPolygon", "coordinates": [ [ [ [ 26.888279, 60.577798, 0.0001 ], [ 26.888462, 60.577857, 0.0001 ], [ 26.888582, 60.577767, 0.0001 ], [ 26.888399, 60.577708, 0.0001 ], [ 26.888279, 60.577798, 0.0001 ] ] ] ] } },
{ "type": "Feature", "properties": { "address": "R41" }, "geometry": { "type": "MultiPolygon", "coordinates": [ [ [ [ 26.888399, 60.577708, 0.0001 ], [ 26.888582, 60.577767, 0.0001 ], [ 26.888702, 60.577677, 0.0001 ], [ 26.888519, 60.577618, 0.0001 ], [ 26.888399, 60.577708, 0.0001 ] ] ] ] } },
{ "type": "Feature", "properties": { "address": "R44" }, "geometry": { "type": "MultiPolygon", "coordinates": [ [ [ [ 26.888519, 60.577618, 0.0001 ], [ 26.888702, 60.577677, 0.0001 ], [ 26.888822, 60.577587, 0.0001 ], [ 26.888638, 60.577528, 0.0001 ], [ 26.888519, 60.577618, 0.0001 ] ] ] ] } },
{ "type": "Feature", "properties": { "address": "R14" }, "geometry": { "type": "MultiPolygon", "coordinates": [ [ [ [ 26.887235, 60.577333, 0.0001 ], [ 26.887418, 60.577392, 0.0001 ], [ 26.887538, 60.577302, 0.0001 ], [ 26.887355, 60.577243, 0.0001 ], [ 26.887235, 60.577333, 0.0001 ] ] ] ] } },
{ "type": "Feature", "properties": { "address": "R1" }, "geometry": { "type": "MultiPolygon", "coordinates": [ [ [ [ 26.886263, 60.577277, 0.0001 ], [ 26.886446, 60.577336, 0.0001 ], [ 26.886566, 60.577246, 0.0001 ], [ 26.886383, 60.577187, 0.0001 ], [ 26.886263, 60.577277, 0.0001 ] ] ] ] } },
{ "type": "Feature", "properties": { "address": "R59" }, "geometry": { "type": "MultiPolygon", "coordinates": [ [ [ [ 26.888185, 60.576769, 0.0 ], [ 26.888369, 60.576827, 0.0 ], [ 26.888488, 60.576737, 0.0 ], [ 26.888304, 60.576679, 0.0 ], [ 26.888185, 60.576769, 0.0 ] ] ] ] } },
{ "type": "Feature", "properties": { "address": "R131" }, "geometry": { "type": "MultiPolygon", "coordinates": [ [ [ [ 26.887989, 60.576322, 0.0 ], [ 26.888173, 60.576381, 0.0 ], [ 26.888291, 60.57629, 0.0 ], [ 26.888107, 60.576232, 0.0 ], [ 26.887989, 60.576322, 0.0 ] ] ] ] } },
{ "type": "Feature", "properties": { "address": "R132" }, "geometry": { "type": "MultiPolygon", "coordinates": [ [ [ [ 26.888173, 60.576381, 0.0 ], [ 26.888357, 60.576439, 0.0 ], [ 26.888475, 60.576349, 0.0 ], [ 26.888291, 60.57629, 0.0 ], [ 26.888173, 60.576381, 0.0 ] ] ] ] } },
{ "type": "Feature", "properties": { "address": "R133" }, "geometry": { "type": "MultiPolygon", "coordinates": [ [ [ [ 26.888357, 60.576439, 0.0 ], [ 26.888541, 60.576497, 0.0 ], [ 26.888659, 60.576407, 0.0 ], [ 26.888475, 60.576349, 0.0 ], [ 26.888357, 60.576439, 0.0 ] ] ] ] } },
{ "type": "Feature", "properties": { "address": "R135" }, "geometry": { "type": "MultiPolygon", "coordinates": [ [ [ [ 26.888107, 60.576232, 0.0 ], [ 26.888291, 60.57629, 0.0 ], [ 26.88841, 60.5762, 0.0 ], [ 26.888226, 60.576141, 0.0 ], [ 26.888107, 60.576232, 0.0 ] ] ] ] } },
{ "type": "Feature", "properties": { "address": "R136" }, "geometry": { "type": "MultiPolygon", "coordinates": [ [ [ [ 26.888291, 60.57629, 0.0 ], [ 26.888475, 60.576349, 0.0 ], [ 26.888594, 60.576258, 0.0 ], [ 26.88841, 60.5762, 0.0 ], [ 26.888291, 60.57629, 0.0 ] ] ] ] } },
{ "type": "Feature", "properties": { "address": "R137" }, "geometry": { "type": "MultiPolygon", "coordinates": [ [ [ [ 26.888475, 60.576349, 0.0 ], [ 26.888659, 60.576407, 0.0 ], [ 26.888778, 60.576316, 0.0 ], [ 26.888594, 60.576258, 0.0 ], [ 26.888475, 60.576349, 0.0 ] ] ] ] } },
{ "type": "Feature", "properties": { "address": "R139" }, "geometry": { "type": "MultiPolygon", "coordinates": [ [ [ [ 26.888235, 60.576062, -0.036886 ], [ 26.888419, 60.576121, -0.036886 ], [ 26.888538, 60.57603, -0.036886 ], [ 26.888354, 60.575972, -0.036886 ], [ 26.888235, 60.576062, -0.036886 ] ] ] ] } },
{ "type": "Feature", "properties": { "address": "R140" }, "geometry": { "type": "MultiPolygon", "coordinates": [ [ [ [ 26.888419, 60.576121, -0.036886 ], [ 26.888603, 60.576179, -0.036886 ], [ 26.888722, 60.576089, -0.036886 ], [ 26.888538, 60.57603, -0.036886 ], [ 26.888419, 60.576121, -0.036886 ] ] ] ] } },
{ "type": "Feature", "properties": { "address": "R157" }, "geometry": { "type": "MultiPolygon", "coordinates": [ [ [ [ 26.888729, 60.576019, 0.0 ], [ 26.888913, 60.576077, 0.0 ], [ 26.889032, 60.575987, 0.0 ], [ 26.888848, 60.575928, 0.0 ], [ 26.888729, 60.576019, 0.0 ] ] ] ] } },
{ "type": "Feature", "properties": { "address": "R158" }, "geometry": { "type": "MultiPolygon", "coordinates": [ [ [ [ 26.888913, 60.576077, 0.0 ], [ 26.889097, 60.576135, 0.0 ], [ 26.889216, 60.576045, 0.0 ], [ 26.889032, 60.575987, 0.0 ], [ 26.888913, 60.576077, 0.0 ] ] ] ] } },
{ "type": "Feature", "properties": { "address": "R159" }, "geometry": { "type": "MultiPolygon", "coordinates": [ [ [ [ 26.889097, 60.576135, 0.0 ], [ 26.889281, 60.576194, 0.0 ], [ 26.8894, 60.576103, 0.0 ], [ 26.889216, 60.576045, 0.0 ], [ 26.889097, 60.576135, 0.0 ] ] ] ] } },
{ "type": "Feature", "properties": { "address": "R28" }, "geometry": { "type": "MultiPolygon", "coordinates": [ [ [ [ 26.887633, 60.576555, 0.0001 ], [ 26.887513, 60.576645, 0.0001 ], [ 26.887696, 60.576704, 0.0001 ], [ 26.887816, 60.576614, 0.0001 ], [ 26.887633, 60.576555, 0.0001 ] ] ] ] } },
{ "type": "Feature", "properties": { "address": "R29" }, "geometry": { "type": "MultiPolygon", "coordinates": [ [ [ [ 26.887816, 60.576614, 0.0001 ], [ 26.887696, 60.576704, 0.0001 ], [ 26.887879, 60.576763, 0.0001 ], [ 26.887999, 60.576673, 0.0001 ], [ 26.887816, 60.576614, 0.0001 ] ] ] ] } },
{ "type": "Feature", "properties": { "address": "R31" }, "geometry": { "type": "MultiPolygon", "coordinates": [ [ [ [ 26.887752, 60.576465, 0.0001 ], [ 26.887633, 60.576555, 0.0001 ], [ 26.887816, 60.576614, 0.0001 ], [ 26.887935, 60.576524, 0.0001 ], [ 26.887752, 60.576465, 0.0001 ] ] ] ] } },
{ "type": "Feature", "properties": { "address": "R141" }, "geometry": { "type": "MultiPolygon", "coordinates": [ [ [ [ 26.888603, 60.576179, -0.036886 ], [ 26.888787, 60.576237, -0.036886 ], [ 26.888906, 60.576147, -0.036886 ], [ 26.888722, 60.576089, -0.036886 ], [ 26.888603, 60.576179, -0.036886 ] ] ] ] } },
{ "type": "Feature", "properties": { "address": "R169" }, "geometry": { "type": "MultiPolygon", "coordinates": [ [ [ [ 26.889334, 60.575954, 0.0 ], [ 26.889518, 60.576013, 0.0 ], [ 26.889637, 60.575922, 0.0 ], [ 26.889453, 60.575864, 0.0 ], [ 26.889334, 60.575954, 0.0 ] ] ] ] } },
{ "type": "Feature", "properties": { "address": "R161" }, "geometry": { "type": "MultiPolygon", "coordinates": [ [ [ [ 26.889032, 60.575987, 0.0 ], [ 26.889216, 60.576045, 0.0 ], [ 26.889334, 60.575954, 0.0 ], [ 26.88915, 60.575896, 0.0 ], [ 26.889032, 60.575987, 0.0 ] ] ] ] } },
{ "type": "Feature", "properties": { "address": "R162" }, "geometry": { "type": "MultiPolygon", "coordinates": [ [ [ [ 26.889216, 60.576045, 0.0 ], [ 26.8894, 60.576103, 0.0 ], [ 26.889518, 60.576013, 0.0 ], [ 26.889334, 60.575954, 0.0 ], [ 26.889216, 60.576045, 0.0 ] ] ] ] } },
{ "type": "Feature", "properties": { "address": "R163" }, "geometry": { "type": "MultiPolygon", "coordinates": [ [ [ [ 26.8894, 60.576103, 0.0 ], [ 26.889584, 60.576161, 0.0 ], [ 26.889702, 60.576071, 0.0 ], [ 26.889518, 60.576013, 0.0 ], [ 26.8894, 60.576103, 0.0 ] ] ] ] } },
{ "type": "Feature", "properties": { "address": "R60" }, "geometry": { "type": "MultiPolygon", "coordinates": [ [ [ [ 26.888369, 60.576827, 0.0 ], [ 26.888553, 60.576886, 0.0 ], [ 26.888672, 60.576795, 0.0 ], [ 26.888488, 60.576737, 0.0 ], [ 26.888369, 60.576827, 0.0 ] ] ] ] } },
{ "type": "Feature", "properties": { "address": "R62" }, "geometry": { "type": "MultiPolygon", "coordinates": [ [ [ [ 26.888488, 60.576737, 0.0 ], [ 26.888672, 60.576795, 0.0 ], [ 26.88879, 60.576705, 0.0 ], [ 26.888606, 60.576646, 0.0 ], [ 26.888488, 60.576737, 0.0 ] ] ] ] } },
{ "type": "Feature", "properties": { "address": "R61" }, "geometry": { "type": "MultiPolygon", "coordinates": [ [ [ [ 26.888553, 60.576886, 0.0 ], [ 26.888737, 60.576944, 0.0 ], [ 26.888856, 60.576854, 0.0 ], [ 26.888672, 60.576795, 0.0 ], [ 26.888553, 60.576886, 0.0 ] ] ] ] } },
{ "type": "Feature", "properties": { "address": "R63" }, "geometry": { "type": "MultiPolygon", "coordinates": [ [ [ [ 26.888606, 60.576646, 0.0 ], [ 26.88879, 60.576705, 0.0 ], [ 26.888909, 60.576614, 0.0 ], [ 26.888725, 60.576556, 0.0 ], [ 26.888606, 60.576646, 0.0 ] ] ] ] } },
{ "type": "Feature", "properties": { "address": "R11" }, "geometry": { "type": "MultiPolygon", "coordinates": [ [ [ [ 26.886686, 60.577156, 0.0001 ], [ 26.886869, 60.577215, 0.0001 ], [ 26.886989, 60.577125, 0.0001 ], [ 26.886806, 60.577066, 0.0001 ], [ 26.886686, 60.577156, 0.0001 ] ] ] ] } },
{ "type": "Feature", "properties": { "address": "R10" }, "geometry": { "type": "MultiPolygon", "coordinates": [ [ [ [ 26.886503, 60.577097, 0.0001 ], [ 26.886686, 60.577156, 0.0001 ], [ 26.886806, 60.577066, 0.0001 ], [ 26.886622, 60.577007, 0.0001 ], [ 26.886503, 60.577097, 0.0001 ] ] ] ] } },
{ "type": "Feature", "properties": { "address": "R83" }, "geometry": { "type": "MultiPolygon", "coordinates": [ [ [ [ 26.889829, 60.577545, 0.0 ], [ 26.889611, 60.577536, 0.0 ], [ 26.889593, 60.577643, 0.0 ], [ 26.889811, 60.577652, 0.0 ], [ 26.889829, 60.577545, 0.0 ] ] ] ] } },
{ "type": "Feature", "properties": { "address": "R82" }, "geometry": { "type": "MultiPolygon", "coordinates": [ [ [ [ 26.889611, 60.577536, 0.0 ], [ 26.889393, 60.577527, 0.0 ], [ 26.889375, 60.577634, 0.0 ], [ 26.889593, 60.577643, 0.0 ], [ 26.889611, 60.577536, 0.0 ] ] ] ] } },
{ "type": "Feature", "properties": { "address": "R81" }, "geometry": { "type": "MultiPolygon", "coordinates": [ [ [ [ 26.889393, 60.577527, 0.0 ], [ 26.889175, 60.577518, 0.0 ], [ 26.889157, 60.577625, 0.0 ], [ 26.889375, 60.577634, 0.0 ], [ 26.889393, 60.577527, 0.0 ] ] ] ] } },
{ "type": "Feature", "properties": { "address": "R79" }, "geometry": { "type": "MultiPolygon", "coordinates": [ [ [ [ 26.889811, 60.577652, 0.0 ], [ 26.889593, 60.577643, 0.0 ], [ 26.889575, 60.57775, 0.0 ], [ 26.889793, 60.577759, 0.0 ], [ 26.889811, 60.577652, 0.0 ] ] ] ] } },
{ "type": "Feature", "properties": { "address": "R78" }, "geometry": { "type": "MultiPolygon", "coordinates": [ [ [ [ 26.889593, 60.577643, 0.0 ], [ 26.889375, 60.577634, 0.0 ], [ 26.889357, 60.577741, 0.0 ], [ 26.889575, 60.57775, 0.0 ], [ 26.889593, 60.577643, 0.0 ] ] ] ] } },
{ "type": "Feature", "properties": { "address": "R77" }, "geometry": { "type": "MultiPolygon", "coordinates": [ [ [ [ 26.889375, 60.577634, 0.0 ], [ 26.889157, 60.577625, 0.0 ], [ 26.889139, 60.577732, 0.0 ], [ 26.889357, 60.577741, 0.0 ], [ 26.889375, 60.577634, 0.0 ] ] ] ] } },
{ "type": "Feature", "properties": { "address": "R75" }, "geometry": { "type": "MultiPolygon", "coordinates": [ [ [ [ 26.889793, 60.577759, 0.0 ], [ 26.889575, 60.57775, 0.0 ], [ 26.889556, 60.577858, 0.0 ], [ 26.889775, 60.577867, 0.0 ], [ 26.889793, 60.577759, 0.0 ] ] ] ] } },
{ "type": "Feature", "properties": { "address": "R74" }, "geometry": { "type": "MultiPolygon", "coordinates": [ [ [ [ 26.889575, 60.57775, 0.0 ], [ 26.889357, 60.577741, 0.0 ], [ 26.889338, 60.577849, 0.0 ], [ 26.889556, 60.577858, 0.0 ], [ 26.889575, 60.57775, 0.0 ] ] ] ] } },
{ "type": "Feature", "properties": { "address": "R73" }, "geometry": { "type": "MultiPolygon", "coordinates": [ [ [ [ 26.889357, 60.577741, 0.0 ], [ 26.889139, 60.577732, 0.0 ], [ 26.88912, 60.57784, 0.0 ], [ 26.889338, 60.577849, 0.0 ], [ 26.889357, 60.577741, 0.0 ] ] ] ] } },
{ "type": "Feature", "properties": { "address": "R71" }, "geometry": { "type": "MultiPolygon", "coordinates": [ [ [ [ 26.889775, 60.577867, 0.0 ], [ 26.889556, 60.577858, 0.0 ], [ 26.889538, 60.577965, 0.0 ], [ 26.889756, 60.577974, 0.0 ], [ 26.889775, 60.577867, 0.0 ] ] ] ] } },
{ "type": "Feature", "properties": { "address": "R70" }, "geometry": { "type": "MultiPolygon", "coordinates": [ [ [ [ 26.889556, 60.577858, 0.0 ], [ 26.889338, 60.577849, 0.0 ], [ 26.88932, 60.577956, 0.0 ], [ 26.889538, 60.577965, 0.0 ], [ 26.889556, 60.577858, 0.0 ] ] ] ] } },
{ "type": "Feature", "properties": { "address": "R69" }, "geometry": { "type": "MultiPolygon", "coordinates": [ [ [ [ 26.889338, 60.577849, 0.0 ], [ 26.88912, 60.57784, 0.0 ], [ 26.889102, 60.577947, 0.0 ], [ 26.88932, 60.577956, 0.0 ], [ 26.889338, 60.577849, 0.0 ] ] ] ] } },
{ "type": "Feature", "properties": { "address": "R67" }, "geometry": { "type": "MultiPolygon", "coordinates": [ [ [ [ 26.889756, 60.577974, 0.0 ], [ 26.889538, 60.577965, 0.0 ], [ 26.88952, 60.578072, 0.0 ], [ 26.889738, 60.578081, 0.0 ], [ 26.889756, 60.577974, 0.0 ] ] ] ] } },
{ "type": "Feature", "properties": { "address": "R66" }, "geometry": { "type": "MultiPolygon", "coordinates": [ [ [ [ 26.889538, 60.577965, 0.0 ], [ 26.88932, 60.577956, 0.0 ], [ 26.889302, 60.578063, 0.0 ], [ 26.88952, 60.578072, 0.0 ], [ 26.889538, 60.577965, 0.0 ] ] ] ] } },
{ "type": "Feature", "properties": { "address": "R65" }, "geometry": { "type": "MultiPolygon", "coordinates": [ [ [ [ 26.88932, 60.577956, 0.0 ], [ 26.889102, 60.577947, 0.0 ], [ 26.889084, 60.578054, 0.0 ], [ 26.889302, 60.578063, 0.0 ], [ 26.88932, 60.577956, 0.0 ] ] ] ] } },
{ "type": "Feature", "properties": { "address": "R145" }, "geometry": { "type": "MultiPolygon", "coordinates": [ [ [ [ 26.890174, 60.576181, 0.0 ], [ 26.890025, 60.57626, 0.0 ], [ 26.890185, 60.576333, 0.0 ], [ 26.890335, 60.576255, 0.0 ], [ 26.890174, 60.576181, 0.0 ] ] ] ] } },
{ "type": "Feature", "properties": { "address": "R144" }, "geometry": { "type": "MultiPolygon", "coordinates": [ [ [ [ 26.890025, 60.57626, 0.0 ], [ 26.889876, 60.576339, 0.0 ], [ 26.890036, 60.576412, 0.0 ], [ 26.890185, 60.576333, 0.0 ], [ 26.890025, 60.57626, 0.0 ] ] ] ] } },
{ "type": "Feature", "properties": { "address": "R143" }, "geometry": { "type": "MultiPolygon", "coordinates": [ [ [ [ 26.889876, 60.576339, 0.0 ], [ 26.889727, 60.576418, 0.0 ], [ 26.889887, 60.576491, 0.0 ], [ 26.890036, 60.576412, 0.0 ], [ 26.889876, 60.576339, 0.0 ] ] ] ] } },
{ "type": "Feature", "properties": { "address": "R142" }, "geometry": { "type": "MultiPolygon", "coordinates": [ [ [ [ 26.889727, 60.576418, 0.0 ], [ 26.889578, 60.576496, 0.0 ], [ 26.889738, 60.57657, 0.0 ], [ 26.889887, 60.576491, 0.0 ], [ 26.889727, 60.576418, 0.0 ] ] ] ] } },
{ "type": "Feature", "properties": { "address": "R148" }, "geometry": { "type": "MultiPolygon", "coordinates": [ [ [ [ 26.890622, 60.575945, 0.0 ], [ 26.890473, 60.576024, 0.0 ], [ 26.890633, 60.576097, 0.0 ], [ 26.890782, 60.576018, 0.0 ], [ 26.890622, 60.575945, 0.0 ] ] ] ] } },
{ "type": "Feature", "properties": { "address": "R147" }, "geometry": { "type": "MultiPolygon", "coordinates": [ [ [ [ 26.890473, 60.576024, 0.0 ], [ 26.890324, 60.576102, 0.0 ], [ 26.890484, 60.576176, 0.0 ], [ 26.890633, 60.576097, 0.0 ], [ 26.890473, 60.576024, 0.0 ] ] ] ] } },
{ "type": "Feature", "properties": { "address": "R146" }, "geometry": { "type": "MultiPolygon", "coordinates": [ [ [ [ 26.890324, 60.576102, 0.0 ], [ 26.890174, 60.576181, 0.0 ], [ 26.890335, 60.576255, 0.0 ], [ 26.890484, 60.576176, 0.0 ], [ 26.890324, 60.576102, 0.0 ] ] ] ] } },
{ "type": "Feature", "properties": { "address": "R2" }, "geometry": { "type": "MultiPolygon", "coordinates": [ [ [ [ 26.886446, 60.577336, 0.0001 ], [ 26.886629, 60.577395, 0.0001 ], [ 26.886749, 60.577305, 0.0001 ], [ 26.886566, 60.577246, 0.0001 ], [ 26.886446, 60.577336, 0.0001 ] ] ] ] } },
{ "type": "Feature", "properties": { "address": "R3" }, "geometry": { "type": "MultiPolygon", "coordinates": [ [ [ [ 26.886629, 60.577395, 0.0001 ], [ 26.886812, 60.577454, 0.0001 ], [ 26.886932, 60.577364, 0.0001 ], [ 26.886749, 60.577305, 0.0001 ], [ 26.886629, 60.577395, 0.0001 ] ] ] ] } },
{ "type": "Feature", "properties": { "address": "R8" }, "geometry": { "type": "MultiPolygon", "coordinates": [ [ [ [ 26.886749, 60.577305, 0.0001 ], [ 26.886932, 60.577364, 0.0001 ], [ 26.887052, 60.577274, 0.0001 ], [ 26.886869, 60.577215, 0.0001 ], [ 26.886749, 60.577305, 0.0001 ] ] ] ] } },
{ "type": "Feature", "properties": { "address": "R12" }, "geometry": { "type": "MultiPolygon", "coordinates": [ [ [ [ 26.886869, 60.577215, 0.0001 ], [ 26.887052, 60.577274, 0.0001 ], [ 26.887172, 60.577184, 0.0001 ], [ 26.886989, 60.577125, 0.0001 ], [ 26.886869, 60.577215, 0.0001 ] ] ] ] } },
{ "type": "Feature", "properties": { "address": "R34" }, "geometry": { "type": "MultiPolygon", "coordinates": [ [ [ [ 26.887872, 60.576375, 0.0001 ], [ 26.887752, 60.576465, 0.0001 ], [ 26.887935, 60.576524, 0.0001 ], [ 26.888055, 60.576434, 0.0001 ], [ 26.887872, 60.576375, 0.0001 ] ] ] ] } },
{ "type": "Feature", "properties": { "address": "R32" }, "geometry": { "type": "MultiPolygon", "coordinates": [ [ [ [ 26.887935, 60.576524, 0.0001 ], [ 26.887816, 60.576614, 0.0001 ], [ 26.887999, 60.576673, 0.0001 ], [ 26.888119, 60.576583, 0.0001 ], [ 26.887935, 60.576524, 0.0001 ] ] ] ] } },
{ "type": "Feature", "properties": { "address": "R35" }, "geometry": { "type": "MultiPolygon", "coordinates": [ [ [ [ 26.888055, 60.576434, 0.0001 ], [ 26.887935, 60.576524, 0.0001 ], [ 26.888119, 60.576583, 0.0001 ], [ 26.888238, 60.576493, 0.0001 ], [ 26.888055, 60.576434, 0.0001 ] ] ] ] } },
{ "type": "Feature", "properties": { "address": "R33" }, "geometry": { "type": "MultiPolygon", "coordinates": [ [ [ [ 26.888119, 60.576583, 0.0001 ], [ 26.887999, 60.576673, 0.0001 ], [ 26.888182, 60.576732, 0.0001 ], [ 26.888302, 60.576642, 0.0001 ], [ 26.888119, 60.576583, 0.0001 ] ] ] ] } },
{ "type": "Feature", "properties": { "address": "R36" }, "geometry": { "type": "MultiPolygon", "coordinates": [ [ [ [ 26.888238, 60.576493, 0.0001 ], [ 26.888119, 60.576583, 0.0001 ], [ 26.888302, 60.576642, 0.0001 ], [ 26.888422, 60.576552, 0.0001 ], [ 26.888238, 60.576493, 0.0001 ] ] ] ] } },
{ "type": "Feature", "properties": { "address": "R30" }, "geometry": { "type": "MultiPolygon", "coordinates": [ [ [ [ 26.887999, 60.576673, 0.0001 ], [ 26.887879, 60.576763, 0.0001 ], [ 26.888062, 60.576822, 0.0001 ], [ 26.888182, 60.576732, 0.0001 ], [ 26.887999, 60.576673, 0.0001 ] ] ] ] } },
{ "type": "Feature", "properties": { "address": "R24" }, "geometry": { "type": "MultiPolygon", "coordinates": [ [ [ [ 26.887759, 60.576853, 0.0001 ], [ 26.887639, 60.576943, 0.0001 ], [ 26.887823, 60.577002, 0.0001 ], [ 26.887942, 60.576912, 0.0001 ], [ 26.887759, 60.576853, 0.0001 ] ] ] ] } },
{ "type": "Feature", "properties": { "address": "R23" }, "geometry": { "type": "MultiPolygon", "coordinates": [ [ [ [ 26.887576, 60.576794, 0.0001 ], [ 26.887456, 60.576884, 0.0001 ], [ 26.887639, 60.576943, 0.0001 ], [ 26.887759, 60.576853, 0.0001 ], [ 26.887576, 60.576794, 0.0001 ] ] ] ] } },
{ "type": "Feature", "properties": { "address": "R22" }, "geometry": { "type": "MultiPolygon", "coordinates": [ [ [ [ 26.887393, 60.576735, 0.0001 ], [ 26.887273, 60.576825, 0.0001 ], [ 26.887456, 60.576884, 0.0001 ], [ 26.887576, 60.576794, 0.0001 ], [ 26.887393, 60.576735, 0.0001 ] ] ] ] } },
{ "type": "Feature", "properties": { "address": "R18" }, "geometry": { "type": "MultiPolygon", "coordinates": [ [ [ [ 26.887479, 60.577023, 0.0001 ], [ 26.887359, 60.577113, 0.0001 ], [ 26.887542, 60.577172, 0.0001 ], [ 26.887662, 60.577082, 0.0001 ], [ 26.887479, 60.577023, 0.0001 ] ] ] ] } },
{ "type": "Feature", "properties": { "address": "R13" }, "geometry": { "type": "MultiPolygon", "coordinates": [ [ [ [ 26.887052, 60.577274, 0.0001 ], [ 26.887235, 60.577333, 0.0001 ], [ 26.887355, 60.577243, 0.0001 ], [ 26.887172, 60.577184, 0.0001 ], [ 26.887052, 60.577274, 0.0001 ] ] ] ] } },
{ "type": "Feature", "properties": { "address": "R4" }, "geometry": { "type": "MultiPolygon", "coordinates": [ [ [ [ 26.886812, 60.577454, 0.0001 ], [ 26.886996, 60.577513, 0.0001 ], [ 26.887115, 60.577423, 0.0001 ], [ 26.886932, 60.577364, 0.0001 ], [ 26.886812, 60.577454, 0.0001 ] ] ] ] } },
{ "type": "Feature", "properties": { "address": "R5" }, "geometry": { "type": "MultiPolygon", "coordinates": [ [ [ [ 26.886996, 60.577513, 0.0001 ], [ 26.887179, 60.577572, 0.0001 ], [ 26.887299, 60.577482, 0.0001 ], [ 26.887115, 60.577423, 0.0001 ], [ 26.886996, 60.577513, 0.0001 ] ] ] ] } },
{ "type": "Feature", "properties": { "address": "R156" }, "geometry": { "type": "MultiPolygon", "coordinates": [ [ [ [ 26.888554, 60.575808, 0.0001 ], [ 26.888435, 60.575876, 0.0001 ], [ 26.888573, 60.575935, 0.0001 ], [ 26.888692, 60.575867, 0.0001 ], [ 26.888554, 60.575808, 0.0001 ] ] ] ] } },
{ "type": "Feature", "properties": { "address": "R160" }, "geometry": { "type": "MultiPolygon", "coordinates": [ [ [ [ 26.888674, 60.57574, 0.0001 ], [ 26.888554, 60.575808, 0.0001 ], [ 26.888692, 60.575867, 0.0001 ], [ 26.888812, 60.575799, 0.0001 ], [ 26.888674, 60.57574, 0.0001 ] ] ] ] } },
{ "type": "Feature", "properties": { "address": "R164" }, "geometry": { "type": "MultiPolygon", "coordinates": [ [ [ [ 26.888793, 60.575673, 0.0001 ], [ 26.888674, 60.57574, 0.0001 ], [ 26.888812, 60.575799, 0.0001 ], [ 26.888931, 60.575731, 0.0001 ], [ 26.888793, 60.575673, 0.0001 ] ] ] ] } },
{ "type": "Feature", "properties": { "address": "R166" }, "geometry": { "type": "MultiPolygon", "coordinates": [ [ [ [ 26.888913, 60.575605, 0.0001 ], [ 26.888793, 60.575673, 0.0001 ], [ 26.888931, 60.575731, 0.0001 ], [ 26.889051, 60.575663, 0.0001 ], [ 26.888913, 60.575605, 0.0001 ] ] ] ] } },
{ "type": "Feature", "properties": { "address": "R172" }, "geometry": { "type": "MultiPolygon", "coordinates": [ [ [ [ 26.889032, 60.575537, 0.0001 ], [ 26.888913, 60.575605, 0.0001 ], [ 26.889051, 60.575663, 0.0001 ], [ 26.88917, 60.575595, 0.0001 ], [ 26.889032, 60.575537, 0.0001 ] ] ] ] } },
{ "type": "Feature", "properties": { "address": "R177" }, "geometry": { "type": "MultiPolygon", "coordinates": [ [ [ [ 26.889151, 60.575469, 0.0001 ], [ 26.889032, 60.575537, 0.0001 ], [ 26.88917, 60.575595, 0.0001 ], [ 26.88929, 60.575528, 0.0001 ], [ 26.889151, 60.575469, 0.0001 ] ] ] ] } },
{ "type": "Feature", "properties": { "address": "R184" }, "geometry": { "type": "MultiPolygon", "coordinates": [ [ [ [ 26.889271, 60.575401, 0.0001 ], [ 26.889151, 60.575469, 0.0001 ], [ 26.88929, 60.575528, 0.0001 ], [ 26.889409, 60.57546, 0.0001 ], [ 26.889271, 60.575401, 0.0001 ] ] ] ] } },
{ "type": "Feature", "properties": { "address": "R189" }, "geometry": { "type": "MultiPolygon", "coordinates": [ [ [ [ 26.88939, 60.575333, 0.0001 ], [ 26.889271, 60.575401, 0.0001 ], [ 26.889409, 60.57546, 0.0001 ], [ 26.889528, 60.575392, 0.0001 ], [ 26.88939, 60.575333, 0.0001 ] ] ] ] } },
{ "type": "Feature", "properties": { "address": "R197" }, "geometry": { "type": "MultiPolygon", "coordinates": [ [ [ [ 26.88951, 60.575265, 0.0001 ], [ 26.88939, 60.575333, 0.0001 ], [ 26.889528, 60.575392, 0.0001 ], [ 26.889648, 60.575324, 0.0001 ], [ 26.88951, 60.575265, 0.0001 ] ] ] ] } },
{ "type": "Feature", "properties": { "address": "R205" }, "geometry": { "type": "MultiPolygon", "coordinates": [ [ [ [ 26.889629, 60.575197, 0.0001 ], [ 26.88951, 60.575265, 0.0001 ], [ 26.889648, 60.575324, 0.0001 ], [ 26.889767, 60.575256, 0.0001 ], [ 26.889629, 60.575197, 0.0001 ] ] ] ] } },
{ "type": "Feature", "properties": { "address": "R165" }, "geometry": { "type": "MultiPolygon", "coordinates": [ [ [ [ 26.888931, 60.575731, 0.0001 ], [ 26.888812, 60.575799, 0.0001 ], [ 26.88895, 60.575858, 0.0001 ], [ 26.889069, 60.57579, 0.0001 ], [ 26.888931, 60.575731, 0.0001 ] ] ] ] } },
{ "type": "Feature", "properties": { "address": "R167" }, "geometry": { "type": "MultiPolygon", "coordinates": [ [ [ [ 26.889051, 60.575663, 0.0001 ], [ 26.888931, 60.575731, 0.0001 ], [ 26.889069, 60.57579, 0.0001 ], [ 26.889189, 60.575722, 0.0001 ], [ 26.889051, 60.575663, 0.0001 ] ] ] ] } },
{ "type": "Feature", "properties": { "address": "R173" }, "geometry": { "type": "MultiPolygon", "coordinates": [ [ [ [ 26.88917, 60.575595, 0.0001 ], [ 26.889051, 60.575663, 0.0001 ], [ 26.889189, 60.575722, 0.0001 ], [ 26.889308, 60.575654, 0.0001 ], [ 26.88917, 60.575595, 0.0001 ] ] ] ] } },
{ "type": "Feature", "properties": { "address": "R178" }, "geometry": { "type": "MultiPolygon", "coordinates": [ [ [ [ 26.88929, 60.575528, 0.0001 ], [ 26.88917, 60.575595, 0.0001 ], [ 26.889308, 60.575654, 0.0001 ], [ 26.889428, 60.575586, 0.0001 ], [ 26.88929, 60.575528, 0.0001 ] ] ] ] } },
{ "type": "Feature", "properties": { "address": "R185" }, "geometry": { "type": "MultiPolygon", "coordinates": [ [ [ [ 26.889409, 60.57546, 0.0001 ], [ 26.88929, 60.575528, 0.0001 ], [ 26.889428, 60.575586, 0.0001 ], [ 26.889547, 60.575518, 0.0001 ], [ 26.889409, 60.57546, 0.0001 ] ] ] ] } },
{ "type": "Feature", "properties": { "address": "R190" }, "geometry": { "type": "MultiPolygon", "coordinates": [ [ [ [ 26.889528, 60.575392, 0.0001 ], [ 26.889409, 60.57546, 0.0001 ], [ 26.889547, 60.575518, 0.0001 ], [ 26.889666, 60.57545, 0.0001 ], [ 26.889528, 60.575392, 0.0001 ] ] ] ] } },
{ "type": "Feature", "properties": { "address": "R198" }, "geometry": { "type": "MultiPolygon", "coordinates": [ [ [ [ 26.889648, 60.575324, 0.0001 ], [ 26.889528, 60.575392, 0.0001 ], [ 26.889666, 60.57545, 0.0001 ], [ 26.889786, 60.575382, 0.0001 ], [ 26.889648, 60.575324, 0.0001 ] ] ] ] } },
{ "type": "Feature", "properties": { "address": "R206" }, "geometry": { "type": "MultiPolygon", "coordinates": [ [ [ [ 26.889767, 60.575256, 0.0001 ], [ 26.889648, 60.575324, 0.0001 ], [ 26.889786, 60.575382, 0.0001 ], [ 26.889905, 60.575315, 0.0001 ], [ 26.889767, 60.575256, 0.0001 ] ] ] ] } },
{ "type": "Feature", "properties": { "address": "R213" }, "geometry": { "type": "MultiPolygon", "coordinates": [ [ [ [ 26.889749, 60.575129, 0.0001 ], [ 26.889629, 60.575197, 0.0001 ], [ 26.889767, 60.575256, 0.0001 ], [ 26.889887, 60.575188, 0.0001 ], [ 26.889749, 60.575129, 0.0001 ] ] ] ] } },
{ "type": "Feature", "properties": { "address": "R214" }, "geometry": { "type": "MultiPolygon", "coordinates": [ [ [ [ 26.889887, 60.575188, 0.0001 ], [ 26.889767, 60.575256, 0.0001 ], [ 26.889905, 60.575315, 0.0001 ], [ 26.890025, 60.575247, 0.0001 ], [ 26.889887, 60.575188, 0.0001 ] ] ] ] } },
{ "type": "Feature", "properties": { "address": "R220" }, "geometry": { "type": "MultiPolygon", "coordinates": [ [ [ [ 26.889868, 60.575061, 0.0001 ], [ 26.889749, 60.575129, 0.0001 ], [ 26.889887, 60.575188, 0.0001 ], [ 26.890006, 60.57512, 0.0001 ], [ 26.889868, 60.575061, 0.0001 ] ] ] ] } },
{ "type": "Feature", "properties": { "address": "R221" }, "geometry": { "type": "MultiPolygon", "coordinates": [ [ [ [ 26.890006, 60.57512, 0.0001 ], [ 26.889887, 60.575188, 0.0001 ], [ 26.890025, 60.575247, 0.0001 ], [ 26.890144, 60.575179, 0.0001 ], [ 26.890006, 60.57512, 0.0001 ] ] ] ] } },
{ "type": "Feature", "properties": { "address": "R222" }, "geometry": { "type": "MultiPolygon", "coordinates": [ [ [ [ 26.890144, 60.575179, 0.0001 ], [ 26.890025, 60.575247, 0.0001 ], [ 26.890163, 60.575305, 0.0001 ], [ 26.890282, 60.575237, 0.0001 ], [ 26.890144, 60.575179, 0.0001 ] ] ] ] } },
{ "type": "Feature", "properties": { "address": "R215" }, "geometry": { "type": "MultiPolygon", "coordinates": [ [ [ [ 26.890025, 60.575247, 0.0001 ], [ 26.889905, 60.575315, 0.0001 ], [ 26.890043, 60.575373, 0.0001 ], [ 26.890163, 60.575305, 0.0001 ], [ 26.890025, 60.575247, 0.0001 ] ] ] ] } },
{ "type": "Feature", "properties": { "address": "R207" }, "geometry": { "type": "MultiPolygon", "coordinates": [ [ [ [ 26.889905, 60.575315, 0.0001 ], [ 26.889786, 60.575382, 0.0001 ], [ 26.889924, 60.575441, 0.0001 ], [ 26.890043, 60.575373, 0.0001 ], [ 26.889905, 60.575315, 0.0001 ] ] ] ] } },
{ "type": "Feature", "properties": { "address": "R138" }, "geometry": { "type": "MultiPolygon", "coordinates": [ [ [ [ 26.888659, 60.576407, 0.0 ], [ 26.888843, 60.576465, 0.0 ], [ 26.888962, 60.576375, 0.0 ], [ 26.888778, 60.576316, 0.0 ], [ 26.888659, 60.576407, 0.0 ] ] ] ] } },
{ "type": "Feature", "properties": { "address": "R134" }, "geometry": { "type": "MultiPolygon", "coordinates": [ [ [ [ 26.888541, 60.576497, 0.0 ], [ 26.888725, 60.576556, 0.0 ], [ 26.888843, 60.576465, 0.0 ], [ 26.888659, 60.576407, 0.0 ], [ 26.888541, 60.576497, 0.0 ] ] ] ] } },
{ "type": "Feature", "properties": { "address": "R15" }, "geometry": { "type": "MultiPolygon", "coordinates": [ [ [ [ 26.886622, 60.577007, 0.0001 ], [ 26.886806, 60.577066, 0.0001 ], [ 26.886925, 60.576976, 0.0001 ], [ 26.886742, 60.576917, 0.0001 ], [ 26.886622, 60.577007, 0.0001 ] ] ] ] } },
{ "type": "Feature", "properties": { "address": "R238" }, "geometry": { "type": "MultiPolygon", "coordinates": [ [ [ [ 26.890786, 60.575086, 0.073525 ], [ 26.890762, 60.575175, 0.073525 ], [ 26.890943, 60.575187, 0.073525 ], [ 26.890967, 60.575098, 0.073525 ], [ 26.890786, 60.575086, 0.073525 ] ] ] ] } },
{ "type": "Feature", "properties": { "address": "R239" }, "geometry": { "type": "MultiPolygon", "coordinates": [ [ [ [ 26.890967, 60.575098, 0.073525 ], [ 26.890943, 60.575187, 0.073525 ], [ 26.891124, 60.575199, 0.073525 ], [ 26.891148, 60.57511, 0.073525 ], [ 26.890967, 60.575098, 0.073525 ] ] ] ] } },
{ "type": "Feature", "properties": { "address": "R240" }, "geometry": { "type": "MultiPolygon", "coordinates": [ [ [ [ 26.891148, 60.57511, 0.073525 ], [ 26.891124, 60.575199, 0.073525 ], [ 26.891304, 60.575211, 0.073525 ], [ 26.891329, 60.575122, 0.073525 ], [ 26.891148, 60.57511, 0.073525 ] ] ] ] } },
{ "type": "Feature", "properties": { "address": "R227" }, "geometry": { "type": "MultiPolygon", "coordinates": [ [ [ [ 26.889987, 60.574993, 0.0001 ], [ 26.889868, 60.575061, 0.0001 ], [ 26.890006, 60.57512, 0.0001 ], [ 26.890126, 60.575052, 0.0001 ], [ 26.889987, 60.574993, 0.0001 ] ] ] ] } },
{ "type": "Feature", "properties": { "address": "R228" }, "geometry": { "type": "MultiPolygon", "coordinates": [ [ [ [ 26.890126, 60.575052, 0.0001 ], [ 26.890006, 60.57512, 0.0001 ], [ 26.890144, 60.575179, 0.0001 ], [ 26.890264, 60.575111, 0.0001 ], [ 26.890126, 60.575052, 0.0001 ] ] ] ] } },
{ "type": "Feature", "properties": { "address": "R229" }, "geometry": { "type": "MultiPolygon", "coordinates": [ [ [ [ 26.890264, 60.575111, 0.0001 ], [ 26.890144, 60.575179, 0.0001 ], [ 26.890282, 60.575237, 0.0001 ], [ 26.890402, 60.57517, 0.0001 ], [ 26.890264, 60.575111, 0.0001 ] ] ] ] } },
{ "type": "Feature", "properties": { "address": "R191" }, "geometry": { "type": "MultiPolygon", "coordinates": [ [ [ [ 26.889666, 60.57545, 0.0001 ], [ 26.889547, 60.575518, 0.0001 ], [ 26.889685, 60.575577, 0.0001 ], [ 26.889804, 60.575509, 0.0001 ], [ 26.889666, 60.57545, 0.0001 ] ] ] ] } },
{ "type": "Feature", "properties": { "address": "R186" }, "geometry": { "type": "MultiPolygon", "coordinates": [ [ [ [ 26.889547, 60.575518, 0.0001 ], [ 26.889428, 60.575586, 0.0001 ], [ 26.889566, 60.575645, 0.0001 ], [ 26.889685, 60.575577, 0.0001 ], [ 26.889547, 60.575518, 0.0001 ] ] ] ] } },
{ "type": "Feature", "properties": { "address": "R179" }, "geometry": { "type": "MultiPolygon", "coordinates": [ [ [ [ 26.889428, 60.575586, 0.0001 ], [ 26.889308, 60.575654, 0.0001 ], [ 26.889446, 60.575713, 0.0001 ], [ 26.889566, 60.575645, 0.0001 ], [ 26.889428, 60.575586, 0.0001 ] ] ] ] } },
{ "type": "Feature", "properties": { "address": "R199" }, "geometry": { "type": "MultiPolygon", "coordinates": [ [ [ [ 26.889786, 60.575382, 0.0001 ], [ 26.889666, 60.57545, 0.0001 ], [ 26.889804, 60.575509, 0.0001 ], [ 26.889924, 60.575441, 0.0001 ], [ 26.889786, 60.575382, 0.0001 ] ] ] ] } },
{ "type": "Feature", "properties": { "address": "R174" }, "geometry": { "type": "MultiPolygon", "coordinates": [ [ [ [ 26.889308, 60.575654, 0.0001 ], [ 26.889189, 60.575722, 0.0001 ], [ 26.889327, 60.575781, 0.0001 ], [ 26.889446, 60.575713, 0.0001 ], [ 26.889308, 60.575654, 0.0001 ] ] ] ] } },
{ "type": "Feature", "properties": { "address": "R168" }, "geometry": { "type": "MultiPolygon", "coordinates": [ [ [ [ 26.889189, 60.575722, 0.0001 ], [ 26.889069, 60.57579, 0.0001 ], [ 26.889207, 60.575849, 0.0001 ], [ 26.889327, 60.575781, 0.0001 ], [ 26.889189, 60.575722, 0.0001 ] ] ] ] } },
{ "type": "Feature", "properties": { "address": "R180" }, "geometry": { "type": "MultiPolygon", "coordinates": [ [ [ [ 26.889622, 60.575663, 67.367 ], [ 26.889504, 60.575754, 67.367 ], [ 26.889689, 60.575812, 67.367 ], [ 26.889807, 60.575721, 67.367 ], [ 26.889622, 60.575663, 67.367 ] ] ] ] } },
{ "type": "Feature", "properties": { "address": "R181" }, "geometry": { "type": "MultiPolygon", "coordinates": [ [ [ [ 26.889807, 60.575722, 67.781 ], [ 26.889689, 60.575813, 67.781 ], [ 26.889874, 60.575871, 67.781 ], [ 26.889992, 60.57578, 67.781 ], [ 26.889807, 60.575722, 67.781 ] ] ] ] } },
{ "type": "Feature", "properties": { "address": "R223" }, "geometry": { "type": "MultiPolygon", "coordinates": [ [ [ [ 26.890282, 60.575237, 0.0001 ], [ 26.890163, 60.575305, 0.0001 ], [ 26.890301, 60.575364, 0.0001 ], [ 26.89042, 60.575296, 0.0001 ], [ 26.890282, 60.575237, 0.0001 ] ] ] ] } },
{ "type": "Feature", "properties": { "address": "R216" }, "geometry": { "type": "MultiPolygon", "coordinates": [ [ [ [ 26.890163, 60.575305, 0.0001 ], [ 26.890043, 60.575373, 0.0001 ], [ 26.890181, 60.575432, 0.0001 ], [ 26.890301, 60.575364, 0.0001 ], [ 26.890163, 60.575305, 0.0001 ] ] ] ] } },
{ "type": "Feature", "properties": { "address": "R230" }, "geometry": { "type": "MultiPolygon", "coordinates": [ [ [ [ 26.890402, 60.57517, 0.0001 ], [ 26.890282, 60.575237, 0.0001 ], [ 26.89042, 60.575296, 0.0001 ], [ 26.89054, 60.575228, 0.0001 ], [ 26.890402, 60.57517, 0.0001 ] ] ] ] } },
{ "type": "Feature", "properties": { "address": "R200" }, "geometry": { "type": "MultiPolygon", "coordinates": [ [ [ [ 26.889924, 60.575441, 0.0001 ], [ 26.889804, 60.575509, 0.0001 ], [ 26.889943, 60.575568, 0.0001 ], [ 26.890062, 60.5755, 0.0001 ], [ 26.889924, 60.575441, 0.0001 ] ] ] ] } },
{ "type": "Feature", "properties": { "address": "R192" }, "geometry": { "type": "MultiPolygon", "coordinates": [ [ [ [ 26.889804, 60.575509, 0.0001 ], [ 26.889685, 60.575577, 0.0001 ], [ 26.889823, 60.575636, 0.0001 ], [ 26.889943, 60.575568, 0.0001 ], [ 26.889804, 60.575509, 0.0001 ] ] ] ] } },
{ "type": "Feature", "properties": { "address": "R208" }, "geometry": { "type": "MultiPolygon", "coordinates": [ [ [ [ 26.890043, 60.575373, 0.0001 ], [ 26.889924, 60.575441, 0.0001 ], [ 26.890062, 60.5755, 0.0001 ], [ 26.890181, 60.575432, 0.0001 ], [ 26.890043, 60.575373, 0.0001 ] ] ] ] } },
{ "type": "Feature", "properties": { "address": "R224" }, "geometry": { "type": "MultiPolygon", "coordinates": [ [ [ [ 26.89042, 60.575296, 0.0001 ], [ 26.890301, 60.575364, 0.0001 ], [ 26.890439, 60.575423, 0.0001 ], [ 26.890558, 60.575355, 0.0001 ], [ 26.89042, 60.575296, 0.0001 ] ] ] ] } },
{ "type": "Feature", "properties": { "address": "R217" }, "geometry": { "type": "MultiPolygon", "coordinates": [ [ [ [ 26.890301, 60.575364, 0.0001 ], [ 26.890181, 60.575432, 0.0001 ], [ 26.890319, 60.575491, 0.0001 ], [ 26.890439, 60.575423, 0.0001 ], [ 26.890301, 60.575364, 0.0001 ] ] ] ] } },
{ "type": "Feature", "properties": { "address": "R231" }, "geometry": { "type": "MultiPolygon", "coordinates": [ [ [ [ 26.89054, 60.575228, 0.0001 ], [ 26.89042, 60.575296, 0.0001 ], [ 26.890558, 60.575355, 0.0001 ], [ 26.890678, 60.575287, 0.0001 ], [ 26.89054, 60.575228, 0.0001 ] ] ] ] } },
{ "type": "Feature", "properties": { "address": "R201" }, "geometry": { "type": "MultiPolygon", "coordinates": [ [ [ [ 26.890062, 60.5755, 0.0001 ], [ 26.889943, 60.575568, 0.0001 ], [ 26.890081, 60.575627, 0.0001 ], [ 26.8902, 60.575559, 0.0001 ], [ 26.890062, 60.5755, 0.0001 ] ] ] ] } },
{ "type": "Feature", "properties": { "address": "R193" }, "geometry": { "type": "MultiPolygon", "coordinates": [ [ [ [ 26.889943, 60.575568, 0.0001 ], [ 26.889823, 60.575636, 0.0001 ], [ 26.889961, 60.575695, 0.0001 ], [ 26.890081, 60.575627, 0.0001 ], [ 26.889943, 60.575568, 0.0001 ] ] ] ] } },
{ "type": "Feature", "properties": { "address": "R209" }, "geometry": { "type": "MultiPolygon", "coordinates": [ [ [ [ 26.890181, 60.575432, 0.0001 ], [ 26.890062, 60.5755, 0.0001 ], [ 26.8902, 60.575559, 0.0001 ], [ 26.890319, 60.575491, 0.0001 ], [ 26.890181, 60.575432, 0.0001 ] ] ] ] } },
{ "type": "Feature", "properties": { "address": "R225" }, "geometry": { "type": "MultiPolygon", "coordinates": [ [ [ [ 26.890558, 60.575355, 0.0001 ], [ 26.890439, 60.575423, 0.0001 ], [ 26.890577, 60.575482, 0.0001 ], [ 26.890696, 60.575414, 0.0001 ], [ 26.890558, 60.575355, 0.0001 ] ] ] ] } },
{ "type": "Feature", "properties": { "address": "R218" }, "geometry": { "type": "MultiPolygon", "coordinates": [ [ [ [ 26.890439, 60.575423, 0.0001 ], [ 26.890319, 60.575491, 0.0001 ], [ 26.890457, 60.57555, 0.0001 ], [ 26.890577, 60.575482, 0.0001 ], [ 26.890439, 60.575423, 0.0001 ] ] ] ] } },
{ "type": "Feature", "properties": { "address": "R232" }, "geometry": { "type": "MultiPolygon", "coordinates": [ [ [ [ 26.890678, 60.575287, 0.0001 ], [ 26.890558, 60.575355, 0.0001 ], [ 26.890696, 60.575414, 0.0001 ], [ 26.890816, 60.575346, 0.0001 ], [ 26.890678, 60.575287, 0.0001 ] ] ] ] } },
{ "type": "Feature", "properties": { "address": "R210" }, "geometry": { "type": "MultiPolygon", "coordinates": [ [ [ [ 26.890319, 60.575491, 0.0001 ], [ 26.8902, 60.575559, 0.0001 ], [ 26.890338, 60.575618, 0.0001 ], [ 26.890457, 60.57555, 0.0001 ], [ 26.890319, 60.575491, 0.0001 ] ] ] ] } },
{ "type": "Feature", "properties": { "address": "R202" }, "geometry": { "type": "MultiPolygon", "coordinates": [ [ [ [ 26.8902, 60.575559, 0.0001 ], [ 26.890081, 60.575627, 0.0001 ], [ 26.890219, 60.575685, 0.0001 ], [ 26.890338, 60.575618, 0.0001 ], [ 26.8902, 60.575559, 0.0001 ] ] ] ] } },
{ "type": "Feature", "properties": { "address": "R194" }, "geometry": { "type": "MultiPolygon", "coordinates": [ [ [ [ 26.890081, 60.575627, 0.0001 ], [ 26.889961, 60.575695, 0.0001 ], [ 26.890099, 60.575753, 0.0001 ], [ 26.890219, 60.575685, 0.0001 ], [ 26.890081, 60.575627, 0.0001 ] ] ] ] } },
{ "type": "Feature", "properties": { "address": "R226" }, "geometry": { "type": "MultiPolygon", "coordinates": [ [ [ [ 26.890696, 60.575414, 0.0001 ], [ 26.890577, 60.575482, 0.0001 ], [ 26.890715, 60.57554, 0.0001 ], [ 26.890834, 60.575473, 0.0001 ], [ 26.890696, 60.575414, 0.0001 ] ] ] ] } },
{ "type": "Feature", "properties": { "address": "R219" }, "geometry": { "type": "MultiPolygon", "coordinates": [ [ [ [ 26.890577, 60.575482, 0.0001 ], [ 26.890457, 60.57555, 0.0001 ], [ 26.890596, 60.575608, 0.0001 ], [ 26.890715, 60.57554, 0.0001 ], [ 26.890577, 60.575482, 0.0001 ] ] ] ] } },
{ "type": "Feature", "properties": { "address": "R233" }, "geometry": { "type": "MultiPolygon", "coordinates": [ [ [ [ 26.890816, 60.575346, 0.0001 ], [ 26.890696, 60.575414, 0.0001 ], [ 26.890834, 60.575473, 0.0001 ], [ 26.890954, 60.575405, 0.0001 ], [ 26.890816, 60.575346, 0.0001 ] ] ] ] } },
{ "type": "Feature", "properties": { "address": "R211" }, "geometry": { "type": "MultiPolygon", "coordinates": [ [ [ [ 26.890457, 60.57555, 0.0001 ], [ 26.890338, 60.575618, 0.0001 ], [ 26.890476, 60.575676, 0.0001 ], [ 26.890596, 60.575608, 0.0001 ], [ 26.890457, 60.57555, 0.0001 ] ] ] ] } },
{ "type": "Feature", "properties": { "address": "R203" }, "geometry": { "type": "MultiPolygon", "coordinates": [ [ [ [ 26.890338, 60.575618, 0.0001 ], [ 26.890219, 60.575685, 0.0001 ], [ 26.890357, 60.575744, 0.0001 ], [ 26.890476, 60.575676, 0.0001 ], [ 26.890338, 60.575618, 0.0001 ] ] ] ] } },
{ "type": "Feature", "properties": { "address": "R195" }, "geometry": { "type": "MultiPolygon", "coordinates": [ [ [ [ 26.890219, 60.575685, 0.0001 ], [ 26.890099, 60.575753, 0.0001 ], [ 26.890237, 60.575812, 0.0001 ], [ 26.890357, 60.575744, 0.0001 ], [ 26.890219, 60.575685, 0.0001 ] ] ] ] } },
{ "type": "Feature", "properties": { "address": "R204" }, "geometry": { "type": "MultiPolygon", "coordinates": [ [ [ [ 26.890476, 60.575676, 0.0001 ], [ 26.890357, 60.575744, 0.0001 ], [ 26.890495, 60.575803, 0.0001 ], [ 26.890614, 60.575735, 0.0001 ], [ 26.890476, 60.575676, 0.0001 ] ] ] ] } },
{ "type": "Feature", "properties": { "address": "R196" }, "geometry": { "type": "MultiPolygon", "coordinates": [ [ [ [ 26.890357, 60.575744, 0.0001 ], [ 26.890237, 60.575812, 0.0001 ], [ 26.890375, 60.575871, 0.0001 ], [ 26.890495, 60.575803, 0.0001 ], [ 26.890357, 60.575744, 0.0001 ] ] ] ] } },
{ "type": "Feature", "properties": { "address": "R212" }, "geometry": { "type": "MultiPolygon", "coordinates": [ [ [ [ 26.890596, 60.575608, 0.0001 ], [ 26.890476, 60.575676, 0.0001 ], [ 26.890614, 60.575735, 0.0001 ], [ 26.890734, 60.575667, 0.0001 ], [ 26.890596, 60.575608, 0.0001 ] ] ] ] } },
{ "type": "Feature", "properties": { "address": "R187" }, "geometry": { "type": "MultiPolygon", "coordinates": [ [ [ [ 26.890099, 60.575753, 0.0001 ], [ 26.88998, 60.575821, 0.0001 ], [ 26.890118, 60.57588, 0.0001 ], [ 26.890237, 60.575812, 0.0001 ], [ 26.890099, 60.575753, 0.0001 ] ] ] ] } },
{ "type": "Feature", "properties": { "address": "R182" }, "geometry": { "type": "MultiPolygon", "coordinates": [ [ [ [ 26.88998, 60.575821, 0.0001 ], [ 26.88986, 60.575889, 0.0001 ], [ 26.889998, 60.575948, 0.0001 ], [ 26.890118, 60.57588, 0.0001 ], [ 26.88998, 60.575821, 0.0001 ] ] ] ] } },
{ "type": "Feature", "properties": { "address": "R188" }, "geometry": { "type": "MultiPolygon", "coordinates": [ [ [ [ 26.890237, 60.575812, 0.0001 ], [ 26.890118, 60.57588, 0.0001 ], [ 26.890256, 60.575939, 0.0001 ], [ 26.890375, 60.575871, 0.0001 ], [ 26.890237, 60.575812, 0.0001 ] ] ] ] } },
{ "type": "Feature", "properties": { "address": "R183" }, "geometry": { "type": "MultiPolygon", "coordinates": [ [ [ [ 26.890118, 60.57588, 0.0001 ], [ 26.889998, 60.575948, 0.0001 ], [ 26.890136, 60.576007, 0.0001 ], [ 26.890256, 60.575939, 0.0001 ], [ 26.890118, 60.57588, 0.0001 ] ] ] ] } },
{ "type": "Feature", "properties": { "address": "R234" }, "geometry": { "type": "MultiPolygon", "coordinates": [ [ [ [ 26.890245, 60.574984, 0.0001 ], [ 26.890126, 60.575052, 0.0001 ], [ 26.890264, 60.575111, 0.0001 ], [ 26.890383, 60.575043, 0.0001 ], [ 26.890245, 60.574984, 0.0001 ] ] ] ] } },
{ "type": "Feature", "properties": { "address": "R237" }, "geometry": { "type": "MultiPolygon", "coordinates": [ [ [ [ 26.890364, 60.574916, 0.0001 ], [ 26.890245, 60.574984, 0.0001 ], [ 26.890383, 60.575043, 0.0001 ], [ 26.890502, 60.574975, 0.0001 ], [ 26.890364, 60.574916, 0.0001 ] ] ] ] } },
{ "type": "Feature", "properties": { "address": "R235" }, "geometry": { "type": "MultiPolygon", "coordinates": [ [ [ [ 26.890383, 60.575043, 0.0001 ], [ 26.890264, 60.575111, 0.0001 ], [ 26.890402, 60.57517, 0.0001 ], [ 26.890521, 60.575102, 0.0001 ], [ 26.890383, 60.575043, 0.0001 ] ] ] ] } },
{ "type": "Feature", "properties": { "address": "R236" }, "geometry": { "type": "MultiPolygon", "coordinates": [ [ [ [ 26.890521, 60.575102, 0.0001 ], [ 26.890402, 60.57517, 0.0001 ], [ 26.89054, 60.575228, 0.0001 ], [ 26.890659, 60.57516, 0.0001 ], [ 26.890521, 60.575102, 0.0001 ] ] ] ] } },
{ "type": "Feature", "properties": { "address": "R176" }, "geometry": { "type": "MultiPolygon", "coordinates": [ [ [ [ 26.889998, 60.575948, 0.0001 ], [ 26.889879, 60.576016, 0.0001 ], [ 26.890017, 60.576075, 0.0001 ], [ 26.890136, 60.576007, 0.0001 ], [ 26.889998, 60.575948, 0.0001 ] ] ] ] } },
{ "type": "Feature", "properties": { "address": "R175" }, "geometry": { "type": "MultiPolygon", "coordinates": [ [ [ [ 26.88986, 60.575889, 0.0001 ], [ 26.889741, 60.575957, 0.0001 ], [ 26.889879, 60.576016, 0.0001 ], [ 26.889998, 60.575948, 0.0001 ], [ 26.88986, 60.575889, 0.0001 ] ] ] ] } },
{ "type": "Feature", "properties": { "address": "R170" }, "geometry": { "type": "MultiPolygon", "coordinates": [ [ [ [ 26.889741, 60.575957, 0.0001 ], [ 26.889621, 60.576025, 0.0001 ], [ 26.88976, 60.576084, 0.0001 ], [ 26.889879, 60.576016, 0.0001 ], [ 26.889741, 60.575957, 0.0001 ] ] ] ] } },
{ "type": "Feature", "properties": { "address": "R171" }, "geometry": { "type": "MultiPolygon", "coordinates": [ [ [ [ 26.889879, 60.576016, 0.0001 ], [ 26.88976, 60.576084, 0.0001 ], [ 26.889898, 60.576143, 0.0001 ], [ 26.890017, 60.576075, 0.0001 ], [ 26.889879, 60.576016, 0.0001 ] ] ] ] } },
{ "type": "Feature", "properties": { "address": "R111" }, "geometry": { "type": "MultiPolygon", "coordinates": [ [ [ [ 26.889759, 60.578102, 0.0 ], [ 26.889689, 60.578204, 0.0 ], [ 26.889897, 60.578238, 0.0 ], [ 26.889966, 60.578136, 0.0 ], [ 26.889759, 60.578102, 0.0 ] ] ] ] } },
{ "type": "Feature", "properties": { "address": "R113" }, "geometry": { "type": "MultiPolygon", "coordinates": [ [ [ [ 26.889828, 60.578, 0.0 ], [ 26.889759, 60.578102, 0.0 ], [ 26.889966, 60.578136, 0.0 ], [ 26.890036, 60.578034, 0.0 ], [ 26.889828, 60.578, 0.0 ] ] ] ] } },
{ "type": "Feature", "properties": { "address": "R114" }, "geometry": { "type": "MultiPolygon", "coordinates": [ [ [ [ 26.889898, 60.577898, 0.0 ], [ 26.889828, 60.578, 0.0 ], [ 26.890036, 60.578034, 0.0 ], [ 26.890105, 60.577932, 0.0 ], [ 26.889898, 60.577898, 0.0 ] ] ] ] } },
{ "type": "Feature", "properties": { "address": "R115" }, "geometry": { "type": "MultiPolygon", "coordinates": [ [ [ [ 26.889967, 60.577796, 0.0 ], [ 26.889898, 60.577898, 0.0 ], [ 26.890105, 60.577932, 0.0 ], [ 26.890175, 60.57783, 0.0 ], [ 26.889967, 60.577796, 0.0 ] ] ] ] } },
{ "type": "Feature", "properties": { "address": "R117" }, "geometry": { "type": "MultiPolygon", "coordinates": [ [ [ [ 26.890037, 60.577693, 0.0 ], [ 26.889967, 60.577796, 0.0 ], [ 26.890175, 60.57783, 0.0 ], [ 26.890244, 60.577728, 0.0 ], [ 26.890037, 60.577693, 0.0 ] ] ] ] } },
{ "type": "Feature", "properties": { "address": "R119" }, "geometry": { "type": "MultiPolygon", "coordinates": [ [ [ [ 26.890175, 60.577489, 0.0 ], [ 26.890106, 60.577591, 0.0 ], [ 26.890314, 60.577625, 0.0 ], [ 26.890383, 60.577523, 0.0 ], [ 26.890175, 60.577489, 0.0 ] ] ] ] } },
{ "type": "Feature", "properties": { "address": "R118" }, "geometry": { "type": "MultiPolygon", "coordinates": [ [ [ [ 26.890106, 60.577591, 0.0 ], [ 26.890037, 60.577693, 0.0 ], [ 26.890244, 60.577728, 0.0 ], [ 26.890314, 60.577625, 0.0 ], [ 26.890106, 60.577591, 0.0 ] ] ] ] } },
{ "type": "Feature", "properties": { "address": "R121" }, "geometry": { "type": "MultiPolygon", "coordinates": [ [ [ [ 26.890245, 60.577387, 0.0 ], [ 26.890175, 60.577489, 0.0 ], [ 26.890383, 60.577523, 0.0 ], [ 26.890452, 60.577421, 0.0 ], [ 26.890245, 60.577387, 0.0 ] ] ] ] } },
{ "type": "Feature", "properties": { "address": "R123" }, "geometry": { "type": "MultiPolygon", "coordinates": [ [ [ [ 26.890314, 60.577285, 0.0 ], [ 26.890245, 60.577387, 0.0 ], [ 26.890452, 60.577421, 0.0 ], [ 26.890522, 60.577319, 0.0 ], [ 26.890314, 60.577285, 0.0 ] ] ] ] } },
{ "type": "Feature", "properties": { "address": "R125" }, "geometry": { "type": "MultiPolygon", "coordinates": [ [ [ [ 26.890384, 60.577183, 0.0 ], [ 26.890314, 60.577285, 0.0 ], [ 26.890522, 60.577319, 0.0 ], [ 26.890591, 60.577217, 0.0 ], [ 26.890384, 60.577183, 0.0 ] ] ] ] } },
{ "type": "Feature", "properties": { "address": "R129" }, "geometry": { "type": "MultiPolygon", "coordinates": [ [ [ [ 26.890661, 60.576774, 0.0 ], [ 26.890592, 60.576876, 0.0 ], [ 26.8908, 60.57691, 0.0 ], [ 26.890869, 60.576808, 0.0 ], [ 26.890661, 60.576774, 0.0 ] ] ] ] } },
{ "type": "Feature", "properties": { "address": "R128" }, "geometry": { "type": "MultiPolygon", "coordinates": [ [ [ [ 26.890592, 60.576876, 0.0 ], [ 26.890523, 60.576978, 0.0 ], [ 26.89073, 60.577013, 0.0 ], [ 26.8908, 60.57691, 0.0 ], [ 26.890592, 60.576876, 0.0 ] ] ] ] } },
{ "type": "Feature", "properties": { "address": "R149" }, "geometry": { "type": "MultiPolygon", "coordinates": [ [ [ [ 26.890673, 60.576581, -33.7435 ], [ 26.890621, 60.576685, -33.7435 ], [ 26.890834, 60.576711, -33.7435 ], [ 26.890885, 60.576606, -33.7435 ], [ 26.890673, 60.576581, -33.7435 ] ] ] ] } },
{ "type": "Feature", "properties": { "address": "R151" }, "geometry": { "type": "MultiPolygon", "coordinates": [ [ [ [ 26.890724, 60.576476, -33.7435 ], [ 26.890673, 60.576581, -33.7435 ], [ 26.890885, 60.576606, -33.7435 ], [ 26.890937, 60.576501, -33.7435 ], [ 26.890724, 60.576476, -33.7435 ] ] ] ] } },
{ "type": "Feature", "properties": { "address": "R153" }, "geometry": { "type": "MultiPolygon", "coordinates": [ [ [ [ 26.890776, 60.576371, -33.7435 ], [ 26.890724, 60.576476, -33.7435 ], [ 26.890937, 60.576501, -33.7435 ], [ 26.890988, 60.576397, -33.7435 ], [ 26.890776, 60.576371, -33.7435 ] ] ] ] } },
{ "type": "Feature", "properties": { "address": "R155" }, "geometry": { "type": "MultiPolygon", "coordinates": [ [ [ [ 26.891078, 60.576161, 0.0 ], [ 26.891009, 60.576264, 0.0 ], [ 26.891216, 60.576298, 0.0 ], [ 26.891286, 60.576196, 0.0 ], [ 26.891078, 60.576161, 0.0 ] ] ] ] } },
{ "type": "Feature", "properties": { "address": "R241" }, "geometry": { "type": "MultiPolygon", "coordinates": [ [ [ [ 26.891495, 60.575584, 0.0 ], [ 26.891425, 60.575687, 0.0 ], [ 26.891633, 60.575721, 0.0 ], [ 26.891702, 60.575619, 0.0 ], [ 26.891495, 60.575584, 0.0 ] ] ] ] } },
{ "type": "Feature", "properties": { "address": "R246" }, "geometry": { "type": "MultiPolygon", "coordinates": [ [ [ [ 26.891633, 60.57538, 0.0 ], [ 26.891564, 60.575482, 0.0 ], [ 26.891772, 60.575517, 0.0 ], [ 26.891841, 60.575414, 0.0 ], [ 26.891633, 60.57538, 0.0 ] ] ] ] } },
{ "type": "Feature", "properties": { "address": "R242" }, "geometry": { "type": "MultiPolygon", "coordinates": [ [ [ [ 26.891702, 60.575619, 0.0 ], [ 26.891633, 60.575721, 0.0 ], [ 26.89184, 60.575755, 0.0 ], [ 26.89191, 60.575653, 0.0 ], [ 26.891702, 60.575619, 0.0 ] ] ] ] } },
{ "type": "Feature", "properties": { "address": "R247" }, "geometry": { "type": "MultiPolygon", "coordinates": [ [ [ [ 26.891841, 60.575414, 0.0 ], [ 26.891772, 60.575517, 0.0 ], [ 26.891979, 60.575551, 0.0 ], [ 26.892049, 60.575449, 0.0 ], [ 26.891841, 60.575414, 0.0 ] ] ] ] } },
{ "type": "Feature", "properties": { "address": "R244" }, "geometry": { "type": "MultiPolygon", "coordinates": [ [ [ [ 26.891772, 60.575517, 0.0 ], [ 26.891702, 60.575619, 0.0 ], [ 26.89191, 60.575653, 0.0 ], [ 26.891979, 60.575551, 0.0 ], [ 26.891772, 60.575517, 0.0 ] ] ] ] } },
{ "type": "Feature", "properties": { "address": "R249" }, "geometry": { "type": "MultiPolygon", "coordinates": [ [ [ [ 26.891703, 60.575278, 0.0 ], [ 26.891633, 60.57538, 0.0 ], [ 26.891841, 60.575414, 0.0 ], [ 26.89191, 60.575312, 0.0 ], [ 26.891703, 60.575278, 0.0 ] ] ] ] } },
{ "type": "Feature", "properties": { "address": "R250" }, "geometry": { "type": "MultiPolygon", "coordinates": [ [ [ [ 26.89191, 60.575312, 0.0 ], [ 26.891841, 60.575414, 0.0 ], [ 26.892049, 60.575449, 0.0 ], [ 26.892118, 60.575346, 0.0 ], [ 26.89191, 60.575312, 0.0 ] ] ] ] } },
{ "type": "Feature", "properties": { "address": "R252" }, "geometry": { "type": "MultiPolygon", "coordinates": [ [ [ [ 26.891772, 60.575176, 0.0 ], [ 26.891703, 60.575278, 0.0 ], [ 26.89191, 60.575312, 0.0 ], [ 26.89198, 60.57521, 0.0 ], [ 26.891772, 60.575176, 0.0 ] ] ] ] } },
{ "type": "Feature", "properties": { "address": "R253" }, "geometry": { "type": "MultiPolygon", "coordinates": [ [ [ [ 26.89198, 60.57521, 0.0 ], [ 26.89191, 60.575312, 0.0 ], [ 26.892118, 60.575346, 0.0 ], [ 26.892187, 60.575244, 0.0 ], [ 26.89198, 60.57521, 0.0 ] ] ] ] } },
{ "type": "Feature", "properties": { "address": "R255" }, "geometry": { "type": "MultiPolygon", "coordinates": [ [ [ [ 26.891842, 60.575074, 0.0 ], [ 26.891772, 60.575176, 0.0 ], [ 26.89198, 60.57521, 0.0 ], [ 26.892049, 60.575108, 0.0 ], [ 26.891842, 60.575074, 0.0 ] ] ] ] } },
{ "type": "Feature", "properties": { "address": "R256" }, "geometry": { "type": "MultiPolygon", "coordinates": [ [ [ [ 26.892049, 60.575108, 0.0 ], [ 26.89198, 60.57521, 0.0 ], [ 26.892187, 60.575244, 0.0 ], [ 26.892257, 60.575142, 0.0 ], [ 26.892049, 60.575108, 0.0 ] ] ] ] } },
{ "type": "Feature", "properties": { "address": "R120" }, "geometry": { "type": "MultiPolygon", "coordinates": [ [ [ [ 26.890383, 60.577523, 0.0 ], [ 26.890314, 60.577625, 0.0 ], [ 26.890521, 60.57766, 0.0 ], [ 26.890591, 60.577557, 0.0 ], [ 26.890383, 60.577523, 0.0 ] ] ] ] } },
{ "type": "Feature", "properties": { "address": "R122" }, "geometry": { "type": "MultiPolygon", "coordinates": [ [ [ [ 26.890452, 60.577421, 0.0 ], [ 26.890383, 60.577523, 0.0 ], [ 26.890591, 60.577557, 0.0 ], [ 26.89066, 60.577455, 0.0 ], [ 26.890452, 60.577421, 0.0 ] ] ] ] } },
{ "type": "Feature", "properties": { "address": "R124" }, "geometry": { "type": "MultiPolygon", "coordinates": [ [ [ [ 26.890522, 60.577319, 0.0 ], [ 26.890452, 60.577421, 0.0 ], [ 26.89066, 60.577455, 0.0 ], [ 26.890729, 60.577353, 0.0 ], [ 26.890522, 60.577319, 0.0 ] ] ] ] } },
{ "type": "Feature", "properties": { "address": "R126" }, "geometry": { "type": "MultiPolygon", "coordinates": [ [ [ [ 26.890591, 60.577217, 0.0 ], [ 26.890522, 60.577319, 0.0 ], [ 26.890729, 60.577353, 0.0 ], [ 26.890799, 60.577251, 0.0 ], [ 26.890591, 60.577217, 0.0 ] ] ] ] } },
{ "type": "Feature", "properties": { "address": "R130" }, "geometry": { "type": "MultiPolygon", "coordinates": [ [ [ [ 26.890869, 60.576808, 0.0 ], [ 26.8908, 60.57691, 0.0 ], [ 26.891007, 60.576945, 0.0 ], [ 26.891077, 60.576843, 0.0 ], [ 26.890869, 60.576808, 0.0 ] ] ] ] } },
{ "type": "Feature", "properties": { "address": "R150" }, "geometry": { "type": "MultiPolygon", "coordinates": [ [ [ [ 26.890885, 60.576606, -33.7435 ], [ 26.890834, 60.576711, -33.7435 ], [ 26.891046, 60.576736, -33.7435 ], [ 26.891098, 60.576631, -33.7435 ], [ 26.890885, 60.576606, -33.7435 ] ] ] ] } },
{ "type": "Feature", "properties": { "address": "R152" }, "geometry": { "type": "MultiPolygon", "coordinates": [ [ [ [ 26.890937, 60.576501, -33.7435 ], [ 26.890885, 60.576606, -33.7435 ], [ 26.891098, 60.576631, -33.7435 ], [ 26.89115, 60.576527, -33.7435 ], [ 26.890937, 60.576501, -33.7435 ] ] ] ] } },
{ "type": "Feature", "properties": { "address": "R154" }, "geometry": { "type": "MultiPolygon", "coordinates": [ [ [ [ 26.890988, 60.576397, -33.7435 ], [ 26.890937, 60.576501, -33.7435 ], [ 26.89115, 60.576527, -33.7435 ], [ 26.891201, 60.576422, -33.7435 ], [ 26.890988, 60.576397, -33.7435 ] ] ] ] } },
{ "type": "Feature", "properties": { "address": "R127" }, "geometry": { "type": "MultiPolygon", "coordinates": [ [ [ [ 26.890661, 60.577115, 0.0 ], [ 26.890591, 60.577217, 0.0 ], [ 26.890799, 60.577251, 0.0 ], [ 26.890868, 60.577149, 0.0 ], [ 26.890661, 60.577115, 0.0 ] ] ] ] } },
{ "type": "Feature", "properties": { "address": "R116" }, "geometry": { "type": "MultiPolygon", "coordinates": [ [ [ [ 26.890209, 60.577779, 0.0 ], [ 26.89014, 60.577881, 0.0 ], [ 26.890347, 60.577915, 0.0 ], [ 26.890417, 60.577813, 0.0 ], [ 26.890209, 60.577779, 0.0 ] ] ] ] } },
{ "type": "Feature", "properties": { "address": "R112" }, "geometry": { "type": "MultiPolygon", "coordinates": [ [ [ [ 26.889966, 60.578136, 0.0 ], [ 26.889897, 60.578238, 0.0 ], [ 26.890104, 60.578272, 0.0 ], [ 26.890174, 60.57817, 0.0 ], [ 26.889966, 60.578136, 0.0 ] ] ] ] } },
{ "type": "Feature", "properties": { "address": "R108" }, "geometry": { "type": "MultiPolygon", "coordinates": [ [ [ [ 26.889303, 60.576766, 0.0 ], [ 26.889085, 60.576757, 0.0 ], [ 26.889067, 60.576865, 0.0 ], [ 26.889285, 60.576874, 0.0 ], [ 26.889303, 60.576766, 0.0 ] ] ] ] } },
{ "type": "Feature", "properties": { "address": "R104" }, "geometry": { "type": "MultiPolygon", "coordinates": [ [ [ [ 26.889285, 60.576874, 0.0 ], [ 26.889067, 60.576865, 0.0 ], [ 26.889048, 60.576972, 0.0 ], [ 26.889266, 60.576981, 0.0 ], [ 26.889285, 60.576874, 0.0 ] ] ] ] } },
{ "type": "Feature", "properties": { "address": "R100" }, "geometry": { "type": "MultiPolygon", "coordinates": [ [ [ [ 26.889266, 60.576981, 0.0 ], [ 26.889048, 60.576972, 0.0 ], [ 26.88903, 60.577079, 0.0 ], [ 26.889248, 60.577088, 0.0 ], [ 26.889266, 60.576981, 0.0 ] ] ] ] } },
{ "type": "Feature", "properties": { "address": "R96" }, "geometry": { "type": "MultiPolygon", "coordinates": [ [ [ [ 26.889248, 60.577088, 0.0 ], [ 26.88903, 60.577079, 0.0 ], [ 26.889012, 60.577187, 0.0 ], [ 26.88923, 60.577196, 0.0 ], [ 26.889248, 60.577088, 0.0 ] ] ] ] } },
{ "type": "Feature", "properties": { "address": "R92" }, "geometry": { "type": "MultiPolygon", "coordinates": [ [ [ [ 26.88923, 60.577196, 0.0 ], [ 26.889012, 60.577187, 0.0 ], [ 26.888993, 60.577294, 0.0 ], [ 26.889212, 60.577303, 0.0 ], [ 26.88923, 60.577196, 0.0 ] ] ] ] } },
{ "type": "Feature", "properties": { "address": "R88" }, "geometry": { "type": "MultiPolygon", "coordinates": [ [ [ [ 26.889212, 60.577303, 0.0 ], [ 26.888993, 60.577294, 0.0 ], [ 26.888975, 60.577401, 0.0 ], [ 26.889193, 60.57741, 0.0 ], [ 26.889212, 60.577303, 0.0 ] ] ] ] } },
{ "type": "Feature", "properties": { "address": "R84" }, "geometry": { "type": "MultiPolygon", "coordinates": [ [ [ [ 26.889193, 60.57741, 0.0 ], [ 26.888975, 60.577401, 0.0 ], [ 26.888957, 60.577509, 0.0 ], [ 26.889175, 60.577518, 0.0 ], [ 26.889193, 60.57741, 0.0 ] ] ] ] } },
{ "type": "Feature", "properties": { "address": "R80" }, "geometry": { "type": "MultiPolygon", "coordinates": [ [ [ [ 26.889175, 60.577518, 0.0 ], [ 26.888957, 60.577509, 0.0 ], [ 26.888939, 60.577616, 0.0 ], [ 26.889157, 60.577625, 0.0 ], [ 26.889175, 60.577518, 0.0 ] ] ] ] } },
{ "type": "Feature", "properties": { "address": "R76" }, "geometry": { "type": "MultiPolygon", "coordinates": [ [ [ [ 26.889157, 60.577625, 0.0 ], [ 26.888939, 60.577616, 0.0 ], [ 26.88892, 60.577723, 0.0 ], [ 26.889139, 60.577732, 0.0 ], [ 26.889157, 60.577625, 0.0 ] ] ] ] } },
{ "type": "Feature", "properties": { "address": "R72" }, "geometry": { "type": "MultiPolygon", "coordinates": [ [ [ [ 26.889139, 60.577732, 0.0 ], [ 26.88892, 60.577723, 0.0 ], [ 26.888902, 60.577831, 0.0 ], [ 26.88912, 60.57784, 0.0 ], [ 26.889139, 60.577732, 0.0 ] ] ] ] } },
{ "type": "Feature", "properties": { "address": "R68" }, "geometry": { "type": "MultiPolygon", "coordinates": [ [ [ [ 26.88912, 60.57784, 0.0 ], [ 26.888902, 60.577831, 0.0 ], [ 26.888884, 60.577938, 0.0 ], [ 26.889102, 60.577947, 0.0 ], [ 26.88912, 60.57784, 0.0 ] ] ] ] } },
{ "type": "Feature", "properties": { "address": "R64" }, "geometry": { "type": "MultiPolygon", "coordinates": [ [ [ [ 26.889102, 60.577947, 0.0 ], [ 26.888884, 60.577938, 0.0 ], [ 26.888866, 60.578045, 0.0 ], [ 26.889084, 60.578054, 0.0 ], [ 26.889102, 60.577947, 0.0 ] ] ] ] } },
{ "type": "Feature", "properties": { "address": "R16" }, "geometry": { "type": "MultiPolygon", "coordinates": [ [ [ [ 26.887238, 60.577205, 67.865 ], [ 26.887421, 60.577263, 67.865 ], [ 26.887541, 60.577173, 67.865 ], [ 26.887358, 60.577114, 67.865 ], [ 26.887238, 60.577205, 67.865 ] ] ] ] } },
{ "type": "Feature", "properties": { "address": "R243" }, "geometry": { "type": "MultiPolygon", "coordinates": [ [ [ [ 26.89191, 60.575653, 0.0 ], [ 26.89184, 60.575755, 0.0 ], [ 26.892048, 60.575789, 0.0 ], [ 26.892117, 60.575687, 0.0 ], [ 26.89191, 60.575653, 0.0 ] ] ] ] } },
{ "type": "Feature", "properties": { "address": "R245" }, "geometry": { "type": "MultiPolygon", "coordinates": [ [ [ [ 26.891979, 60.575551, 0.0 ], [ 26.89191, 60.575653, 0.0 ], [ 26.892117, 60.575687, 0.0 ], [ 26.892187, 60.575585, 0.0 ], [ 26.891979, 60.575551, 0.0 ] ] ] ] } },
{ "type": "Feature", "properties": { "address": "R248" }, "geometry": { "type": "MultiPolygon", "coordinates": [ [ [ [ 26.892049, 60.575449, 0.0 ], [ 26.891979, 60.575551, 0.0 ], [ 26.892187, 60.575585, 0.0 ], [ 26.892256, 60.575483, 0.0 ], [ 26.892049, 60.575449, 0.0 ] ] ] ] } },
{ "type": "Feature", "properties": { "address": "R254" }, "geometry": { "type": "MultiPolygon", "coordinates": [ [ [ [ 26.892187, 60.575244, 0.0 ], [ 26.892118, 60.575346, 0.0 ], [ 26.892326, 60.575381, 0.0 ], [ 26.892395, 60.575278, 0.0 ], [ 26.892187, 60.575244, 0.0 ] ] ] ] } },
{ "type": "Feature", "properties": { "address": "R257" }, "geometry": { "type": "MultiPolygon", "coordinates": [ [ [ [ 26.892257, 60.575142, 0.0 ], [ 26.892187, 60.575244, 0.0 ], [ 26.892395, 60.575278, 0.0 ], [ 26.892464, 60.575176, 0.0 ], [ 26.892257, 60.575142, 0.0 ] ] ] ] } },
{ "type": "Feature", "properties": { "address": "R251" }, "geometry": { "type": "MultiPolygon", "coordinates": [ [ [ [ 26.892118, 60.575346, 0.0 ], [ 26.892049, 60.575449, 0.0 ], [ 26.892256, 60.575483, 0.0 ], [ 26.892326, 60.575381, 0.0 ], [ 26.892118, 60.575346, 0.0 ] ] ] ] } },
{ "type": "Feature", "properties": { "address": "S35" }, "geometry": { "type": "MultiPolygon", "coordinates": [ [ [ [ 26.896896, 60.56726, 0.0 ], [ 26.897047, 60.56731, 0.0 ], [ 26.897149, 60.567235, 0.0 ], [ 26.896997, 60.567185, 0.0 ], [ 26.896896, 60.56726, 0.0 ] ] ] ] } },
{ "type": "Feature", "properties": { "address": "S36" }, "geometry": { "type": "MultiPolygon", "coordinates": [ [ [ [ 26.897047, 60.56731, 0.0 ], [ 26.897199, 60.56736, 0.0 ], [ 26.8973, 60.567285, 0.0 ], [ 26.897149, 60.567235, 0.0 ], [ 26.897047, 60.56731, 0.0 ] ] ] ] } },
{ "type": "Feature", "properties": { "address": "S39" }, "geometry": { "type": "MultiPolygon", "coordinates": [ [ [ [ 26.896618, 60.56706, 0.0 ], [ 26.89677, 60.56711, 0.0 ], [ 26.896871, 60.567036, 0.0 ], [ 26.896719, 60.566986, 0.0 ], [ 26.896618, 60.56706, 0.0 ] ] ] ] } },
{ "type": "Feature", "properties": { "address": "S42" }, "geometry": { "type": "MultiPolygon", "coordinates": [ [ [ [ 26.896719, 60.566986, 0.0 ], [ 26.896871, 60.567036, 0.0 ], [ 26.896973, 60.566961, 0.0 ], [ 26.896821, 60.566911, 0.0 ], [ 26.896719, 60.566986, 0.0 ] ] ] ] } },
{ "type": "Feature", "properties": { "address": "S43" }, "geometry": { "type": "MultiPolygon", "coordinates": [ [ [ [ 26.896871, 60.567036, 0.0 ], [ 26.897023, 60.567086, 0.0 ], [ 26.897124, 60.567011, 0.0 ], [ 26.896973, 60.566961, 0.0 ], [ 26.896871, 60.567036, 0.0 ] ] ] ] } },
{ "type": "Feature", "properties": { "address": "S44" }, "geometry": { "type": "MultiPolygon", "coordinates": [ [ [ [ 26.897023, 60.567086, 0.0 ], [ 26.897174, 60.567136, 0.0 ], [ 26.897276, 60.567061, 0.0 ], [ 26.897124, 60.567011, 0.0 ], [ 26.897023, 60.567086, 0.0 ] ] ] ] } },
{ "type": "Feature", "properties": { "address": "S47" }, "geometry": { "type": "MultiPolygon", "coordinates": [ [ [ [ 26.896821, 60.566911, 0.0 ], [ 26.896973, 60.566961, 0.0 ], [ 26.897074, 60.566886, 0.0 ], [ 26.896922, 60.566837, 0.0 ], [ 26.896821, 60.566911, 0.0 ] ] ] ] } },
{ "type": "Feature", "properties": { "address": "S48" }, "geometry": { "type": "MultiPolygon", "coordinates": [ [ [ [ 26.896973, 60.566961, 0.0 ], [ 26.897124, 60.567011, 0.0 ], [ 26.897226, 60.566936, 0.0 ], [ 26.897074, 60.566886, 0.0 ], [ 26.896973, 60.566961, 0.0 ] ] ] ] } },
{ "type": "Feature", "properties": { "address": "S49" }, "geometry": { "type": "MultiPolygon", "coordinates": [ [ [ [ 26.897124, 60.567011, 0.0 ], [ 26.897276, 60.567061, 0.0 ], [ 26.897377, 60.566986, 0.0 ], [ 26.897226, 60.566936, 0.0 ], [ 26.897124, 60.567011, 0.0 ] ] ] ] } },
{ "type": "Feature", "properties": { "address": "S50" }, "geometry": { "type": "MultiPolygon", "coordinates": [ [ [ [ 26.897276, 60.567061, 0.0 ], [ 26.897428, 60.567111, 0.0 ], [ 26.897529, 60.567036, 0.0 ], [ 26.897377, 60.566986, 0.0 ], [ 26.897276, 60.567061, 0.0 ] ] ] ] } },
{ "type": "Feature", "properties": { "address": "S17" }, "geometry": { "type": "MultiPolygon", "coordinates": [ [ [ [ 26.896386, 60.567383, -0.036886 ], [ 26.896538, 60.567433, -0.036886 ], [ 26.896639, 60.567358, -0.036886 ], [ 26.896488, 60.567308, -0.036886 ], [ 26.896386, 60.567383, -0.036886 ] ] ] ] } },
{ "type": "Feature", "properties": { "address": "S18" }, "geometry": { "type": "MultiPolygon", "coordinates": [ [ [ [ 26.896538, 60.567433, -0.036886 ], [ 26.89669, 60.567483, -0.036886 ], [ 26.896791, 60.567408, -0.036886 ], [ 26.896639, 60.567358, -0.036886 ], [ 26.896538, 60.567433, -0.036886 ] ] ] ] } },
{ "type": "Feature", "properties": { "address": "S53" }, "geometry": { "type": "MultiPolygon", "coordinates": [ [ [ [ 26.896922, 60.566837, 0.0 ], [ 26.897074, 60.566886, 0.0 ], [ 26.897176, 60.566812, 0.0 ], [ 26.897024, 60.566762, 0.0 ], [ 26.896922, 60.566837, 0.0 ] ] ] ] } },
{ "type": "Feature", "properties": { "address": "S54" }, "geometry": { "type": "MultiPolygon", "coordinates": [ [ [ [ 26.897074, 60.566886, 0.0 ], [ 26.897226, 60.566936, 0.0 ], [ 26.897327, 60.566862, 0.0 ], [ 26.897176, 60.566812, 0.0 ], [ 26.897074, 60.566886, 0.0 ] ] ] ] } },
{ "type": "Feature", "properties": { "address": "S38" }, "geometry": { "type": "MultiPolygon", "coordinates": [ [ [ [ 26.896466, 60.56701, 0.0 ], [ 26.896618, 60.56706, 0.0 ], [ 26.896719, 60.566986, 0.0 ], [ 26.896568, 60.566936, 0.0 ], [ 26.896466, 60.56701, 0.0 ] ] ] ] } },
{ "type": "Feature", "properties": { "address": "S41" }, "geometry": { "type": "MultiPolygon", "coordinates": [ [ [ [ 26.896568, 60.566936, 0.0 ], [ 26.896719, 60.566986, 0.0 ], [ 26.896821, 60.566911, 0.0 ], [ 26.896669, 60.566861, 0.0 ], [ 26.896568, 60.566936, 0.0 ] ] ] ] } },
{ "type": "Feature", "properties": { "address": "S19" }, "geometry": { "type": "MultiPolygon", "coordinates": [ [ [ [ 26.89669, 60.567483, -0.036886 ], [ 26.896841, 60.567533, -0.036886 ], [ 26.896943, 60.567458, -0.036886 ], [ 26.896791, 60.567408, -0.036886 ], [ 26.89669, 60.567483, -0.036886 ] ] ] ] } },
{ "type": "Feature", "properties": { "address": "S20" }, "geometry": { "type": "MultiPolygon", "coordinates": [ [ [ [ 26.896841, 60.567533, -0.036886 ], [ 26.896993, 60.567583, -0.036886 ], [ 26.897094, 60.567508, -0.036886 ], [ 26.896943, 60.567458, -0.036886 ], [ 26.896841, 60.567533, -0.036886 ] ] ] ] } },
{ "type": "Feature", "properties": { "address": "S15" }, "geometry": { "type": "MultiPolygon", "coordinates": [ [ [ [ 26.896588, 60.567557, -0.036886 ], [ 26.89674, 60.567607, -0.036886 ], [ 26.896841, 60.567533, -0.036886 ], [ 26.89669, 60.567483, -0.036886 ], [ 26.896588, 60.567557, -0.036886 ] ] ] ] } },
{ "type": "Feature", "properties": { "address": "S16" }, "geometry": { "type": "MultiPolygon", "coordinates": [ [ [ [ 26.89674, 60.567607, -0.036886 ], [ 26.896891, 60.567657, -0.036886 ], [ 26.896993, 60.567583, -0.036886 ], [ 26.896841, 60.567533, -0.036886 ], [ 26.89674, 60.567607, -0.036886 ] ] ] ] } },
{ "type": "Feature", "properties": { "address": "S12" }, "geometry": { "type": "MultiPolygon", "coordinates": [ [ [ [ 26.896487, 60.567632, -0.036886 ], [ 26.896638, 60.567682, -0.036886 ], [ 26.89674, 60.567607, -0.036886 ], [ 26.896588, 60.567557, -0.036886 ], [ 26.896487, 60.567632, -0.036886 ] ] ] ] } },
{ "type": "Feature", "properties": { "address": "S13" }, "geometry": { "type": "MultiPolygon", "coordinates": [ [ [ [ 26.896638, 60.567682, -0.036886 ], [ 26.89679, 60.567732, -0.036886 ], [ 26.896891, 60.567657, -0.036886 ], [ 26.89674, 60.567607, -0.036886 ], [ 26.896638, 60.567682, -0.036886 ] ] ] ] } },
{ "type": "Feature", "properties": { "address": "S9" }, "geometry": { "type": "MultiPolygon", "coordinates": [ [ [ [ 26.896385, 60.567707, -0.036886 ], [ 26.896537, 60.567757, -0.036886 ], [ 26.896638, 60.567682, -0.036886 ], [ 26.896487, 60.567632, -0.036886 ], [ 26.896385, 60.567707, -0.036886 ] ] ] ] } },
{ "type": "Feature", "properties": { "address": "S10" }, "geometry": { "type": "MultiPolygon", "coordinates": [ [ [ [ 26.896537, 60.567757, -0.036886 ], [ 26.896688, 60.567807, -0.036886 ], [ 26.89679, 60.567732, -0.036886 ], [ 26.896638, 60.567682, -0.036886 ], [ 26.896537, 60.567757, -0.036886 ] ] ] ] } },
{ "type": "Feature", "properties": { "address": "S123" }, "geometry": { "type": "MultiPolygon", "coordinates": [ [ [ [ 26.897468, 60.566594, 0.073525 ], [ 26.89764, 60.566624, 0.073525 ], [ 26.8977, 60.56654, 0.073525 ], [ 26.897528, 60.56651, 0.073525 ], [ 26.897468, 60.566594, 0.073525 ] ] ] ] } },
{ "type": "Feature", "properties": { "address": "S122" }, "geometry": { "type": "MultiPolygon", "coordinates": [ [ [ [ 26.897579, 60.566709, 0.073525 ], [ 26.897751, 60.566739, 0.073525 ], [ 26.897812, 60.566654, 0.073525 ], [ 26.89764, 60.566624, 0.073525 ], [ 26.897579, 60.566709, 0.073525 ] ] ] ] } },
{ "type": "Feature", "properties": { "address": "S112" }, "geometry": { "type": "MultiPolygon", "coordinates": [ [ [ [ 26.897821, 60.566843, 0.073525 ], [ 26.897993, 60.566873, 0.073525 ], [ 26.898054, 60.566788, 0.073525 ], [ 26.897882, 60.566758, 0.073525 ], [ 26.897821, 60.566843, 0.073525 ] ] ] ] } },
{ "type": "Feature", "properties": { "address": "S113" }, "geometry": { "type": "MultiPolygon", "coordinates": [ [ [ [ 26.897993, 60.566873, 0.073525 ], [ 26.898165, 60.566903, 0.073525 ], [ 26.898226, 60.566818, 0.073525 ], [ 26.898054, 60.566788, 0.073525 ], [ 26.897993, 60.566873, 0.073525 ] ] ] ] } },
{ "type": "Feature", "properties": { "address": "S124" }, "geometry": { "type": "MultiPolygon", "coordinates": [ [ [ [ 26.89764, 60.566624, 0.073525 ], [ 26.897812, 60.566654, 0.073525 ], [ 26.897873, 60.566569, 0.073525 ], [ 26.8977, 60.56654, 0.073525 ], [ 26.89764, 60.566624, 0.073525 ] ] ] ] } },
{ "type": "Feature", "properties": { "address": "S116" }, "geometry": { "type": "MultiPolygon", "coordinates": [ [ [ [ 26.897882, 60.566758, 0.073525 ], [ 26.898054, 60.566788, 0.073525 ], [ 26.898114, 60.566703, 0.073525 ], [ 26.897942, 60.566673, 0.073525 ], [ 26.897882, 60.566758, 0.073525 ] ] ] ] } },
{ "type": "Feature", "properties": { "address": "S117" }, "geometry": { "type": "MultiPolygon", "coordinates": [ [ [ [ 26.898054, 60.566788, 0.073525 ], [ 26.898226, 60.566818, 0.073525 ], [ 26.898287, 60.566733, 0.073525 ], [ 26.898114, 60.566703, 0.073525 ], [ 26.898054, 60.566788, 0.073525 ] ] ] ] } },
{ "type": "Feature", "properties": { "address": "S128" }, "geometry": { "type": "MultiPolygon", "coordinates": [ [ [ [ 26.897477, 60.56631, 0.073525 ], [ 26.897649, 60.56634, 0.073525 ], [ 26.89771, 60.566256, 0.073525 ], [ 26.897538, 60.566226, 0.073525 ], [ 26.897477, 60.56631, 0.073525 ] ] ] ] } },
{ "type": "Feature", "properties": { "address": "S130" }, "geometry": { "type": "MultiPolygon", "coordinates": [ [ [ [ 26.897538, 60.566226, 0.073525 ], [ 26.89771, 60.566256, 0.073525 ], [ 26.89777, 60.566171, 0.073525 ], [ 26.897598, 60.566141, 0.073525 ], [ 26.897538, 60.566226, 0.073525 ] ] ] ] } },
{ "type": "Feature", "properties": { "address": "S131" }, "geometry": { "type": "MultiPolygon", "coordinates": [ [ [ [ 26.89771, 60.566256, 0.073525 ], [ 26.897882, 60.566285, 0.073525 ], [ 26.897942, 60.566201, 0.073525 ], [ 26.89777, 60.566171, 0.073525 ], [ 26.89771, 60.566256, 0.073525 ] ] ] ] } },
{ "type": "Feature", "properties": { "address": "S132" }, "geometry": { "type": "MultiPolygon", "coordinates": [ [ [ [ 26.897598, 60.566141, 0.073525 ], [ 26.89777, 60.566171, 0.073525 ], [ 26.897831, 60.566086, 0.073525 ], [ 26.897659, 60.566056, 0.073525 ], [ 26.897598, 60.566141, 0.073525 ] ] ] ] } },
{ "type": "Feature", "properties": { "address": "S133" }, "geometry": { "type": "MultiPolygon", "coordinates": [ [ [ [ 26.89777, 60.566171, 0.073525 ], [ 26.897942, 60.566201, 0.073525 ], [ 26.898003, 60.566116, 0.073525 ], [ 26.897831, 60.566086, 0.073525 ], [ 26.89777, 60.566171, 0.073525 ] ] ] ] } },
{ "type": "Feature", "properties": { "address": "S140" }, "geometry": { "type": "MultiPolygon", "coordinates": [ [ [ [ 26.898079, 60.566248, 0.073525 ], [ 26.898255, 60.566273, 0.073525 ], [ 26.898305, 60.566186, 0.073525 ], [ 26.898129, 60.566162, 0.073525 ], [ 26.898079, 60.566248, 0.073525 ] ] ] ] } },
{ "type": "Feature", "properties": { "address": "S147" }, "geometry": { "type": "MultiPolygon", "coordinates": [ [ [ [ 26.898339, 60.565958, 0.073525 ], [ 26.898511, 60.565988, 0.073525 ], [ 26.898572, 60.565903, 0.073525 ], [ 26.8984, 60.565873, 0.073525 ], [ 26.898339, 60.565958, 0.073525 ] ] ] ] } },
{ "type": "Feature", "properties": { "address": "S148" }, "geometry": { "type": "MultiPolygon", "coordinates": [ [ [ [ 26.898511, 60.565988, 0.073525 ], [ 26.898683, 60.566018, 0.073525 ], [ 26.898744, 60.565933, 0.073525 ], [ 26.898572, 60.565903, 0.073525 ], [ 26.898511, 60.565988, 0.073525 ] ] ] ] } },
{ "type": "Feature", "properties": { "address": "S142" }, "geometry": { "type": "MultiPolygon", "coordinates": [ [ [ [ 26.898431, 60.566297, 0.073525 ], [ 26.898606, 60.566322, 0.073525 ], [ 26.898656, 60.566235, 0.073525 ], [ 26.89848, 60.566211, 0.073525 ], [ 26.898431, 60.566297, 0.073525 ] ] ] ] } },
{ "type": "Feature", "properties": { "address": "S141" }, "geometry": { "type": "MultiPolygon", "coordinates": [ [ [ [ 26.898255, 60.566273, 0.073525 ], [ 26.898431, 60.566297, 0.073525 ], [ 26.89848, 60.566211, 0.073525 ], [ 26.898305, 60.566186, 0.073525 ], [ 26.898255, 60.566273, 0.073525 ] ] ] ] } },
{ "type": "Feature", "properties": { "address": "S136" }, "geometry": { "type": "MultiPolygon", "coordinates": [ [ [ [ 26.89803, 60.566335, 0.073525 ], [ 26.898205, 60.566359, 0.073525 ], [ 26.898255, 60.566273, 0.073525 ], [ 26.898079, 60.566248, 0.073525 ], [ 26.89803, 60.566335, 0.073525 ] ] ] ] } },
{ "type": "Feature", "properties": { "address": "S137" }, "geometry": { "type": "MultiPolygon", "coordinates": [ [ [ [ 26.898205, 60.566359, 0.073525 ], [ 26.898381, 60.566384, 0.073525 ], [ 26.898431, 60.566297, 0.073525 ], [ 26.898255, 60.566273, 0.073525 ], [ 26.898205, 60.566359, 0.073525 ] ] ] ] } },
{ "type": "Feature", "properties": { "address": "S138" }, "geometry": { "type": "MultiPolygon", "coordinates": [ [ [ [ 26.898381, 60.566384, 0.073525 ], [ 26.898556, 60.566408, 0.073525 ], [ 26.898606, 60.566322, 0.073525 ], [ 26.898431, 60.566297, 0.073525 ], [ 26.898381, 60.566384, 0.073525 ] ] ] ] } },
{ "type": "Feature", "properties": { "address": "S134" }, "geometry": { "type": "MultiPolygon", "coordinates": [ [ [ [ 26.898331, 60.56647, 0.073525 ], [ 26.898507, 60.566495, 0.073525 ], [ 26.898556, 60.566408, 0.073525 ], [ 26.898381, 60.566384, 0.073525 ], [ 26.898331, 60.56647, 0.073525 ] ] ] ] } },
{ "type": "Feature", "properties": { "address": "S129" }, "geometry": { "type": "MultiPolygon", "coordinates": [ [ [ [ 26.897649, 60.56634, 0.073525 ], [ 26.897821, 60.56637, 0.073525 ], [ 26.897882, 60.566285, 0.073525 ], [ 26.89771, 60.566256, 0.073525 ], [ 26.897649, 60.56634, 0.073525 ] ] ] ] } },
{ "type": "Feature", "properties": { "address": "S127" }, "geometry": { "type": "MultiPolygon", "coordinates": [ [ [ [ 26.897589, 60.566425, 0.073525 ], [ 26.897761, 60.566455, 0.073525 ], [ 26.897821, 60.56637, 0.073525 ], [ 26.897649, 60.56634, 0.073525 ], [ 26.897589, 60.566425, 0.073525 ] ] ] ] } },
{ "type": "Feature", "properties": { "address": "S125" }, "geometry": { "type": "MultiPolygon", "coordinates": [ [ [ [ 26.897528, 60.56651, 0.073525 ], [ 26.8977, 60.56654, 0.073525 ], [ 26.897761, 60.566455, 0.073525 ], [ 26.897589, 60.566425, 0.073525 ], [ 26.897528, 60.56651, 0.073525 ] ] ] ] } },
{ "type": "Feature", "properties": { "address": "S126" }, "geometry": { "type": "MultiPolygon", "coordinates": [ [ [ [ 26.8977, 60.56654, 0.073525 ], [ 26.897873, 60.566569, 0.073525 ], [ 26.897933, 60.566485, 0.073525 ], [ 26.897761, 60.566455, 0.073525 ], [ 26.8977, 60.56654, 0.073525 ] ] ] ] } },
{ "type": "Feature", "properties": { "address": "S120" }, "geometry": { "type": "MultiPolygon", "coordinates": [ [ [ [ 26.898114, 60.566703, 0.073525 ], [ 26.898287, 60.566733, 0.073525 ], [ 26.898347, 60.566648, 0.073525 ], [ 26.898175, 60.566619, 0.073525 ], [ 26.898114, 60.566703, 0.073525 ] ] ] ] } },
{ "type": "Feature", "properties": { "address": "S151" }, "geometry": { "type": "MultiPolygon", "coordinates": [ [ [ [ 26.8984, 60.565873, 0.073525 ], [ 26.898572, 60.565903, 0.073525 ], [ 26.898632, 60.565818, 0.073525 ], [ 26.89846, 60.565789, 0.073525 ], [ 26.8984, 60.565873, 0.073525 ] ] ] ] } },
{ "type": "Feature", "properties": { "address": "S152" }, "geometry": { "type": "MultiPolygon", "coordinates": [ [ [ [ 26.898572, 60.565903, 0.073525 ], [ 26.898744, 60.565933, 0.073525 ], [ 26.898805, 60.565848, 0.073525 ], [ 26.898632, 60.565818, 0.073525 ], [ 26.898572, 60.565903, 0.073525 ] ] ] ] } },
{ "type": "Feature", "properties": { "address": "S156" }, "geometry": { "type": "MultiPolygon", "coordinates": [ [ [ [ 26.89846, 60.565789, 0.073525 ], [ 26.898632, 60.565818, 0.073525 ], [ 26.898693, 60.565734, 0.073525 ], [ 26.898521, 60.565704, 0.073525 ], [ 26.89846, 60.565789, 0.073525 ] ] ] ] } },
{ "type": "Feature", "properties": { "address": "S157" }, "geometry": { "type": "MultiPolygon", "coordinates": [ [ [ [ 26.898632, 60.565818, 0.073525 ], [ 26.898805, 60.565848, 0.073525 ], [ 26.898865, 60.565763, 0.073525 ], [ 26.898693, 60.565734, 0.073525 ], [ 26.898632, 60.565818, 0.073525 ] ] ] ] } },
{ "type": "Feature", "properties": { "address": "S161" }, "geometry": { "type": "MultiPolygon", "coordinates": [ [ [ [ 26.898521, 60.565704, 0.073525 ], [ 26.898693, 60.565734, 0.073525 ], [ 26.898753, 60.565649, 0.073525 ], [ 26.898581, 60.565619, 0.073525 ], [ 26.898521, 60.565704, 0.073525 ] ] ] ] } },
{ "type": "Feature", "properties": { "address": "S162" }, "geometry": { "type": "MultiPolygon", "coordinates": [ [ [ [ 26.898693, 60.565734, 0.073525 ], [ 26.898865, 60.565763, 0.073525 ], [ 26.898926, 60.565679, 0.073525 ], [ 26.898753, 60.565649, 0.073525 ], [ 26.898693, 60.565734, 0.073525 ] ] ] ] } },
{ "type": "Feature", "properties": { "address": "S164" }, "geometry": { "type": "MultiPolygon", "coordinates": [ [ [ [ 26.898581, 60.565619, 0.073525 ], [ 26.898753, 60.565649, 0.073525 ], [ 26.898814, 60.565564, 0.073525 ], [ 26.898642, 60.565534, 0.073525 ], [ 26.898581, 60.565619, 0.073525 ] ] ] ] } },
{ "type": "Feature", "properties": { "address": "S165" }, "geometry": { "type": "MultiPolygon", "coordinates": [ [ [ [ 26.898753, 60.565649, 0.073525 ], [ 26.898926, 60.565679, 0.073525 ], [ 26.898986, 60.565594, 0.073525 ], [ 26.898814, 60.565564, 0.073525 ], [ 26.898753, 60.565649, 0.073525 ] ] ] ] } },
{ "type": "Feature", "properties": { "address": "S167" }, "geometry": { "type": "MultiPolygon", "coordinates": [ [ [ [ 26.898642, 60.565534, 0.073525 ], [ 26.898814, 60.565564, 0.073525 ], [ 26.898874, 60.565479, 0.073525 ], [ 26.898702, 60.56545, 0.073525 ], [ 26.898642, 60.565534, 0.073525 ] ] ] ] } },
{ "type": "Feature", "properties": { "address": "S168" }, "geometry": { "type": "MultiPolygon", "coordinates": [ [ [ [ 26.898814, 60.565564, 0.073525 ], [ 26.898986, 60.565594, 0.073525 ], [ 26.899047, 60.565509, 0.073525 ], [ 26.898874, 60.565479, 0.073525 ], [ 26.898814, 60.565564, 0.073525 ] ] ] ] } },
{ "type": "Feature", "properties": { "address": "S171" }, "geometry": { "type": "MultiPolygon", "coordinates": [ [ [ [ 26.898702, 60.56545, 0.073525 ], [ 26.898874, 60.565479, 0.073525 ], [ 26.898935, 60.565395, 0.073525 ], [ 26.898763, 60.565365, 0.073525 ], [ 26.898702, 60.56545, 0.073525 ] ] ] ] } },
{ "type": "Feature", "properties": { "address": "S172" }, "geometry": { "type": "MultiPolygon", "coordinates": [ [ [ [ 26.898874, 60.565479, 0.073525 ], [ 26.899047, 60.565509, 0.073525 ], [ 26.899107, 60.565425, 0.073525 ], [ 26.898935, 60.565395, 0.073525 ], [ 26.898874, 60.565479, 0.073525 ] ] ] ] } },
{ "type": "Feature", "properties": { "address": "S176" }, "geometry": { "type": "MultiPolygon", "coordinates": [ [ [ [ 26.898763, 60.565365, 0.073525 ], [ 26.898935, 60.565395, 0.073525 ], [ 26.898996, 60.56531, 0.073525 ], [ 26.898823, 60.56528, 0.073525 ], [ 26.898763, 60.565365, 0.073525 ] ] ] ] } },
{ "type": "Feature", "properties": { "address": "S177" }, "geometry": { "type": "MultiPolygon", "coordinates": [ [ [ [ 26.898935, 60.565395, 0.073525 ], [ 26.899107, 60.565425, 0.073525 ], [ 26.899168, 60.56534, 0.073525 ], [ 26.898996, 60.56531, 0.073525 ], [ 26.898935, 60.565395, 0.073525 ] ] ] ] } },
{ "type": "Feature", "properties": { "address": "S181" }, "geometry": { "type": "MultiPolygon", "coordinates": [ [ [ [ 26.898823, 60.56528, 0.073525 ], [ 26.898996, 60.56531, 0.073525 ], [ 26.899056, 60.565225, 0.073525 ], [ 26.898884, 60.565195, 0.073525 ], [ 26.898823, 60.56528, 0.073525 ] ] ] ] } },
{ "type": "Feature", "properties": { "address": "S182" }, "geometry": { "type": "MultiPolygon", "coordinates": [ [ [ [ 26.898996, 60.56531, 0.073525 ], [ 26.899168, 60.56534, 0.073525 ], [ 26.899228, 60.565255, 0.073525 ], [ 26.899056, 60.565225, 0.073525 ], [ 26.898996, 60.56531, 0.073525 ] ] ] ] } },
{ "type": "Feature", "properties": { "address": "S179" }, "geometry": { "type": "MultiPolygon", "coordinates": [ [ [ [ 26.898479, 60.565221, 0.073525 ], [ 26.898651, 60.56525, 0.073525 ], [ 26.898712, 60.565166, 0.073525 ], [ 26.89854, 60.565136, 0.073525 ], [ 26.898479, 60.565221, 0.073525 ] ] ] ] } },
{ "type": "Feature", "properties": { "address": "S180" }, "geometry": { "type": "MultiPolygon", "coordinates": [ [ [ [ 26.898651, 60.56525, 0.073525 ], [ 26.898823, 60.56528, 0.073525 ], [ 26.898884, 60.565195, 0.073525 ], [ 26.898712, 60.565166, 0.073525 ], [ 26.898651, 60.56525, 0.073525 ] ] ] ] } },
{ "type": "Feature", "properties": { "address": "S184" }, "geometry": { "type": "MultiPolygon", "coordinates": [ [ [ [ 26.89854, 60.565136, 0.073525 ], [ 26.898712, 60.565166, 0.073525 ], [ 26.898772, 60.565081, 0.073525 ], [ 26.8986, 60.565051, 0.073525 ], [ 26.89854, 60.565136, 0.073525 ] ] ] ] } },
{ "type": "Feature", "properties": { "address": "S185" }, "geometry": { "type": "MultiPolygon", "coordinates": [ [ [ [ 26.898712, 60.565166, 0.073525 ], [ 26.898884, 60.565195, 0.073525 ], [ 26.898944, 60.565111, 0.073525 ], [ 26.898772, 60.565081, 0.073525 ], [ 26.898712, 60.565166, 0.073525 ] ] ] ] } },
{ "type": "Feature", "properties": { "address": "S187" }, "geometry": { "type": "MultiPolygon", "coordinates": [ [ [ [ 26.8986, 60.565051, 0.073525 ], [ 26.898772, 60.565081, 0.073525 ], [ 26.898833, 60.564996, 0.073525 ], [ 26.898661, 60.564966, 0.073525 ], [ 26.8986, 60.565051, 0.073525 ] ] ] ] } },
{ "type": "Feature", "properties": { "address": "S188" }, "geometry": { "type": "MultiPolygon", "coordinates": [ [ [ [ 26.898772, 60.565081, 0.073525 ], [ 26.898944, 60.565111, 0.073525 ], [ 26.899005, 60.565026, 0.073525 ], [ 26.898833, 60.564996, 0.073525 ], [ 26.898772, 60.565081, 0.073525 ] ] ] ] } },
{ "type": "Feature", "properties": { "address": "S190" }, "geometry": { "type": "MultiPolygon", "coordinates": [ [ [ [ 26.898661, 60.564966, 0.073525 ], [ 26.898833, 60.564996, 0.073525 ], [ 26.898893, 60.564911, 0.073525 ], [ 26.898721, 60.564882, 0.073525 ], [ 26.898661, 60.564966, 0.073525 ] ] ] ] } },
{ "type": "Feature", "properties": { "address": "S194" }, "geometry": { "type": "MultiPolygon", "coordinates": [ [ [ [ 26.899375, 60.565185, 0.073525 ], [ 26.899547, 60.565215, 0.073525 ], [ 26.899607, 60.56513, 0.073525 ], [ 26.899435, 60.5651, 0.073525 ], [ 26.899375, 60.565185, 0.073525 ] ] ] ] } },
{ "type": "Feature", "properties": { "address": "S193" }, "geometry": { "type": "MultiPolygon", "coordinates": [ [ [ [ 26.899314, 60.56527, 0.073525 ], [ 26.899486, 60.5653, 0.073525 ], [ 26.899547, 60.565215, 0.073525 ], [ 26.899375, 60.565185, 0.073525 ], [ 26.899314, 60.56527, 0.073525 ] ] ] ] } },
{ "type": "Feature", "properties": { "address": "S183" }, "geometry": { "type": "MultiPolygon", "coordinates": [ [ [ [ 26.899168, 60.56534, 0.073525 ], [ 26.89934, 60.56537, 0.073525 ], [ 26.8994, 60.565285, 0.073525 ], [ 26.899228, 60.565255, 0.073525 ], [ 26.899168, 60.56534, 0.073525 ] ] ] ] } },
{ "type": "Feature", "properties": { "address": "S178" }, "geometry": { "type": "MultiPolygon", "coordinates": [ [ [ [ 26.899107, 60.565425, 0.073525 ], [ 26.899279, 60.565454, 0.073525 ], [ 26.89934, 60.56537, 0.073525 ], [ 26.899168, 60.56534, 0.073525 ], [ 26.899107, 60.565425, 0.073525 ] ] ] ] } },
{ "type": "Feature", "properties": { "address": "S173" }, "geometry": { "type": "MultiPolygon", "coordinates": [ [ [ [ 26.899047, 60.565509, 0.073525 ], [ 26.899219, 60.565539, 0.073525 ], [ 26.899279, 60.565454, 0.073525 ], [ 26.899107, 60.565425, 0.073525 ], [ 26.899047, 60.565509, 0.073525 ] ] ] ] } },
{ "type": "Feature", "properties": { "address": "S175" }, "geometry": { "type": "MultiPolygon", "coordinates": [ [ [ [ 26.898591, 60.565335, 0.073525 ], [ 26.898763, 60.565365, 0.073525 ], [ 26.898823, 60.56528, 0.073525 ], [ 26.898651, 60.56525, 0.073525 ], [ 26.898591, 60.565335, 0.073525 ] ] ] ] } },
{ "type": "Feature", "properties": { "address": "S195" }, "geometry": { "type": "MultiPolygon", "coordinates": [ [ [ [ 26.899435, 60.5651, 0.073525 ], [ 26.899607, 60.56513, 0.073525 ], [ 26.899668, 60.565046, 0.073525 ], [ 26.899496, 60.565016, 0.073525 ], [ 26.899435, 60.5651, 0.073525 ] ] ] ] } },
{ "type": "Feature", "properties": { "address": "S106" }, "geometry": { "type": "MultiPolygon", "coordinates": [ [ [ [ 26.897057, 60.565647, 0.07361 ], [ 26.896882, 60.565622, 0.073609 ], [ 26.896831, 60.565708, 0.073599 ], [ 26.897006, 60.565734, 0.0736 ], [ 26.897057, 60.565647, 0.07361 ] ] ] ] } },
{ "type": "Feature", "properties": { "address": "S105" }, "geometry": { "type": "MultiPolygon", "coordinates": [ [ [ [ 26.896882, 60.565622, 0.073609 ], [ 26.896707, 60.565597, 0.073609 ], [ 26.896656, 60.565683, 0.073599 ], [ 26.896831, 60.565708, 0.073599 ], [ 26.896882, 60.565622, 0.073609 ] ] ] ] } },
{ "type": "Feature", "properties": { "address": "S104" }, "geometry": { "type": "MultiPolygon", "coordinates": [ [ [ [ 26.896707, 60.565597, 0.073609 ], [ 26.896532, 60.565571, 0.073609 ], [ 26.896481, 60.565657, 0.073598 ], [ 26.896656, 60.565683, 0.073599 ], [ 26.896707, 60.565597, 0.073609 ] ] ] ] } },
{ "type": "Feature", "properties": { "address": "S83" }, "geometry": { "type": "MultiPolygon", "coordinates": [ [ [ [ 26.896449, 60.566027, 0.073572 ], [ 26.896624, 60.566053, 0.073572 ], [ 26.896676, 60.565967, 0.073579 ], [ 26.896501, 60.565941, 0.073578 ], [ 26.896449, 60.566027, 0.073572 ] ] ] ] } },
{ "type": "Feature", "properties": { "address": "S88" }, "geometry": { "type": "MultiPolygon", "coordinates": [ [ [ [ 26.896326, 60.565916, 0.073578 ], [ 26.896501, 60.565941, 0.073578 ], [ 26.896553, 60.565855, 0.073585 ], [ 26.896377, 60.56583, 0.073585 ], [ 26.896326, 60.565916, 0.073578 ] ] ] ] } },
{ "type": "Feature", "properties": { "address": "S89" }, "geometry": { "type": "MultiPolygon", "coordinates": [ [ [ [ 26.896501, 60.565941, 0.073578 ], [ 26.896676, 60.565967, 0.073579 ], [ 26.896728, 60.56588, 0.073586 ], [ 26.896553, 60.565855, 0.073585 ], [ 26.896501, 60.565941, 0.073578 ] ] ] ] } },
{ "type": "Feature", "properties": { "address": "S90" }, "geometry": { "type": "MultiPolygon", "coordinates": [ [ [ [ 26.896676, 60.565967, 0.073579 ], [ 26.896851, 60.565992, 0.073579 ], [ 26.896903, 60.565906, 0.073586 ], [ 26.896728, 60.56588, 0.073586 ], [ 26.896676, 60.565967, 0.073579 ] ] ] ] } },
{ "type": "Feature", "properties": { "address": "S94" }, "geometry": { "type": "MultiPolygon", "coordinates": [ [ [ [ 26.896377, 60.56583, 0.073585 ], [ 26.896553, 60.565855, 0.073585 ], [ 26.896604, 60.565769, 0.073592 ], [ 26.896429, 60.565744, 0.073592 ], [ 26.896377, 60.56583, 0.073585 ] ] ] ] } },
{ "type": "Feature", "properties": { "address": "S95" }, "geometry": { "type": "MultiPolygon", "coordinates": [ [ [ [ 26.896553, 60.565855, 0.073585 ], [ 26.896728, 60.56588, 0.073586 ], [ 26.896779, 60.565794, 0.073592 ], [ 26.896604, 60.565769, 0.073592 ], [ 26.896553, 60.565855, 0.073585 ] ] ] ] } },
{ "type": "Feature", "properties": { "address": "S99" }, "geometry": { "type": "MultiPolygon", "coordinates": [ [ [ [ 26.896429, 60.565744, 0.073592 ], [ 26.896604, 60.565769, 0.073592 ], [ 26.896656, 60.565683, 0.073599 ], [ 26.896481, 60.565657, 0.073598 ], [ 26.896429, 60.565744, 0.073592 ] ] ] ] } },
{ "type": "Feature", "properties": { "address": "S98" }, "geometry": { "type": "MultiPolygon", "coordinates": [ [ [ [ 26.897078, 60.565931, 0.073586 ], [ 26.897253, 60.565957, 0.073587 ], [ 26.897304, 60.56587, 0.073594 ], [ 26.897129, 60.565845, 0.073593 ], [ 26.897078, 60.565931, 0.073586 ] ] ] ] } },
{ "type": "Feature", "properties": { "address": "S97" }, "geometry": { "type": "MultiPolygon", "coordinates": [ [ [ [ 26.896903, 60.565906, 0.073586 ], [ 26.897078, 60.565931, 0.073586 ], [ 26.897129, 60.565845, 0.073593 ], [ 26.896954, 60.56582, 0.073593 ], [ 26.896903, 60.565906, 0.073586 ] ] ] ] } },
{ "type": "Feature", "properties": { "address": "S101" }, "geometry": { "type": "MultiPolygon", "coordinates": [ [ [ [ 26.896779, 60.565794, 0.073592 ], [ 26.896954, 60.56582, 0.073593 ], [ 26.897006, 60.565734, 0.0736 ], [ 26.896831, 60.565708, 0.073599 ], [ 26.896779, 60.565794, 0.073592 ] ] ] ] } },
{ "type": "Feature", "properties": { "address": "S96" }, "geometry": { "type": "MultiPolygon", "coordinates": [ [ [ [ 26.896728, 60.56588, 0.073586 ], [ 26.896903, 60.565906, 0.073586 ], [ 26.896954, 60.56582, 0.073593 ], [ 26.896779, 60.565794, 0.073592 ], [ 26.896728, 60.56588, 0.073586 ] ] ] ] } },
{ "type": "Feature", "properties": { "address": "S92" }, "geometry": { "type": "MultiPolygon", "coordinates": [ [ [ [ 26.897026, 60.566017, 0.07358 ], [ 26.897201, 60.566043, 0.07358 ], [ 26.897253, 60.565957, 0.073587 ], [ 26.897078, 60.565931, 0.073586 ], [ 26.897026, 60.566017, 0.07358 ] ] ] ] } },
{ "type": "Feature", "properties": { "address": "S91" }, "geometry": { "type": "MultiPolygon", "coordinates": [ [ [ [ 26.896851, 60.565992, 0.073579 ], [ 26.897026, 60.566017, 0.07358 ], [ 26.897078, 60.565931, 0.073586 ], [ 26.896903, 60.565906, 0.073586 ], [ 26.896851, 60.565992, 0.073579 ] ] ] ] } },
{ "type": "Feature", "properties": { "address": "S84" }, "geometry": { "type": "MultiPolygon", "coordinates": [ [ [ [ 26.896624, 60.566053, 0.073572 ], [ 26.8968, 60.566078, 0.073572 ], [ 26.896851, 60.565992, 0.073579 ], [ 26.896676, 60.565967, 0.073579 ], [ 26.896624, 60.566053, 0.073572 ] ] ] ] } },
{ "type": "Feature", "properties": { "address": "S85" }, "geometry": { "type": "MultiPolygon", "coordinates": [ [ [ [ 26.8968, 60.566078, 0.073572 ], [ 26.896975, 60.566104, 0.073573 ], [ 26.897026, 60.566017, 0.07358 ], [ 26.896851, 60.565992, 0.073579 ], [ 26.8968, 60.566078, 0.073572 ] ] ] ] } },
{ "type": "Feature", "properties": { "address": "S86" }, "geometry": { "type": "MultiPolygon", "coordinates": [ [ [ [ 26.896975, 60.566104, 0.073573 ], [ 26.89715, 60.566129, 0.073573 ], [ 26.897201, 60.566043, 0.07358 ], [ 26.897026, 60.566017, 0.07358 ], [ 26.896975, 60.566104, 0.073573 ] ] ] ] } },
{ "type": "Feature", "properties": { "address": "S81" }, "geometry": { "type": "MultiPolygon", "coordinates": [ [ [ [ 26.896923, 60.56619, 0.073566 ], [ 26.897098, 60.566215, 0.073566 ], [ 26.89715, 60.566129, 0.073573 ], [ 26.896975, 60.566104, 0.073573 ], [ 26.896923, 60.56619, 0.073566 ] ] ] ] } },
{ "type": "Feature", "properties": { "address": "S80" }, "geometry": { "type": "MultiPolygon", "coordinates": [ [ [ [ 26.896748, 60.566164, 0.073566 ], [ 26.896923, 60.56619, 0.073566 ], [ 26.896975, 60.566104, 0.073573 ], [ 26.8968, 60.566078, 0.073572 ], [ 26.896748, 60.566164, 0.073566 ] ] ] ] } },
{ "type": "Feature", "properties": { "address": "S79" }, "geometry": { "type": "MultiPolygon", "coordinates": [ [ [ [ 26.896573, 60.566139, 0.073565 ], [ 26.896748, 60.566164, 0.073566 ], [ 26.8968, 60.566078, 0.073572 ], [ 26.896624, 60.566053, 0.073572 ], [ 26.896573, 60.566139, 0.073565 ] ] ] ] } },
{ "type": "Feature", "properties": { "address": "S78" }, "geometry": { "type": "MultiPolygon", "coordinates": [ [ [ [ 26.896398, 60.566114, 0.073565 ], [ 26.896573, 60.566139, 0.073565 ], [ 26.896624, 60.566053, 0.073572 ], [ 26.896449, 60.566027, 0.073572 ], [ 26.896398, 60.566114, 0.073565 ] ] ] ] } },
{ "type": "Feature", "properties": { "address": "S74" }, "geometry": { "type": "MultiPolygon", "coordinates": [ [ [ [ 26.896346, 60.5662, 0.073558 ], [ 26.896521, 60.566225, 0.073558 ], [ 26.896573, 60.566139, 0.073565 ], [ 26.896398, 60.566114, 0.073565 ], [ 26.896346, 60.5662, 0.073558 ] ] ] ] } },
{ "type": "Feature", "properties": { "address": "S75" }, "geometry": { "type": "MultiPolygon", "coordinates": [ [ [ [ 26.896696, 60.566251, 0.073559 ], [ 26.896872, 60.566276, 0.073559 ], [ 26.896923, 60.56619, 0.073566 ], [ 26.896748, 60.566164, 0.073566 ], [ 26.896696, 60.566251, 0.073559 ] ] ] ] } },
{ "type": "Feature", "properties": { "address": "S70" }, "geometry": { "type": "MultiPolygon", "coordinates": [ [ [ [ 26.896295, 60.566286, 0.073551 ], [ 26.89647, 60.566311, 0.073552 ], [ 26.896521, 60.566225, 0.073558 ], [ 26.896346, 60.5662, 0.073558 ], [ 26.896295, 60.566286, 0.073551 ] ] ] ] } },
{ "type": "Feature", "properties": { "address": "S100" }, "geometry": { "type": "MultiPolygon", "coordinates": [ [ [ [ 26.896604, 60.565769, 0.073592 ], [ 26.896779, 60.565794, 0.073592 ], [ 26.896831, 60.565708, 0.073599 ], [ 26.896656, 60.565683, 0.073599 ], [ 26.896604, 60.565769, 0.073592 ] ] ] ] } },
{ "type": "Feature", "properties": { "address": "S102" }, "geometry": { "type": "MultiPolygon", "coordinates": [ [ [ [ 26.896954, 60.56582, 0.073593 ], [ 26.897129, 60.565845, 0.073593 ], [ 26.897181, 60.565759, 0.0736 ], [ 26.897006, 60.565734, 0.0736 ], [ 26.896954, 60.56582, 0.073593 ] ] ] ] } },
{ "type": "Feature", "properties": { "address": "S76" }, "geometry": { "type": "MultiPolygon", "coordinates": [ [ [ [ 26.896872, 60.566276, 0.073559 ], [ 26.897047, 60.566301, 0.07356 ], [ 26.897098, 60.566215, 0.073566 ], [ 26.896923, 60.56619, 0.073566 ], [ 26.896872, 60.566276, 0.073559 ] ] ] ] } },
{ "type": "Feature", "properties": { "address": "S72" }, "geometry": { "type": "MultiPolygon", "coordinates": [ [ [ [ 26.89682, 60.566362, 0.073552 ], [ 26.896995, 60.566387, 0.073553 ], [ 26.897047, 60.566301, 0.07356 ], [ 26.896872, 60.566276, 0.073559 ], [ 26.89682, 60.566362, 0.073552 ] ] ] ] } },
{ "type": "Feature", "properties": { "address": "S68" }, "geometry": { "type": "MultiPolygon", "coordinates": [ [ [ [ 26.896768, 60.566448, 0.073546 ], [ 26.896943, 60.566474, 0.073546 ], [ 26.896995, 60.566387, 0.073553 ], [ 26.89682, 60.566362, 0.073552 ], [ 26.896768, 60.566448, 0.073546 ] ] ] ] } },
{ "type": "Feature", "properties": { "address": "S61" }, "geometry": { "type": "MultiPolygon", "coordinates": [ [ [ [ 26.896542, 60.566509, 0.073538 ], [ 26.896717, 60.566534, 0.073539 ], [ 26.896768, 60.566448, 0.073546 ], [ 26.896593, 60.566423, 0.073545 ], [ 26.896542, 60.566509, 0.073538 ] ] ] ] } },
{ "type": "Feature", "properties": { "address": "S67" }, "geometry": { "type": "MultiPolygon", "coordinates": [ [ [ [ 26.896593, 60.566423, 0.073545 ], [ 26.896768, 60.566448, 0.073546 ], [ 26.89682, 60.566362, 0.073552 ], [ 26.896645, 60.566337, 0.073552 ], [ 26.896593, 60.566423, 0.073545 ] ] ] ] } },
{ "type": "Feature", "properties": { "address": "S71" }, "geometry": { "type": "MultiPolygon", "coordinates": [ [ [ [ 26.896645, 60.566337, 0.073552 ], [ 26.89682, 60.566362, 0.073552 ], [ 26.896872, 60.566276, 0.073559 ], [ 26.896696, 60.566251, 0.073559 ], [ 26.896645, 60.566337, 0.073552 ] ] ] ] } },
{ "type": "Feature", "properties": { "address": "S66" }, "geometry": { "type": "MultiPolygon", "coordinates": [ [ [ [ 26.896418, 60.566397, 0.073545 ], [ 26.896593, 60.566423, 0.073545 ], [ 26.896645, 60.566337, 0.073552 ], [ 26.89647, 60.566311, 0.073552 ], [ 26.896418, 60.566397, 0.073545 ] ] ] ] } },
{ "type": "Feature", "properties": { "address": "S60" }, "geometry": { "type": "MultiPolygon", "coordinates": [ [ [ [ 26.896367, 60.566484, 0.073538 ], [ 26.896542, 60.566509, 0.073538 ], [ 26.896593, 60.566423, 0.073545 ], [ 26.896418, 60.566397, 0.073545 ], [ 26.896367, 60.566484, 0.073538 ] ] ] ] } },
{ "type": "Feature", "properties": { "address": "S59" }, "geometry": { "type": "MultiPolygon", "coordinates": [ [ [ [ 26.896192, 60.566458, 0.073538 ], [ 26.896367, 60.566484, 0.073538 ], [ 26.896418, 60.566397, 0.073545 ], [ 26.896243, 60.566372, 0.073544 ], [ 26.896192, 60.566458, 0.073538 ] ] ] ] } },
{ "type": "Feature", "properties": { "address": "S103" }, "geometry": { "type": "MultiPolygon", "coordinates": [ [ [ [ 26.897129, 60.565845, 0.073593 ], [ 26.897304, 60.56587, 0.073594 ], [ 26.897356, 60.565784, 0.0736 ], [ 26.897181, 60.565759, 0.0736 ], [ 26.897129, 60.565845, 0.073593 ] ] ] ] } },
{ "type": "Feature", "properties": { "address": "S62" }, "geometry": { "type": "MultiPolygon", "coordinates": [ [ [ [ 26.896717, 60.566534, 0.073539 ], [ 26.896892, 60.56656, 0.073539 ], [ 26.896943, 60.566474, 0.073546 ], [ 26.896768, 60.566448, 0.073546 ], [ 26.896717, 60.566534, 0.073539 ] ] ] ] } },
{ "type": "Feature", "properties": { "address": "S65" }, "geometry": { "type": "MultiPolygon", "coordinates": [ [ [ [ 26.896243, 60.566372, 0.073544 ], [ 26.896418, 60.566397, 0.073545 ], [ 26.89647, 60.566311, 0.073552 ], [ 26.896295, 60.566286, 0.073551 ], [ 26.896243, 60.566372, 0.073544 ] ] ] ] } },
{ "type": "Feature", "properties": { "address": "S108" }, "geometry": { "type": "MultiPolygon", "coordinates": [ [ [ [ 26.896934, 60.565536, 0.07362 ], [ 26.896759, 60.56551, 0.073619 ], [ 26.896707, 60.565597, 0.073609 ], [ 26.896882, 60.565622, 0.073609 ], [ 26.896934, 60.565536, 0.07362 ] ] ] ] } },
{ "type": "Feature", "properties": { "address": "S107" }, "geometry": { "type": "MultiPolygon", "coordinates": [ [ [ [ 26.896759, 60.56551, 0.073619 ], [ 26.896584, 60.565485, 0.073619 ], [ 26.896532, 60.565571, 0.073609 ], [ 26.896707, 60.565597, 0.073609 ], [ 26.896759, 60.56551, 0.073619 ] ] ] ] } },
{ "type": "Feature", "properties": { "address": "S109" }, "geometry": { "type": "MultiPolygon", "coordinates": [ [ [ [ 26.89681, 60.565424, 0.07363 ], [ 26.896635, 60.565399, 0.073629 ], [ 26.896584, 60.565485, 0.073619 ], [ 26.896759, 60.56551, 0.073619 ], [ 26.89681, 60.565424, 0.07363 ] ] ] ] } },
{ "type": "Feature", "properties": { "address": "S110" }, "geometry": { "type": "MultiPolygon", "coordinates": [ [ [ [ 26.896687, 60.565313, 0.07364 ], [ 26.896512, 60.565287, 0.073639 ], [ 26.89646, 60.565374, 0.073629 ], [ 26.896635, 60.565399, 0.073629 ], [ 26.896687, 60.565313, 0.07364 ] ] ] ] } },
{ "type": "Feature", "properties": { "address": "S87" }, "geometry": { "type": "MultiPolygon", "coordinates": [ [ [ [ 26.89715, 60.566129, 0.073573 ], [ 26.897325, 60.566154, 0.073574 ], [ 26.897376, 60.566068, 0.07358 ], [ 26.897201, 60.566043, 0.07358 ], [ 26.89715, 60.566129, 0.073573 ] ] ] ] } },
{ "type": "Feature", "properties": { "address": "S82" }, "geometry": { "type": "MultiPolygon", "coordinates": [ [ [ [ 26.897098, 60.566215, 0.073566 ], [ 26.897273, 60.56624, 0.073567 ], [ 26.897325, 60.566154, 0.073574 ], [ 26.89715, 60.566129, 0.073573 ], [ 26.897098, 60.566215, 0.073566 ] ] ] ] } },
{ "type": "Feature", "properties": { "address": "S77" }, "geometry": { "type": "MultiPolygon", "coordinates": [ [ [ [ 26.897047, 60.566301, 0.07356 ], [ 26.897222, 60.566327, 0.07356 ], [ 26.897273, 60.56624, 0.073567 ], [ 26.897098, 60.566215, 0.073566 ], [ 26.897047, 60.566301, 0.07356 ] ] ] ] } },
{ "type": "Feature", "properties": { "address": "S73" }, "geometry": { "type": "MultiPolygon", "coordinates": [ [ [ [ 26.896995, 60.566387, 0.073553 ], [ 26.89717, 60.566413, 0.073553 ], [ 26.897222, 60.566327, 0.07356 ], [ 26.897047, 60.566301, 0.07356 ], [ 26.896995, 60.566387, 0.073553 ] ] ] ] } },
{ "type": "Feature", "properties": { "address": "S69" }, "geometry": { "type": "MultiPolygon", "coordinates": [ [ [ [ 26.896943, 60.566474, 0.073546 ], [ 26.897119, 60.566499, 0.073546 ], [ 26.89717, 60.566413, 0.073553 ], [ 26.896995, 60.566387, 0.073553 ], [ 26.896943, 60.566474, 0.073546 ] ] ] ] } },
{ "type": "Feature", "properties": { "address": "S63" }, "geometry": { "type": "MultiPolygon", "coordinates": [ [ [ [ 26.896892, 60.56656, 0.073539 ], [ 26.897067, 60.566585, 0.07354 ], [ 26.897119, 60.566499, 0.073546 ], [ 26.896943, 60.566474, 0.073546 ], [ 26.896892, 60.56656, 0.073539 ] ] ] ] } },
{ "type": "Feature", "properties": { "address": "S64" }, "geometry": { "type": "MultiPolygon", "coordinates": [ [ [ [ 26.897067, 60.566585, 0.07354 ], [ 26.897242, 60.56661, 0.07354 ], [ 26.897294, 60.566524, 0.073547 ], [ 26.897119, 60.566499, 0.073546 ], [ 26.897067, 60.566585, 0.07354 ] ] ] ] } },
{ "type": "Feature", "properties": { "address": "S93" }, "geometry": { "type": "MultiPolygon", "coordinates": [ [ [ [ 26.897201, 60.566043, 0.07358 ], [ 26.897376, 60.566068, 0.07358 ], [ 26.897428, 60.565982, 0.073587 ], [ 26.897253, 60.565957, 0.073587 ], [ 26.897201, 60.566043, 0.07358 ] ] ] ] } },
{ "type": "Feature", "properties": { "address": "S111" }, "geometry": { "type": "MultiPolygon", "coordinates": [ [ [ [ 26.897761, 60.566928, 0.073525 ], [ 26.897933, 60.566957, 0.073525 ], [ 26.897993, 60.566873, 0.073525 ], [ 26.897821, 60.566843, 0.073525 ], [ 26.897761, 60.566928, 0.073525 ] ] ] ] } },
{ "type": "Feature", "properties": { "address": "S21" }, "geometry": { "type": "MultiPolygon", "coordinates": [ [ [ [ 26.895987, 60.567778, 0.073525 ], [ 26.896169, 60.567782, 0.073525 ], [ 26.896177, 60.567692, 0.073525 ], [ 26.895995, 60.567688, 0.073525 ], [ 26.895987, 60.567778, 0.073525 ] ] ] ] } },
{ "type": "Feature", "properties": { "address": "S22" }, "geometry": { "type": "MultiPolygon", "coordinates": [ [ [ [ 26.895995, 60.567688, 0.073525 ], [ 26.896177, 60.567692, 0.073525 ], [ 26.896184, 60.567602, 0.073525 ], [ 26.896002, 60.567599, 0.073525 ], [ 26.895995, 60.567688, 0.073525 ] ] ] ] } },
{ "type": "Feature", "properties": { "address": "S23" }, "geometry": { "type": "MultiPolygon", "coordinates": [ [ [ [ 26.896002, 60.567599, 0.073525 ], [ 26.896184, 60.567602, 0.073525 ], [ 26.896192, 60.567512, 0.073525 ], [ 26.896009, 60.567509, 0.073525 ], [ 26.896002, 60.567599, 0.073525 ] ] ] ] } },
{ "type": "Feature", "properties": { "address": "S24" }, "geometry": { "type": "MultiPolygon", "coordinates": [ [ [ [ 26.896009, 60.567509, 0.073525 ], [ 26.896192, 60.567512, 0.073525 ], [ 26.896199, 60.567423, 0.073525 ], [ 26.896017, 60.567419, 0.073525 ], [ 26.896009, 60.567509, 0.073525 ] ] ] ] } },
{ "type": "Feature", "properties": { "address": "S25" }, "geometry": { "type": "MultiPolygon", "coordinates": [ [ [ [ 26.896017, 60.567419, 0.073525 ], [ 26.896199, 60.567423, 0.073525 ], [ 26.896206, 60.567333, 0.073525 ], [ 26.896024, 60.567329, 0.073525 ], [ 26.896017, 60.567419, 0.073525 ] ] ] ] } },
{ "type": "Feature", "properties": { "address": "S26" }, "geometry": { "type": "MultiPolygon", "coordinates": [ [ [ [ 26.896024, 60.567329, 0.073525 ], [ 26.896206, 60.567333, 0.073525 ], [ 26.896214, 60.567243, 0.073525 ], [ 26.896032, 60.56724, 0.073525 ], [ 26.896024, 60.567329, 0.073525 ] ] ] ] } },
{ "type": "Feature", "properties": { "address": "S189" }, "geometry": { "type": "MultiPolygon", "coordinates": [ [ [ [ 26.898488, 60.564937, 0.073525 ], [ 26.898661, 60.564966, 0.073525 ], [ 26.898721, 60.564882, 0.073525 ], [ 26.898549, 60.564852, 0.073525 ], [ 26.898488, 60.564937, 0.073525 ] ] ] ] } },
{ "type": "Feature", "properties": { "address": "S192" }, "geometry": { "type": "MultiPolygon", "coordinates": [ [ [ [ 26.898549, 60.564852, 0.073525 ], [ 26.898721, 60.564882, 0.073525 ], [ 26.898782, 60.564797, 0.073525 ], [ 26.89861, 60.564767, 0.073525 ], [ 26.898549, 60.564852, 0.073525 ] ] ] ] } },
{ "type": "Feature", "properties": { "address": "S186" }, "geometry": { "type": "MultiPolygon", "coordinates": [ [ [ [ 26.898428, 60.565021, 0.073525 ], [ 26.8986, 60.565051, 0.073525 ], [ 26.898661, 60.564966, 0.073525 ], [ 26.898488, 60.564937, 0.073525 ], [ 26.898428, 60.565021, 0.073525 ] ] ] ] } },
{ "type": "Feature", "properties": { "address": "S196" }, "geometry": { "type": "MultiPolygon", "coordinates": [ [ [ [ 26.899711, 60.564924, 0.073525 ], [ 26.899867, 60.564971, 0.073525 ], [ 26.899962, 60.564894, 0.073525 ], [ 26.899807, 60.564847, 0.073525 ], [ 26.899711, 60.564924, 0.073525 ] ] ] ] } },
{ "type": "Feature", "properties": { "address": "S197" }, "geometry": { "type": "MultiPolygon", "coordinates": [ [ [ [ 26.899807, 60.564847, 0.073525 ], [ 26.899962, 60.564894, 0.073525 ], [ 26.900058, 60.564818, 0.073525 ], [ 26.899903, 60.564771, 0.073525 ], [ 26.899807, 60.564847, 0.073525 ] ] ] ] } },
{ "type": "Feature", "properties": { "address": "S198" }, "geometry": { "type": "MultiPolygon", "coordinates": [ [ [ [ 26.899903, 60.564771, 0.073525 ], [ 26.900058, 60.564818, 0.073525 ], [ 26.900154, 60.564741, 0.073525 ], [ 26.899998, 60.564694, 0.073525 ], [ 26.899903, 60.564771, 0.073525 ] ] ] ] } },
{ "type": "Feature", "properties": { "address": "S199" }, "geometry": { "type": "MultiPolygon", "coordinates": [ [ [ [ 26.899998, 60.564694, 0.073525 ], [ 26.900154, 60.564741, 0.073525 ], [ 26.900249, 60.564665, 0.073525 ], [ 26.900094, 60.564618, 0.073525 ], [ 26.899998, 60.564694, 0.073525 ] ] ] ] } },
{ "type": "Feature", "properties": { "address": "S114" }, "geometry": { "type": "MultiPolygon", "coordinates": [ [ [ [ 26.898165, 60.566903, 0.073525 ], [ 26.898338, 60.566932, 0.073525 ], [ 26.898398, 60.566848, 0.073525 ], [ 26.898226, 60.566818, 0.073525 ], [ 26.898165, 60.566903, 0.073525 ] ] ] ] } },
{ "type": "Feature", "properties": { "address": "S118" }, "geometry": { "type": "MultiPolygon", "coordinates": [ [ [ [ 26.898226, 60.566818, 0.073525 ], [ 26.898398, 60.566848, 0.073525 ], [ 26.898459, 60.566763, 0.073525 ], [ 26.898287, 60.566733, 0.073525 ], [ 26.898226, 60.566818, 0.073525 ] ] ] ] } },
{ "type": "Feature", "properties": { "address": "S121" }, "geometry": { "type": "MultiPolygon", "coordinates": [ [ [ [ 26.898287, 60.566733, 0.073525 ], [ 26.898459, 60.566763, 0.073525 ], [ 26.898519, 60.566678, 0.073525 ], [ 26.898347, 60.566648, 0.073525 ], [ 26.898287, 60.566733, 0.073525 ] ] ] ] } },
{ "type": "Feature", "properties": { "address": "S145" }, "geometry": { "type": "MultiPolygon", "coordinates": [ [ [ [ 26.89848, 60.566211, 0.073525 ], [ 26.898656, 60.566235, 0.073525 ], [ 26.898706, 60.566149, 0.073525 ], [ 26.89853, 60.566124, 0.073525 ], [ 26.89848, 60.566211, 0.073525 ] ] ] ] } },
{ "type": "Feature", "properties": { "address": "S144" }, "geometry": { "type": "MultiPolygon", "coordinates": [ [ [ [ 26.898305, 60.566186, 0.073525 ], [ 26.89848, 60.566211, 0.073525 ], [ 26.89853, 60.566124, 0.073525 ], [ 26.898355, 60.5661, 0.073525 ], [ 26.898305, 60.566186, 0.073525 ] ] ] ] } },
{ "type": "Feature", "properties": { "address": "S150" }, "geometry": { "type": "MultiPolygon", "coordinates": [ [ [ [ 26.898228, 60.565844, 0.073525 ], [ 26.8984, 60.565873, 0.073525 ], [ 26.89846, 60.565789, 0.073525 ], [ 26.898288, 60.565759, 0.073525 ], [ 26.898228, 60.565844, 0.073525 ] ] ] ] } },
{ "type": "Feature", "properties": { "address": "S160" }, "geometry": { "type": "MultiPolygon", "coordinates": [ [ [ [ 26.898349, 60.565674, 0.073525 ], [ 26.898521, 60.565704, 0.073525 ], [ 26.898581, 60.565619, 0.073525 ], [ 26.898409, 60.565589, 0.073525 ], [ 26.898349, 60.565674, 0.073525 ] ] ] ] } },
{ "type": "Feature", "properties": { "address": "S163" }, "geometry": { "type": "MultiPolygon", "coordinates": [ [ [ [ 26.898409, 60.565589, 0.073525 ], [ 26.898581, 60.565619, 0.073525 ], [ 26.898642, 60.565534, 0.073525 ], [ 26.89847, 60.565505, 0.073525 ], [ 26.898409, 60.565589, 0.073525 ] ] ] ] } },
{ "type": "Feature", "properties": { "address": "S166" }, "geometry": { "type": "MultiPolygon", "coordinates": [ [ [ [ 26.89847, 60.565505, 0.073525 ], [ 26.898642, 60.565534, 0.073525 ], [ 26.898702, 60.56545, 0.073525 ], [ 26.89853, 60.56542, 0.073525 ], [ 26.89847, 60.565505, 0.073525 ] ] ] ] } },
{ "type": "Feature", "properties": { "address": "S155" }, "geometry": { "type": "MultiPolygon", "coordinates": [ [ [ [ 26.898288, 60.565759, 0.073525 ], [ 26.89846, 60.565789, 0.073525 ], [ 26.898521, 60.565704, 0.073525 ], [ 26.898349, 60.565674, 0.073525 ], [ 26.898288, 60.565759, 0.073525 ] ] ] ] } },
{ "type": "Feature", "properties": { "address": "S170" }, "geometry": { "type": "MultiPolygon", "coordinates": [ [ [ [ 26.89853, 60.56542, 0.073525 ], [ 26.898702, 60.56545, 0.073525 ], [ 26.898763, 60.565365, 0.073525 ], [ 26.898591, 60.565335, 0.073525 ], [ 26.89853, 60.56542, 0.073525 ] ] ] ] } },
{ "type": "Feature", "properties": { "address": "S174" }, "geometry": { "type": "MultiPolygon", "coordinates": [ [ [ [ 26.898419, 60.565305, 0.073525 ], [ 26.898591, 60.565335, 0.073525 ], [ 26.898651, 60.56525, 0.073525 ], [ 26.898479, 60.565221, 0.073525 ], [ 26.898419, 60.565305, 0.073525 ] ] ] ] } },
{ "type": "Feature", "properties": { "address": "S169" }, "geometry": { "type": "MultiPolygon", "coordinates": [ [ [ [ 26.898358, 60.56539, 0.073525 ], [ 26.89853, 60.56542, 0.073525 ], [ 26.898591, 60.565335, 0.073525 ], [ 26.898419, 60.565305, 0.073525 ], [ 26.898358, 60.56539, 0.073525 ] ] ] ] } },
{ "type": "Feature", "properties": { "address": "S159" }, "geometry": { "type": "MultiPolygon", "coordinates": [ [ [ [ 26.898176, 60.565644, 0.073525 ], [ 26.898349, 60.565674, 0.073525 ], [ 26.898409, 60.565589, 0.073525 ], [ 26.898237, 60.56556, 0.073525 ], [ 26.898176, 60.565644, 0.073525 ] ] ] ] } },
{ "type": "Feature", "properties": { "address": "S154" }, "geometry": { "type": "MultiPolygon", "coordinates": [ [ [ [ 26.898116, 60.565729, 0.073525 ], [ 26.898288, 60.565759, 0.073525 ], [ 26.898349, 60.565674, 0.073525 ], [ 26.898176, 60.565644, 0.073525 ], [ 26.898116, 60.565729, 0.073525 ] ] ] ] } },
{ "type": "Feature", "properties": { "address": "S158" }, "geometry": { "type": "MultiPolygon", "coordinates": [ [ [ [ 26.898004, 60.565615, 0.073525 ], [ 26.898176, 60.565644, 0.073525 ], [ 26.898237, 60.56556, 0.073525 ], [ 26.898065, 60.56553, 0.073525 ], [ 26.898004, 60.565615, 0.073525 ] ] ] ] } },
{ "type": "Feature", "properties": { "address": "S153" }, "geometry": { "type": "MultiPolygon", "coordinates": [ [ [ [ 26.897944, 60.565699, 0.073525 ], [ 26.898116, 60.565729, 0.073525 ], [ 26.898176, 60.565644, 0.073525 ], [ 26.898004, 60.565615, 0.073525 ], [ 26.897944, 60.565699, 0.073525 ] ] ] ] } },
{ "type": "Feature", "properties": { "address": "S191" }, "geometry": { "type": "MultiPolygon", "coordinates": [ [ [ [ 26.898833, 60.564996, 0.073525 ], [ 26.899005, 60.565026, 0.073525 ], [ 26.899065, 60.564941, 0.073525 ], [ 26.898893, 60.564911, 0.073525 ], [ 26.898833, 60.564996, 0.073525 ] ] ] ] } },
{ "type": "Feature", "properties": { "address": "S57" }, "geometry": { "type": "MultiPolygon", "coordinates": [ [ [ [ 26.896491, 60.566595, -0.000007 ], [ 26.896666, 60.566621, -0.000007 ], [ 26.896717, 60.566534, 0.0 ], [ 26.896542, 60.566509, -0.0 ], [ 26.896491, 60.566595, -0.000007 ] ] ] ] } },
{ "type": "Feature", "properties": { "address": "S56" }, "geometry": { "type": "MultiPolygon", "coordinates": [ [ [ [ 26.896316, 60.56657, -0.000008 ], [ 26.896491, 60.566595, -0.000007 ], [ 26.896542, 60.566509, -0.0 ], [ 26.896367, 60.566484, -0.000001 ], [ 26.896316, 60.56657, -0.000008 ] ] ] ] } },
{ "type": "Feature", "properties": { "address": "S52" }, "geometry": { "type": "MultiPolygon", "coordinates": [ [ [ [ 26.896439, 60.566681, -0.000014 ], [ 26.896614, 60.566707, -0.000014 ], [ 26.896666, 60.566621, -0.000007 ], [ 26.896491, 60.566595, -0.000007 ], [ 26.896439, 60.566681, -0.000014 ] ] ] ] } },
{ "type": "Feature", "properties": { "address": "S51" }, "geometry": { "type": "MultiPolygon", "coordinates": [ [ [ [ 26.896264, 60.566656, -0.000014 ], [ 26.896439, 60.566681, -0.000014 ], [ 26.896491, 60.566595, -0.000007 ], [ 26.896316, 60.56657, -0.000008 ], [ 26.896264, 60.566656, -0.000014 ] ] ] ] } },
{ "type": "Feature", "properties": { "address": "S55" }, "geometry": { "type": "MultiPolygon", "coordinates": [ [ [ [ 26.896141, 60.566545, -0.073547 ], [ 26.896316, 60.56657, -0.073546 ], [ 26.896367, 60.566484, -0.07354 ], [ 26.896192, 60.566458, -0.07354 ], [ 26.896141, 60.566545, -0.073547 ] ] ] ] } },
{ "type": "Feature", "properties": { "address": "S58" }, "geometry": { "type": "MultiPolygon", "coordinates": [ [ [ [ 26.896666, 60.566621, -0.073546 ], [ 26.896841, 60.566646, -0.073545 ], [ 26.896893, 60.56656, -0.073538 ], [ 26.896717, 60.566534, -0.073539 ], [ 26.896666, 60.566621, -0.073546 ] ] ] ] } },
{ "type": "Feature", "properties": { "address": "S14" }, "geometry": { "type": "MultiPolygon", "coordinates": [ [ [ [ 26.896436, 60.567508, -0.036886 ], [ 26.896588, 60.567557, -0.036886 ], [ 26.89669, 60.567483, -0.036886 ], [ 26.896538, 60.567433, -0.036886 ], [ 26.896436, 60.567508, -0.036886 ] ] ] ] } },
{ "type": "Feature", "properties": { "address": "S6" }, "geometry": { "type": "MultiPolygon", "coordinates": [ [ [ [ 26.896284, 60.567781, -0.036886 ], [ 26.896435, 60.567831, -0.036886 ], [ 26.896537, 60.567757, -0.036886 ], [ 26.896385, 60.567707, -0.036886 ], [ 26.896284, 60.567781, -0.036886 ] ] ] ] } },
{ "type": "Feature", "properties": { "address": "S7" }, "geometry": { "type": "MultiPolygon", "coordinates": [ [ [ [ 26.896435, 60.567831, -0.036886 ], [ 26.896587, 60.567881, -0.036886 ], [ 26.896688, 60.567807, -0.036886 ], [ 26.896537, 60.567757, -0.036886 ], [ 26.896435, 60.567831, -0.036886 ] ] ] ] } },
{ "type": "Feature", "properties": { "address": "S34" }, "geometry": { "type": "MultiPolygon", "coordinates": [ [ [ [ 26.896516, 60.567134, 0.0 ], [ 26.896668, 60.567184, 0.0 ], [ 26.89677, 60.56711, 0.0 ], [ 26.896618, 60.56706, 0.0 ], [ 26.896516, 60.567134, 0.0 ] ] ] ] } },
{ "type": "Feature", "properties": { "address": "S33" }, "geometry": { "type": "MultiPolygon", "coordinates": [ [ [ [ 26.896365, 60.567084, 0.0 ], [ 26.896516, 60.567134, 0.0 ], [ 26.896618, 60.56706, 0.0 ], [ 26.896466, 60.56701, 0.0 ], [ 26.896365, 60.567084, 0.0 ] ] ] ] } },
{ "type": "Feature", "properties": { "address": "S30" }, "geometry": { "type": "MultiPolygon", "coordinates": [ [ [ [ 26.896339, 60.567184, 0.0 ], [ 26.896491, 60.567234, 0.0 ], [ 26.896592, 60.567159, 0.0 ], [ 26.896441, 60.567109, 0.0 ], [ 26.896339, 60.567184, 0.0 ] ] ] ] } },
{ "type": "Feature", "properties": { "address": "S29" }, "geometry": { "type": "MultiPolygon", "coordinates": [ [ [ [ 26.896188, 60.567134, 0.0 ], [ 26.896339, 60.567184, 0.0 ], [ 26.896441, 60.567109, 0.0 ], [ 26.896289, 60.567059, 0.0 ], [ 26.896188, 60.567134, 0.0 ] ] ] ] } },
{ "type": "Feature", "properties": { "address": "S28" }, "geometry": { "type": "MultiPolygon", "coordinates": [ [ [ [ 26.896036, 60.567084, 0.0 ], [ 26.896188, 60.567134, 0.0 ], [ 26.896289, 60.567059, 0.0 ], [ 26.896137, 60.567009, 0.0 ], [ 26.896036, 60.567084, 0.0 ] ] ] ] } },
{ "type": "Feature", "properties": { "address": "S27" }, "geometry": { "type": "MultiPolygon", "coordinates": [ [ [ [ 26.896238, 60.567259, 0.0 ], [ 26.896389, 60.567309, 0.0 ], [ 26.896491, 60.567234, 0.0 ], [ 26.896339, 60.567184, 0.0 ], [ 26.896238, 60.567259, 0.0 ] ] ] ] } },
{ "type": "Feature", "properties": { "address": "S32" }, "geometry": { "type": "MultiPolygon", "coordinates": [ [ [ [ 26.896213, 60.567034, 0.0 ], [ 26.896365, 60.567084, 0.0 ], [ 26.896466, 60.56701, 0.0 ], [ 26.896315, 60.56696, 0.0 ], [ 26.896213, 60.567034, 0.0 ] ] ] ] } },
{ "type": "Feature", "properties": { "address": "S31" }, "geometry": { "type": "MultiPolygon", "coordinates": [ [ [ [ 26.896062, 60.566984, 0.0 ], [ 26.896213, 60.567034, 0.0 ], [ 26.896315, 60.566959, 0.0 ], [ 26.896163, 60.566909, 0.0 ], [ 26.896062, 60.566984, 0.0 ] ] ] ] } },
{ "type": "Feature", "properties": { "address": "S37" }, "geometry": { "type": "MultiPolygon", "coordinates": [ [ [ [ 26.896315, 60.566961, 0.0 ], [ 26.896466, 60.56701, 0.0 ], [ 26.896568, 60.566936, 0.0 ], [ 26.896416, 60.566886, 0.0 ], [ 26.896315, 60.566961, 0.0 ] ] ] ] } },
{ "type": "Feature", "properties": { "address": "S40" }, "geometry": { "type": "MultiPolygon", "coordinates": [ [ [ [ 26.896417, 60.566886, 0.0 ], [ 26.896569, 60.566936, 0.0 ], [ 26.89667, 60.566861, 0.0 ], [ 26.896519, 60.566811, 0.0 ], [ 26.896417, 60.566886, 0.0 ] ] ] ] } },
{ "type": "Feature", "properties": { "address": "S46" }, "geometry": { "type": "MultiPolygon", "coordinates": [ [ [ [ 26.896388, 60.566768, -0.000021 ], [ 26.896563, 60.566793, -0.00002 ], [ 26.896614, 60.566707, -0.000014 ], [ 26.896439, 60.566681, -0.000014 ], [ 26.896388, 60.566768, -0.000021 ] ] ] ] } },
{ "type": "Feature", "properties": { "address": "S45" }, "geometry": { "type": "MultiPolygon", "coordinates": [ [ [ [ 26.896212, 60.566742, -0.000021 ], [ 26.896388, 60.566768, -0.000021 ], [ 26.896439, 60.566681, -0.000014 ], [ 26.896264, 60.566656, -0.000014 ], [ 26.896212, 60.566742, -0.000021 ] ] ] ] } },
{ "type": "Feature", "properties": { "address": "S11" }, "geometry": { "type": "MultiPolygon", "coordinates": [ [ [ [ 26.896334, 60.567582, -0.073773 ], [ 26.896486, 60.567632, -0.073773 ], [ 26.896587, 60.567557, -0.073773 ], [ 26.896436, 60.567507, -0.073773 ], [ 26.896334, 60.567582, -0.073773 ] ] ] ] } },
{ "type": "Feature", "properties": { "address": "S8" }, "geometry": { "type": "MultiPolygon", "coordinates": [ [ [ [ 26.896233, 60.567657, -0.073773 ], [ 26.896384, 60.567707, -0.073773 ], [ 26.896486, 60.567632, -0.073773 ], [ 26.896334, 60.567582, -0.073773 ], [ 26.896233, 60.567657, -0.073773 ] ] ] ] } },
{ "type": "Feature", "properties": { "address": "S149" }, "geometry": { "type": "MultiPolygon", "coordinates": [ [ [ [ 26.898055, 60.565814, 0.073525 ], [ 26.898228, 60.565844, 0.073525 ], [ 26.898288, 60.565759, 0.073525 ], [ 26.898116, 60.565729, 0.073525 ], [ 26.898055, 60.565814, 0.073525 ] ] ] ] } },
{ "type": "Feature", "properties": { "address": "T55" }, "geometry": { "type": "MultiPolygon", "coordinates": [ [ [ [ 26.892966, 60.57035, -0.000025 ], [ 26.893143, 60.570413, -0.000034 ], [ 26.893271, 60.570326, -0.000038 ], [ 26.893094, 60.570263, -0.000029 ], [ 26.892966, 60.57035, -0.000025 ] ] ] ] } },
{ "type": "Feature", "properties": { "address": "T56" }, "geometry": { "type": "MultiPolygon", "coordinates": [ [ [ [ 26.893143, 60.570413, -0.000034 ], [ 26.89332, 60.570477, -0.000042 ], [ 26.893449, 60.570389, -0.000046 ], [ 26.893271, 60.570326, -0.000038 ], [ 26.893143, 60.570413, -0.000034 ] ] ] ] } },
{ "type": "Feature", "properties": { "address": "T57" }, "geometry": { "type": "MultiPolygon", "coordinates": [ [ [ [ 26.89332, 60.570477, -0.000042 ], [ 26.893497, 60.57054, -0.00005 ], [ 26.893626, 60.570453, -0.000054 ], [ 26.893449, 60.570389, -0.000046 ], [ 26.89332, 60.570477, -0.000042 ] ] ] ] } },
{ "type": "Feature", "properties": { "address": "T58" }, "geometry": { "type": "MultiPolygon", "coordinates": [ [ [ [ 26.893497, 60.57054, -0.00005 ], [ 26.893675, 60.570603, -0.000059 ], [ 26.893803, 60.570516, -0.000063 ], [ 26.893626, 60.570453, -0.000054 ], [ 26.893497, 60.57054, -0.00005 ] ] ] ] } },
{ "type": "Feature", "properties": { "address": "T86" }, "geometry": { "type": "MultiPolygon", "coordinates": [ [ [ [ 26.894188, 60.570254, -0.000061 ], [ 26.894011, 60.570191, -0.000053 ], [ 26.893883, 60.570278, -0.000053 ], [ 26.89406, 60.570341, -0.000062 ], [ 26.894188, 60.570254, -0.000061 ] ] ] ] } },
{ "type": "Feature", "properties": { "address": "T85" }, "geometry": { "type": "MultiPolygon", "coordinates": [ [ [ [ 26.894011, 60.570191, -0.000053 ], [ 26.893834, 60.570128, -0.000045 ], [ 26.893705, 60.570215, -0.000045 ], [ 26.893883, 60.570278, -0.000053 ], [ 26.894011, 60.570191, -0.000053 ] ] ] ] } },
{ "type": "Feature", "properties": { "address": "T77" }, "geometry": { "type": "MultiPolygon", "coordinates": [ [ [ [ 26.89406, 60.570341, -0.000062 ], [ 26.893883, 60.570278, -0.000053 ], [ 26.893754, 60.570365, -0.000054 ], [ 26.893931, 60.570429, -0.000062 ], [ 26.89406, 60.570341, -0.000062 ] ] ] ] } },
{ "type": "Feature", "properties": { "address": "T74" }, "geometry": { "type": "MultiPolygon", "coordinates": [ [ [ [ 26.893528, 60.570152, -0.000037 ], [ 26.893351, 60.570089, -0.000028 ], [ 26.893223, 60.570176, -0.000029 ], [ 26.8934, 60.570239, -0.000037 ], [ 26.893528, 60.570152, -0.000037 ] ] ] ] } },
{ "type": "Feature", "properties": { "address": "T75" }, "geometry": { "type": "MultiPolygon", "coordinates": [ [ [ [ 26.893705, 60.570215, -0.000045 ], [ 26.893528, 60.570152, -0.000037 ], [ 26.8934, 60.570239, -0.000037 ], [ 26.893577, 60.570302, -0.000045 ], [ 26.893705, 60.570215, -0.000045 ] ] ] ] } },
{ "type": "Feature", "properties": { "address": "T67" }, "geometry": { "type": "MultiPolygon", "coordinates": [ [ [ [ 26.893754, 60.570365, -0.000054 ], [ 26.893577, 60.570302, -0.000045 ], [ 26.893449, 60.570389, -0.000046 ], [ 26.893626, 60.570453, -0.000054 ], [ 26.893754, 60.570365, -0.000054 ] ] ] ] } },
{ "type": "Feature", "properties": { "address": "T76" }, "geometry": { "type": "MultiPolygon", "coordinates": [ [ [ [ 26.893883, 60.570278, -0.000053 ], [ 26.893705, 60.570215, -0.000045 ], [ 26.893577, 60.570302, -0.000045 ], [ 26.893754, 60.570365, -0.000054 ], [ 26.893883, 60.570278, -0.000053 ] ] ] ] } },
{ "type": "Feature", "properties": { "address": "T83" }, "geometry": { "type": "MultiPolygon", "coordinates": [ [ [ [ 26.893657, 60.570065, -0.000036 ], [ 26.893479, 60.570001, -0.000028 ], [ 26.893351, 60.570089, -0.000028 ], [ 26.893528, 60.570152, -0.000037 ], [ 26.893657, 60.570065, -0.000036 ] ] ] ] } },
{ "type": "Feature", "properties": { "address": "T84" }, "geometry": { "type": "MultiPolygon", "coordinates": [ [ [ [ 26.893834, 60.570128, -0.000045 ], [ 26.893657, 60.570065, -0.000036 ], [ 26.893528, 60.570152, -0.000037 ], [ 26.893705, 60.570215, -0.000045 ], [ 26.893834, 60.570128, -0.000045 ] ] ] ] } },
{ "type": "Feature", "properties": { "address": "T94" }, "geometry": { "type": "MultiPolygon", "coordinates": [ [ [ [ 26.894139, 60.570104, -0.000053 ], [ 26.893962, 60.570041, -0.000044 ], [ 26.893834, 60.570128, -0.000045 ], [ 26.894011, 60.570191, -0.000053 ], [ 26.894139, 60.570104, -0.000053 ] ] ] ] } },
{ "type": "Feature", "properties": { "address": "T93" }, "geometry": { "type": "MultiPolygon", "coordinates": [ [ [ [ 26.893962, 60.570041, -0.000044 ], [ 26.893785, 60.569977, -0.000036 ], [ 26.893657, 60.570065, -0.000036 ], [ 26.893834, 60.570128, -0.000045 ], [ 26.893962, 60.570041, -0.000044 ] ] ] ] } },
{ "type": "Feature", "properties": { "address": "T92" }, "geometry": { "type": "MultiPolygon", "coordinates": [ [ [ [ 26.893785, 60.569977, -0.000036 ], [ 26.893608, 60.569914, -0.000028 ], [ 26.893479, 60.570001, -0.000028 ], [ 26.893657, 60.570065, -0.000036 ], [ 26.893785, 60.569977, -0.000036 ] ] ] ] } },
{ "type": "Feature", "properties": { "address": "T68" }, "geometry": { "type": "MultiPolygon", "coordinates": [ [ [ [ 26.893931, 60.570429, -0.000062 ], [ 26.893754, 60.570365, -0.000054 ], [ 26.893626, 60.570453, -0.000054 ], [ 26.893803, 60.570516, -0.000063 ], [ 26.893931, 60.570429, -0.000062 ] ] ] ] } },
{ "type": "Feature", "properties": { "address": "T66" }, "geometry": { "type": "MultiPolygon", "coordinates": [ [ [ [ 26.893577, 60.570302, -0.000045 ], [ 26.8934, 60.570239, -0.000037 ], [ 26.893271, 60.570326, -0.000038 ], [ 26.893449, 60.570389, -0.000046 ], [ 26.893577, 60.570302, -0.000045 ] ] ] ] } },
{ "type": "Feature", "properties": { "address": "T107" }, "geometry": { "type": "MultiPolygon", "coordinates": [ [ [ [ 26.893972, 60.5698, -0.000035 ], [ 26.893795, 60.569737, -0.000027 ], [ 26.893666, 60.569824, -0.000027 ], [ 26.893844, 60.569887, -0.000035 ], [ 26.893972, 60.5698, -0.000035 ] ] ] ] } },
{ "type": "Feature", "properties": { "address": "T108" }, "geometry": { "type": "MultiPolygon", "coordinates": [ [ [ [ 26.8941, 60.569713, -0.000035 ], [ 26.893923, 60.569649, -0.000026 ], [ 26.893795, 60.569737, -0.000027 ], [ 26.893972, 60.5698, -0.000035 ], [ 26.8941, 60.569713, -0.000035 ] ] ] ] } },
{ "type": "Feature", "properties": { "address": "T128" }, "geometry": { "type": "MultiPolygon", "coordinates": [ [ [ [ 26.894607, 60.569469, 0.0 ], [ 26.89442, 60.569413, 0.0 ], [ 26.894306, 60.569505, -0.000001 ], [ 26.894493, 60.569561, -0.000001 ], [ 26.894607, 60.569469, 0.0 ] ] ] ] } },
{ "type": "Feature", "properties": { "address": "T65" }, "geometry": { "type": "MultiPolygon", "coordinates": [ [ [ [ 26.8934, 60.570239, -0.000037 ], [ 26.893223, 60.570176, -0.000029 ], [ 26.893094, 60.570263, -0.000029 ], [ 26.893271, 60.570326, -0.000038 ], [ 26.8934, 60.570239, -0.000037 ] ] ] ] } },
{ "type": "Feature", "properties": { "address": "T129" }, "geometry": { "type": "MultiPolygon", "coordinates": [ [ [ [ 26.89442, 60.569413, 0.0 ], [ 26.894607, 60.569469, 0.0 ], [ 26.89472, 60.569378, 0.0 ], [ 26.894533, 60.569321, 0.0 ], [ 26.89442, 60.569413, 0.0 ] ] ] ] } },
{ "type": "Feature", "properties": { "address": "T130" }, "geometry": { "type": "MultiPolygon", "coordinates": [ [ [ [ 26.894533, 60.569321, 0.0 ], [ 26.89472, 60.569378, 0.0 ], [ 26.894834, 60.569286, 0.0 ], [ 26.894647, 60.56923, 0.0 ], [ 26.894533, 60.569321, 0.0 ] ] ] ] } },
{ "type": "Feature", "properties": { "address": "T106" }, "geometry": { "type": "MultiPolygon", "coordinates": [ [ [ [ 26.895015, 60.569853, -0.036884 ], [ 26.89508, 60.56975, -0.036884 ], [ 26.894871, 60.569718, -0.036885 ], [ 26.894806, 60.569821, -0.036885 ], [ 26.895015, 60.569853, -0.036884 ] ] ] ] } },
{ "type": "Feature", "properties": { "address": "T105" }, "geometry": { "type": "MultiPolygon", "coordinates": [ [ [ [ 26.89495, 60.569956, -0.036884 ], [ 26.895015, 60.569853, -0.036884 ], [ 26.894806, 60.569821, -0.036885 ], [ 26.894741, 60.569924, -0.036885 ], [ 26.89495, 60.569956, -0.036884 ] ] ] ] } },
{ "type": "Feature", "properties": { "address": "T104" }, "geometry": { "type": "MultiPolygon", "coordinates": [ [ [ [ 26.894886, 60.570059, -0.036884 ], [ 26.89495, 60.569956, -0.036884 ], [ 26.894741, 60.569924, -0.036885 ], [ 26.894677, 60.570027, -0.036885 ], [ 26.894886, 60.570059, -0.036884 ] ] ] ] } },
{ "type": "Feature", "properties": { "address": "T103" }, "geometry": { "type": "MultiPolygon", "coordinates": [ [ [ [ 26.894821, 60.570162, -0.036884 ], [ 26.894886, 60.570059, -0.036884 ], [ 26.894677, 60.570027, -0.036885 ], [ 26.894612, 60.57013, -0.036885 ], [ 26.894821, 60.570162, -0.036884 ] ] ] ] } },
{ "type": "Feature", "properties": { "address": "T102" }, "geometry": { "type": "MultiPolygon", "coordinates": [ [ [ [ 26.894756, 60.570265, -0.036884 ], [ 26.894821, 60.570162, -0.036884 ], [ 26.894612, 60.57013, -0.036885 ], [ 26.894547, 60.570233, -0.036885 ], [ 26.894756, 60.570265, -0.036884 ] ] ] ] } },
{ "type": "Feature", "properties": { "address": "T101" }, "geometry": { "type": "MultiPolygon", "coordinates": [ [ [ [ 26.894691, 60.570367, -0.036884 ], [ 26.894756, 60.570265, -0.036884 ], [ 26.894547, 60.570233, -0.036885 ], [ 26.894482, 60.570336, -0.036885 ], [ 26.894691, 60.570367, -0.036884 ] ] ] ] } },
{ "type": "Feature", "properties": { "address": "T1" }, "geometry": { "type": "MultiPolygon", "coordinates": [ [ [ [ 26.894149, 60.571489, -0.000066 ], [ 26.894217, 60.571387, -0.00007 ], [ 26.894009, 60.571353, -0.000069 ], [ 26.893941, 60.571456, -0.000065 ], [ 26.894149, 60.571489, -0.000066 ] ] ] ] } },
{ "type": "Feature", "properties": { "address": "T2" }, "geometry": { "type": "MultiPolygon", "coordinates": [ [ [ [ 26.894217, 60.571387, -0.00007 ], [ 26.894286, 60.571285, -0.000075 ], [ 26.894078, 60.571251, -0.000073 ], [ 26.894009, 60.571353, -0.000069 ], [ 26.894217, 60.571387, -0.00007 ] ] ] ] } },
{ "type": "Feature", "properties": { "address": "T3" }, "geometry": { "type": "MultiPolygon", "coordinates": [ [ [ [ 26.894286, 60.571285, -0.000075 ], [ 26.894354, 60.571183, -0.000079 ], [ 26.894147, 60.571149, -0.000077 ], [ 26.894078, 60.571251, -0.000073 ], [ 26.894286, 60.571285, -0.000075 ] ] ] ] } },
{ "type": "Feature", "properties": { "address": "T46" }, "geometry": { "type": "MultiPolygon", "coordinates": [ [ [ [ 26.893022, 60.570451, -0.000052 ], [ 26.892894, 60.570538, -0.000048 ], [ 26.893071, 60.570601, -0.000052 ], [ 26.8932, 60.570514, -0.000056 ], [ 26.893022, 60.570451, -0.000052 ] ] ] ] } },
{ "type": "Feature", "properties": { "address": "T4" }, "geometry": { "type": "MultiPolygon", "coordinates": [ [ [ [ 26.893602, 60.571192, -0.000059 ], [ 26.893517, 60.571291, -0.000055 ], [ 26.893719, 60.571332, -0.00006 ], [ 26.893804, 60.571233, -0.000064 ], [ 26.893602, 60.571192, -0.000059 ] ] ] ] } },
{ "type": "Feature", "properties": { "address": "T5" }, "geometry": { "type": "MultiPolygon", "coordinates": [ [ [ [ 26.893686, 60.571092, -0.000063 ], [ 26.893602, 60.571192, -0.000059 ], [ 26.893804, 60.571233, -0.000064 ], [ 26.893888, 60.571134, -0.000069 ], [ 26.893686, 60.571092, -0.000063 ] ] ] ] } },
{ "type": "Feature", "properties": { "address": "T6" }, "geometry": { "type": "MultiPolygon", "coordinates": [ [ [ [ 26.893771, 60.570993, -0.000068 ], [ 26.893686, 60.571092, -0.000063 ], [ 26.893888, 60.571134, -0.000069 ], [ 26.893973, 60.571034, -0.000073 ], [ 26.893771, 60.570993, -0.000068 ] ] ] ] } },
{ "type": "Feature", "properties": { "address": "T48" }, "geometry": { "type": "MultiPolygon", "coordinates": [ [ [ [ 26.893377, 60.570577, -0.000061 ], [ 26.893248, 60.570664, -0.000056 ], [ 26.893426, 60.570728, -0.00006 ], [ 26.893554, 60.57064, -0.000065 ], [ 26.893377, 60.570577, -0.000061 ] ] ] ] } },
{ "type": "Feature", "properties": { "address": "T38" }, "geometry": { "type": "MultiPolygon", "coordinates": [ [ [ [ 26.893248, 60.570664, -0.000056 ], [ 26.89312, 60.570752, -0.000052 ], [ 26.893297, 60.570815, -0.000056 ], [ 26.893426, 60.570728, -0.00006 ], [ 26.893248, 60.570664, -0.000056 ] ] ] ] } },
{ "type": "Feature", "properties": { "address": "T29" }, "geometry": { "type": "MultiPolygon", "coordinates": [ [ [ [ 26.89312, 60.570752, -0.000052 ], [ 26.892992, 60.570839, -0.000047 ], [ 26.893169, 60.570902, -0.000052 ], [ 26.893297, 60.570815, -0.000056 ], [ 26.89312, 60.570752, -0.000052 ] ] ] ] } },
{ "type": "Feature", "properties": { "address": "T19" }, "geometry": { "type": "MultiPolygon", "coordinates": [ [ [ [ 26.892992, 60.570839, -0.000047 ], [ 26.892863, 60.570926, -0.000043 ], [ 26.893041, 60.570989, -0.000047 ], [ 26.893169, 60.570902, -0.000052 ], [ 26.892992, 60.570839, -0.000047 ] ] ] ] } },
{ "type": "Feature", "properties": { "address": "T47" }, "geometry": { "type": "MultiPolygon", "coordinates": [ [ [ [ 26.8932, 60.570514, -0.000056 ], [ 26.893071, 60.570601, -0.000052 ], [ 26.893248, 60.570664, -0.000056 ], [ 26.893377, 60.570577, -0.000061 ], [ 26.8932, 60.570514, -0.000056 ] ] ] ] } },
{ "type": "Feature", "properties": { "address": "T37" }, "geometry": { "type": "MultiPolygon", "coordinates": [ [ [ [ 26.893071, 60.570601, -0.000052 ], [ 26.892943, 60.570689, -0.000047 ], [ 26.89312, 60.570752, -0.000052 ], [ 26.893248, 60.570664, -0.000056 ], [ 26.893071, 60.570601, -0.000052 ] ] ] ] } },
{ "type": "Feature", "properties": { "address": "T12" }, "geometry": { "type": "MultiPolygon", "coordinates": [ [ [ [ 26.892863, 60.570926, -0.000043 ], [ 26.892735, 60.571013, -0.000038 ], [ 26.892912, 60.571077, -0.000043 ], [ 26.893041, 60.570989, -0.000047 ], [ 26.892863, 60.570926, -0.000043 ] ] ] ] } },
{ "type": "Feature", "properties": { "address": "T11" }, "geometry": { "type": "MultiPolygon", "coordinates": [ [ [ [ 26.892686, 60.570863, -0.000038 ], [ 26.892558, 60.57095, -0.000034 ], [ 26.892735, 60.571013, -0.000038 ], [ 26.892863, 60.570926, -0.000043 ], [ 26.892686, 60.570863, -0.000038 ] ] ] ] } },
{ "type": "Feature", "properties": { "address": "T10" }, "geometry": { "type": "MultiPolygon", "coordinates": [ [ [ [ 26.892509, 60.5708, -0.000034 ], [ 26.892381, 60.570887, -0.00003 ], [ 26.892558, 60.57095, -0.000034 ], [ 26.892686, 60.570863, -0.000038 ], [ 26.892509, 60.5708, -0.000034 ] ] ] ] } },
{ "type": "Feature", "properties": { "address": "T16" }, "geometry": { "type": "MultiPolygon", "coordinates": [ [ [ [ 26.89246, 60.570649, -0.000034 ], [ 26.892332, 60.570737, -0.00003 ], [ 26.892509, 60.5708, -0.000034 ], [ 26.892637, 60.570713, -0.000039 ], [ 26.89246, 60.570649, -0.000034 ] ] ] ] } },
{ "type": "Feature", "properties": { "address": "T17" }, "geometry": { "type": "MultiPolygon", "coordinates": [ [ [ [ 26.892637, 60.570713, -0.000039 ], [ 26.892509, 60.5708, -0.000034 ], [ 26.892686, 60.570863, -0.000038 ], [ 26.892814, 60.570776, -0.000043 ], [ 26.892637, 60.570713, -0.000039 ] ] ] ] } },
{ "type": "Feature", "properties": { "address": "T18" }, "geometry": { "type": "MultiPolygon", "coordinates": [ [ [ [ 26.892814, 60.570776, -0.000043 ], [ 26.892686, 60.570863, -0.000038 ], [ 26.892863, 60.570926, -0.000043 ], [ 26.892992, 60.570839, -0.000047 ], [ 26.892814, 60.570776, -0.000043 ] ] ] ] } },
{ "type": "Feature", "properties": { "address": "T28" }, "geometry": { "type": "MultiPolygon", "coordinates": [ [ [ [ 26.892943, 60.570689, -0.000047 ], [ 26.892814, 60.570776, -0.000043 ], [ 26.892992, 60.570839, -0.000047 ], [ 26.89312, 60.570752, -0.000052 ], [ 26.892943, 60.570689, -0.000047 ] ] ] ] } },
{ "type": "Feature", "properties": { "address": "T27" }, "geometry": { "type": "MultiPolygon", "coordinates": [ [ [ [ 26.892766, 60.570625, -0.000043 ], [ 26.892637, 60.570713, -0.000039 ], [ 26.892814, 60.570776, -0.000043 ], [ 26.892943, 60.570689, -0.000047 ], [ 26.892766, 60.570625, -0.000043 ] ] ] ] } },
{ "type": "Feature", "properties": { "address": "T26" }, "geometry": { "type": "MultiPolygon", "coordinates": [ [ [ [ 26.892588, 60.570562, -0.000039 ], [ 26.89246, 60.570649, -0.000034 ], [ 26.892637, 60.570713, -0.000039 ], [ 26.892766, 60.570625, -0.000043 ], [ 26.892588, 60.570562, -0.000039 ] ] ] ] } },
{ "type": "Feature", "properties": { "address": "T36" }, "geometry": { "type": "MultiPolygon", "coordinates": [ [ [ [ 26.892717, 60.570475, -0.000043 ], [ 26.892588, 60.570562, -0.000039 ], [ 26.892766, 60.570625, -0.000043 ], [ 26.892894, 60.570538, -0.000048 ], [ 26.892717, 60.570475, -0.000043 ] ] ] ] } },
{ "type": "Feature", "properties": { "address": "T45" }, "geometry": { "type": "MultiPolygon", "coordinates": [ [ [ [ 26.892845, 60.570388, -0.000048 ], [ 26.892717, 60.570475, -0.000043 ], [ 26.892894, 60.570538, -0.000048 ], [ 26.893022, 60.570451, -0.000052 ], [ 26.892845, 60.570388, -0.000048 ] ] ] ] } },
{ "type": "Feature", "properties": { "address": "T9" }, "geometry": { "type": "MultiPolygon", "coordinates": [ [ [ [ 26.892332, 60.570737, -0.00003 ], [ 26.892203, 60.570824, -0.000025 ], [ 26.892381, 60.570887, -0.00003 ], [ 26.892509, 60.5708, -0.000034 ], [ 26.892332, 60.570737, -0.00003 ] ] ] ] } },
{ "type": "Feature", "properties": { "address": "T175" }, "geometry": { "type": "MultiPolygon", "coordinates": [ [ [ [ 26.894114, 60.568838, 0.000003 ], [ 26.893955, 60.568795, 0.000002 ], [ 26.893866, 60.568873, 0.000002 ], [ 26.894025, 60.568917, 0.000002 ], [ 26.894114, 60.568838, 0.000003 ] ] ] ] } },
{ "type": "Feature", "properties": { "address": "T174" }, "geometry": { "type": "MultiPolygon", "coordinates": [ [ [ [ 26.893955, 60.568795, 0.000002 ], [ 26.893796, 60.568751, 0.000002 ], [ 26.893707, 60.568829, 0.000002 ], [ 26.893866, 60.568873, 0.000002 ], [ 26.893955, 60.568795, 0.000002 ] ] ] ] } },
{ "type": "Feature", "properties": { "address": "T164" }, "geometry": { "type": "MultiPolygon", "coordinates": [ [ [ [ 26.893866, 60.568873, 0.000002 ], [ 26.893707, 60.568829, 0.000002 ], [ 26.893617, 60.568907, 0.000002 ], [ 26.893776, 60.568951, 0.000002 ], [ 26.893866, 60.568873, 0.000002 ] ] ] ] } },
{ "type": "Feature", "properties": { "address": "T165" }, "geometry": { "type": "MultiPolygon", "coordinates": [ [ [ [ 26.894025, 60.568917, 0.000002 ], [ 26.893866, 60.568873, 0.000002 ], [ 26.893776, 60.568951, 0.000002 ], [ 26.893936, 60.568995, 0.000002 ], [ 26.894025, 60.568917, 0.000002 ] ] ] ] } },
{ "type": "Feature", "properties": { "address": "T154" }, "geometry": { "type": "MultiPolygon", "coordinates": [ [ [ [ 26.893776, 60.568951, 0.000002 ], [ 26.893617, 60.568907, 0.000002 ], [ 26.893528, 60.568985, 0.000001 ], [ 26.893687, 60.569029, 0.000001 ], [ 26.893776, 60.568951, 0.000002 ] ] ] ] } },
{ "type": "Feature", "properties": { "address": "T155" }, "geometry": { "type": "MultiPolygon", "coordinates": [ [ [ [ 26.893936, 60.568995, 0.000002 ], [ 26.893776, 60.568951, 0.000002 ], [ 26.893687, 60.569029, 0.000001 ], [ 26.893846, 60.569073, 0.000001 ], [ 26.893936, 60.568995, 0.000002 ] ] ] ] } },
{ "type": "Feature", "properties": { "address": "T144" }, "geometry": { "type": "MultiPolygon", "coordinates": [ [ [ [ 26.893687, 60.569029, 0.000001 ], [ 26.893528, 60.568985, 0.000001 ], [ 26.893439, 60.569064, 0.000001 ], [ 26.893598, 60.569108, 0.000001 ], [ 26.893687, 60.569029, 0.000001 ] ] ] ] } },
{ "type": "Feature", "properties": { "address": "T145" }, "geometry": { "type": "MultiPolygon", "coordinates": [ [ [ [ 26.893846, 60.569073, 0.000001 ], [ 26.893687, 60.569029, 0.000001 ], [ 26.893598, 60.569108, 0.000001 ], [ 26.893757, 60.569152, 0.000001 ], [ 26.893846, 60.569073, 0.000001 ] ] ] ] } },
{ "type": "Feature", "properties": { "address": "T135" }, "geometry": { "type": "MultiPolygon", "coordinates": [ [ [ [ 26.893598, 60.569108, 0.000001 ], [ 26.893439, 60.569064, 0.000001 ], [ 26.893349, 60.569142, 0.0 ], [ 26.893508, 60.569186, 0.000001 ], [ 26.893598, 60.569108, 0.000001 ] ] ] ] } },
{ "type": "Feature", "properties": { "address": "T136" }, "geometry": { "type": "MultiPolygon", "coordinates": [ [ [ [ 26.893757, 60.569152, 0.000001 ], [ 26.893598, 60.569108, 0.000001 ], [ 26.893508, 60.569186, 0.000001 ], [ 26.893667, 60.56923, 0.000001 ], [ 26.893757, 60.569152, 0.000001 ] ] ] ] } },
{ "type": "Feature", "properties": { "address": "T166" }, "geometry": { "type": "MultiPolygon", "coordinates": [ [ [ [ 26.894184, 60.568961, 0.000002 ], [ 26.894025, 60.568917, 0.000002 ], [ 26.893936, 60.568995, 0.000002 ], [ 26.894095, 60.569039, 0.000002 ], [ 26.894184, 60.568961, 0.000002 ] ] ] ] } },
{ "type": "Feature", "properties": { "address": "T156" }, "geometry": { "type": "MultiPolygon", "coordinates": [ [ [ [ 26.894095, 60.569039, 0.000002 ], [ 26.893936, 60.568995, 0.000002 ], [ 26.893846, 60.569073, 0.000001 ], [ 26.894005, 60.569117, 0.000002 ], [ 26.894095, 60.569039, 0.000002 ] ] ] ] } },
{ "type": "Feature", "properties": { "address": "T146" }, "geometry": { "type": "MultiPolygon", "coordinates": [ [ [ [ 26.894005, 60.569117, 0.000002 ], [ 26.893846, 60.569073, 0.000001 ], [ 26.893757, 60.569152, 0.000001 ], [ 26.893916, 60.569196, 0.000001 ], [ 26.894005, 60.569117, 0.000002 ] ] ] ] } },
{ "type": "Feature", "properties": { "address": "T137" }, "geometry": { "type": "MultiPolygon", "coordinates": [ [ [ [ 26.893916, 60.569196, 0.000001 ], [ 26.893757, 60.569152, 0.000001 ], [ 26.893667, 60.56923, 0.000001 ], [ 26.893827, 60.569274, 0.000001 ], [ 26.893916, 60.569196, 0.000001 ] ] ] ] } },
{ "type": "Feature", "properties": { "address": "T157" }, "geometry": { "type": "MultiPolygon", "coordinates": [ [ [ [ 26.894254, 60.569083, 0.000002 ], [ 26.894095, 60.569039, 0.000002 ], [ 26.894005, 60.569117, 0.000002 ], [ 26.894164, 60.569161, 0.000002 ], [ 26.894254, 60.569083, 0.000002 ] ] ] ] } },
{ "type": "Feature", "properties": { "address": "T147" }, "geometry": { "type": "MultiPolygon", "coordinates": [ [ [ [ 26.894164, 60.569161, 0.000002 ], [ 26.894005, 60.569117, 0.000002 ], [ 26.893916, 60.569196, 0.000001 ], [ 26.894075, 60.56924, 0.000001 ], [ 26.894164, 60.569161, 0.000002 ] ] ] ] } },
{ "type": "Feature", "properties": { "address": "T138" }, "geometry": { "type": "MultiPolygon", "coordinates": [ [ [ [ 26.894075, 60.56924, 0.000001 ], [ 26.893916, 60.569196, 0.000001 ], [ 26.893827, 60.569274, 0.000001 ], [ 26.893986, 60.569318, 0.000001 ], [ 26.894075, 60.56924, 0.000001 ] ] ] ] } },
{ "type": "Feature", "properties": { "address": "T148" }, "geometry": { "type": "MultiPolygon", "coordinates": [ [ [ [ 26.894324, 60.569205, 0.000002 ], [ 26.894164, 60.569161, 0.000002 ], [ 26.894075, 60.56924, 0.000001 ], [ 26.894234, 60.569284, 0.000001 ], [ 26.894324, 60.569205, 0.000002 ] ] ] ] } },
{ "type": "Feature", "properties": { "address": "T139" }, "geometry": { "type": "MultiPolygon", "coordinates": [ [ [ [ 26.894234, 60.569284, 0.000001 ], [ 26.894075, 60.56924, 0.000001 ], [ 26.893986, 60.569318, 0.000001 ], [ 26.894145, 60.569362, 0.000001 ], [ 26.894234, 60.569284, 0.000001 ] ] ] ] } },
{ "type": "Feature", "properties": { "address": "T134" }, "geometry": { "type": "MultiPolygon", "coordinates": [ [ [ [ 26.893439, 60.569064, 0.000001 ], [ 26.89328, 60.56902, 0.000001 ], [ 26.89319, 60.569098, 0.0 ], [ 26.893349, 60.569142, 0.0 ], [ 26.893439, 60.569064, 0.000001 ] ] ] ] } },
{ "type": "Feature", "properties": { "address": "T143" }, "geometry": { "type": "MultiPolygon", "coordinates": [ [ [ [ 26.893528, 60.568985, 0.000001 ], [ 26.893369, 60.568941, 0.000001 ], [ 26.89328, 60.56902, 0.000001 ], [ 26.893439, 60.569064, 0.000001 ], [ 26.893528, 60.568985, 0.000001 ] ] ] ] } },
{ "type": "Feature", "properties": { "address": "T153" }, "geometry": { "type": "MultiPolygon", "coordinates": [ [ [ [ 26.893617, 60.568907, 0.000002 ], [ 26.893458, 60.568863, 0.000001 ], [ 26.893369, 60.568941, 0.000001 ], [ 26.893528, 60.568985, 0.000001 ], [ 26.893617, 60.568907, 0.000002 ] ] ] ] } },
{ "type": "Feature", "properties": { "address": "T163" }, "geometry": { "type": "MultiPolygon", "coordinates": [ [ [ [ 26.893707, 60.568829, 0.000002 ], [ 26.893548, 60.568785, 0.000002 ], [ 26.893458, 60.568863, 0.000001 ], [ 26.893617, 60.568907, 0.000002 ], [ 26.893707, 60.568829, 0.000002 ] ] ] ] } },
{ "type": "Feature", "properties": { "address": "T173" }, "geometry": { "type": "MultiPolygon", "coordinates": [ [ [ [ 26.893796, 60.568751, 0.000002 ], [ 26.893637, 60.568707, 0.000002 ], [ 26.893548, 60.568785, 0.000002 ], [ 26.893707, 60.568829, 0.000002 ], [ 26.893796, 60.568751, 0.000002 ] ] ] ] } },
{ "type": "Feature", "properties": { "address": "T133" }, "geometry": { "type": "MultiPolygon", "coordinates": [ [ [ [ 26.89328, 60.56902, 0.000001 ], [ 26.89312, 60.568976, 0.0 ], [ 26.893031, 60.569054, 0.0 ], [ 26.89319, 60.569098, 0.0 ], [ 26.89328, 60.56902, 0.000001 ] ] ] ] } },
{ "type": "Feature", "properties": { "address": "T142" }, "geometry": { "type": "MultiPolygon", "coordinates": [ [ [ [ 26.893369, 60.568941, 0.000001 ], [ 26.89321, 60.568897, 0.000001 ], [ 26.89312, 60.568976, 0.0 ], [ 26.89328, 60.56902, 0.000001 ], [ 26.893369, 60.568941, 0.000001 ] ] ] ] } },
{ "type": "Feature", "properties": { "address": "T152" }, "geometry": { "type": "MultiPolygon", "coordinates": [ [ [ [ 26.893458, 60.568863, 0.000001 ], [ 26.893299, 60.568819, 0.000001 ], [ 26.89321, 60.568897, 0.000001 ], [ 26.893369, 60.568941, 0.000001 ], [ 26.893458, 60.568863, 0.000001 ] ] ] ] } },
{ "type": "Feature", "properties": { "address": "T162" }, "geometry": { "type": "MultiPolygon", "coordinates": [ [ [ [ 26.893548, 60.568785, 0.000002 ], [ 26.893389, 60.568741, 0.000002 ], [ 26.893299, 60.568819, 0.000001 ], [ 26.893458, 60.568863, 0.000001 ], [ 26.893548, 60.568785, 0.000002 ] ] ] ] } },
{ "type": "Feature", "properties": { "address": "T172" }, "geometry": { "type": "MultiPolygon", "coordinates": [ [ [ [ 26.893637, 60.568707, 0.000002 ], [ 26.893478, 60.568663, 0.000002 ], [ 26.893389, 60.568741, 0.000002 ], [ 26.893548, 60.568785, 0.000002 ], [ 26.893637, 60.568707, 0.000002 ] ] ] ] } },
{ "type": "Feature", "properties": { "address": "T181" }, "geometry": { "type": "MultiPolygon", "coordinates": [ [ [ [ 26.893726, 60.568628, 0.000003 ], [ 26.893567, 60.568584, 0.000002 ], [ 26.893478, 60.568663, 0.000002 ], [ 26.893637, 60.568707, 0.000002 ], [ 26.893726, 60.568628, 0.000003 ] ] ] ] } },
{ "type": "Feature", "properties": { "address": "T132" }, "geometry": { "type": "MultiPolygon", "coordinates": [ [ [ [ 26.89312, 60.568976, 0.0 ], [ 26.892961, 60.568932, 0.0 ], [ 26.892872, 60.56901, -0.0 ], [ 26.893031, 60.569054, 0.0 ], [ 26.89312, 60.568976, 0.0 ] ] ] ] } },
{ "type": "Feature", "properties": { "address": "T141" }, "geometry": { "type": "MultiPolygon", "coordinates": [ [ [ [ 26.89321, 60.568897, 0.000001 ], [ 26.893051, 60.568853, 0.000001 ], [ 26.892961, 60.568932, 0.0 ], [ 26.89312, 60.568976, 0.0 ], [ 26.89321, 60.568897, 0.000001 ] ] ] ] } },
{ "type": "Feature", "properties": { "address": "T151" }, "geometry": { "type": "MultiPolygon", "coordinates": [ [ [ [ 26.893299, 60.568819, 0.000001 ], [ 26.89314, 60.568775, 0.000001 ], [ 26.893051, 60.568853, 0.000001 ], [ 26.89321, 60.568897, 0.000001 ], [ 26.893299, 60.568819, 0.000001 ] ] ] ] } },
{ "type": "Feature", "properties": { "address": "T161" }, "geometry": { "type": "MultiPolygon", "coordinates": [ [ [ [ 26.893389, 60.568741, 0.000002 ], [ 26.893229, 60.568697, 0.000002 ], [ 26.89314, 60.568775, 0.000001 ], [ 26.893299, 60.568819, 0.000001 ], [ 26.893389, 60.568741, 0.000002 ] ] ] ] } },
{ "type": "Feature", "properties": { "address": "T171" }, "geometry": { "type": "MultiPolygon", "coordinates": [ [ [ [ 26.893478, 60.568663, 0.000002 ], [ 26.893319, 60.568619, 0.000002 ], [ 26.893229, 60.568697, 0.000002 ], [ 26.893389, 60.568741, 0.000002 ], [ 26.893478, 60.568663, 0.000002 ] ] ] ] } },
{ "type": "Feature", "properties": { "address": "T180" }, "geometry": { "type": "MultiPolygon", "coordinates": [ [ [ [ 26.893567, 60.568584, 0.000002 ], [ 26.893408, 60.56854, 0.000002 ], [ 26.893319, 60.568619, 0.000002 ], [ 26.893478, 60.568663, 0.000002 ], [ 26.893567, 60.568584, 0.000002 ] ] ] ] } },
{ "type": "Feature", "properties": { "address": "T131" }, "geometry": { "type": "MultiPolygon", "coordinates": [ [ [ [ 26.892961, 60.568932, 0.0 ], [ 26.892802, 60.568888, 0.0 ], [ 26.892713, 60.568966, -0.0 ], [ 26.892872, 60.56901, -0.0 ], [ 26.892961, 60.568932, 0.0 ] ] ] ] } },
{ "type": "Feature", "properties": { "address": "T140" }, "geometry": { "type": "MultiPolygon", "coordinates": [ [ [ [ 26.893051, 60.568853, 0.000001 ], [ 26.892892, 60.56881, 0.000001 ], [ 26.892802, 60.568888, 0.0 ], [ 26.892961, 60.568932, 0.0 ], [ 26.893051, 60.568853, 0.000001 ] ] ] ] } },
{ "type": "Feature", "properties": { "address": "T150" }, "geometry": { "type": "MultiPolygon", "coordinates": [ [ [ [ 26.89314, 60.568775, 0.000001 ], [ 26.892981, 60.568731, 0.000001 ], [ 26.892892, 60.56881, 0.000001 ], [ 26.893051, 60.568853, 0.000001 ], [ 26.89314, 60.568775, 0.000001 ] ] ] ] } },
{ "type": "Feature", "properties": { "address": "T160" }, "geometry": { "type": "MultiPolygon", "coordinates": [ [ [ [ 26.893229, 60.568697, 0.000002 ], [ 26.89307, 60.568653, 0.000001 ], [ 26.892981, 60.568731, 0.000001 ], [ 26.89314, 60.568775, 0.000001 ], [ 26.893229, 60.568697, 0.000002 ] ] ] ] } },
{ "type": "Feature", "properties": { "address": "T170" }, "geometry": { "type": "MultiPolygon", "coordinates": [ [ [ [ 26.893319, 60.568619, 0.000002 ], [ 26.89316, 60.568575, 0.000002 ], [ 26.89307, 60.568653, 0.000001 ], [ 26.893229, 60.568697, 0.000002 ], [ 26.893319, 60.568619, 0.000002 ] ] ] ] } },
{ "type": "Feature", "properties": { "address": "T179" }, "geometry": { "type": "MultiPolygon", "coordinates": [ [ [ [ 26.893408, 60.56854, 0.000002 ], [ 26.893249, 60.568496, 0.000002 ], [ 26.89316, 60.568575, 0.000002 ], [ 26.893319, 60.568619, 0.000002 ], [ 26.893408, 60.56854, 0.000002 ] ] ] ] } },
{ "type": "Feature", "properties": { "address": "T149" }, "geometry": { "type": "MultiPolygon", "coordinates": [ [ [ [ 26.892981, 60.568731, 0.000001 ], [ 26.892822, 60.568687, 0.000001 ], [ 26.892732, 60.568766, 0.0 ], [ 26.892892, 60.56881, 0.000001 ], [ 26.892981, 60.568731, 0.000001 ] ] ] ] } },
{ "type": "Feature", "properties": { "address": "T159" }, "geometry": { "type": "MultiPolygon", "coordinates": [ [ [ [ 26.89307, 60.568653, 0.000001 ], [ 26.892911, 60.568609, 0.000001 ], [ 26.892822, 60.568687, 0.000001 ], [ 26.892981, 60.568731, 0.000001 ], [ 26.89307, 60.568653, 0.000001 ] ] ] ] } },
{ "type": "Feature", "properties": { "address": "T169" }, "geometry": { "type": "MultiPolygon", "coordinates": [ [ [ [ 26.89316, 60.568575, 0.000002 ], [ 26.893001, 60.568531, 0.000002 ], [ 26.892911, 60.568609, 0.000001 ], [ 26.89307, 60.568653, 0.000001 ], [ 26.89316, 60.568575, 0.000002 ] ] ] ] } },
{ "type": "Feature", "properties": { "address": "T178" }, "geometry": { "type": "MultiPolygon", "coordinates": [ [ [ [ 26.893249, 60.568496, 0.000002 ], [ 26.89309, 60.568452, 0.000002 ], [ 26.893001, 60.568531, 0.000002 ], [ 26.89316, 60.568575, 0.000002 ], [ 26.893249, 60.568496, 0.000002 ] ] ] ] } },
{ "type": "Feature", "properties": { "address": "T184" }, "geometry": { "type": "MultiPolygon", "coordinates": [ [ [ [ 26.893338, 60.568418, 0.000003 ], [ 26.893179, 60.568374, 0.000002 ], [ 26.89309, 60.568452, 0.000002 ], [ 26.893249, 60.568496, 0.000002 ], [ 26.893338, 60.568418, 0.000003 ] ] ] ] } },
{ "type": "Feature", "properties": { "address": "T158" }, "geometry": { "type": "MultiPolygon", "coordinates": [ [ [ [ 26.892911, 60.568609, 0.000001 ], [ 26.892752, 60.568565, 0.000001 ], [ 26.892663, 60.568643, 0.000001 ], [ 26.892822, 60.568687, 0.000001 ], [ 26.892911, 60.568609, 0.000001 ] ] ] ] } },
{ "type": "Feature", "properties": { "address": "T168" }, "geometry": { "type": "MultiPolygon", "coordinates": [ [ [ [ 26.893001, 60.568531, 0.000002 ], [ 26.892841, 60.568487, 0.000001 ], [ 26.892752, 60.568565, 0.000001 ], [ 26.892911, 60.568609, 0.000001 ], [ 26.893001, 60.568531, 0.000002 ] ] ] ] } },
{ "type": "Feature", "properties": { "address": "T177" }, "geometry": { "type": "MultiPolygon", "coordinates": [ [ [ [ 26.89309, 60.568452, 0.000002 ], [ 26.892931, 60.568408, 0.000002 ], [ 26.892841, 60.568487, 0.000001 ], [ 26.893001, 60.568531, 0.000002 ], [ 26.89309, 60.568452, 0.000002 ] ] ] ] } },
{ "type": "Feature", "properties": { "address": "T183" }, "geometry": { "type": "MultiPolygon", "coordinates": [ [ [ [ 26.893179, 60.568374, 0.000002 ], [ 26.89302, 60.56833, 0.000002 ], [ 26.892931, 60.568408, 0.000002 ], [ 26.89309, 60.568452, 0.000002 ], [ 26.893179, 60.568374, 0.000002 ] ] ] ] } },
{ "type": "Feature", "properties": { "address": "T176" }, "geometry": { "type": "MultiPolygon", "coordinates": [ [ [ [ 26.892931, 60.568408, 0.000002 ], [ 26.892772, 60.568364, 0.000002 ], [ 26.892682, 60.568443, 0.000001 ], [ 26.892841, 60.568487, 0.000001 ], [ 26.892931, 60.568408, 0.000002 ] ] ] ] } },
{ "type": "Feature", "properties": { "address": "T167" }, "geometry": { "type": "MultiPolygon", "coordinates": [ [ [ [ 26.892841, 60.568487, 0.000001 ], [ 26.892682, 60.568443, 0.000001 ], [ 26.892593, 60.568521, 0.000001 ], [ 26.892752, 60.568565, 0.000001 ], [ 26.892841, 60.568487, 0.000001 ] ] ] ] } },
{ "type": "Feature", "properties": { "address": "T182" }, "geometry": { "type": "MultiPolygon", "coordinates": [ [ [ [ 26.89302, 60.56833, 0.000002 ], [ 26.892861, 60.568286, 0.000002 ], [ 26.892772, 60.568364, 0.000002 ], [ 26.892931, 60.568408, 0.000002 ], [ 26.89302, 60.56833, 0.000002 ] ] ] ] } },
{ "type": "Feature", "properties": { "address": "T42" }, "geometry": { "type": "MultiPolygon", "coordinates": [ [ [ [ 26.892113, 60.570044, -0.000052 ], [ 26.891984, 60.570132, -0.000048 ], [ 26.892162, 60.570195, -0.000052 ], [ 26.89229, 60.570108, -0.000056 ], [ 26.892113, 60.570044, -0.000052 ] ] ] ] } },
{ "type": "Feature", "properties": { "address": "T44" }, "geometry": { "type": "MultiPolygon", "coordinates": [ [ [ [ 26.892467, 60.570171, -0.000061 ], [ 26.892339, 60.570258, -0.000056 ], [ 26.892516, 60.570321, -0.00006 ], [ 26.892644, 60.570234, -0.000065 ], [ 26.892467, 60.570171, -0.000061 ] ] ] ] } },
{ "type": "Feature", "properties": { "address": "T35" }, "geometry": { "type": "MultiPolygon", "coordinates": [ [ [ [ 26.892339, 60.570258, -0.000056 ], [ 26.89221, 60.570345, -0.000052 ], [ 26.892388, 60.570408, -0.000056 ], [ 26.892516, 60.570321, -0.00006 ], [ 26.892339, 60.570258, -0.000056 ] ] ] ] } },
{ "type": "Feature", "properties": { "address": "T25" }, "geometry": { "type": "MultiPolygon", "coordinates": [ [ [ [ 26.89221, 60.570345, -0.000052 ], [ 26.892082, 60.570432, -0.000047 ], [ 26.892259, 60.570496, -0.000052 ], [ 26.892388, 60.570408, -0.000056 ], [ 26.89221, 60.570345, -0.000052 ] ] ] ] } },
{ "type": "Feature", "properties": { "address": "T15" }, "geometry": { "type": "MultiPolygon", "coordinates": [ [ [ [ 26.892082, 60.570432, -0.000047 ], [ 26.891954, 60.57052, -0.000043 ], [ 26.892131, 60.570583, -0.000047 ], [ 26.892259, 60.570496, -0.000052 ], [ 26.892082, 60.570432, -0.000047 ] ] ] ] } },
{ "type": "Feature", "properties": { "address": "T43" }, "geometry": { "type": "MultiPolygon", "coordinates": [ [ [ [ 26.89229, 60.570108, -0.000056 ], [ 26.892162, 60.570195, -0.000052 ], [ 26.892339, 60.570258, -0.000056 ], [ 26.892467, 60.570171, -0.000061 ], [ 26.89229, 60.570108, -0.000056 ] ] ] ] } },
{ "type": "Feature", "properties": { "address": "T34" }, "geometry": { "type": "MultiPolygon", "coordinates": [ [ [ [ 26.892162, 60.570195, -0.000052 ], [ 26.892033, 60.570282, -0.000047 ], [ 26.89221, 60.570345, -0.000052 ], [ 26.892339, 60.570258, -0.000056 ], [ 26.892162, 60.570195, -0.000052 ] ] ] ] } },
{ "type": "Feature", "properties": { "address": "T8" }, "geometry": { "type": "MultiPolygon", "coordinates": [ [ [ [ 26.891954, 60.57052, -0.000043 ], [ 26.891825, 60.570607, -0.000038 ], [ 26.892003, 60.57067, -0.000043 ], [ 26.892131, 60.570583, -0.000047 ], [ 26.891954, 60.57052, -0.000043 ] ] ] ] } },
{ "type": "Feature", "properties": { "address": "T24" }, "geometry": { "type": "MultiPolygon", "coordinates": [ [ [ [ 26.892033, 60.570282, -0.000047 ], [ 26.891905, 60.570369, -0.000043 ], [ 26.892082, 60.570432, -0.000047 ], [ 26.89221, 60.570345, -0.000052 ], [ 26.892033, 60.570282, -0.000047 ] ] ] ] } },
{ "type": "Feature", "properties": { "address": "T23" }, "geometry": { "type": "MultiPolygon", "coordinates": [ [ [ [ 26.891856, 60.570219, -0.000043 ], [ 26.891728, 60.570306, -0.000039 ], [ 26.891905, 60.570369, -0.000043 ], [ 26.892033, 60.570282, -0.000047 ], [ 26.891856, 60.570219, -0.000043 ] ] ] ] } },
{ "type": "Feature", "properties": { "address": "T22" }, "geometry": { "type": "MultiPolygon", "coordinates": [ [ [ [ 26.891679, 60.570156, -0.000039 ], [ 26.89155, 60.570243, -0.000034 ], [ 26.891728, 60.570306, -0.000039 ], [ 26.891856, 60.570219, -0.000043 ], [ 26.891679, 60.570156, -0.000039 ] ] ] ] } },
{ "type": "Feature", "properties": { "address": "T32" }, "geometry": { "type": "MultiPolygon", "coordinates": [ [ [ [ 26.891807, 60.570068, -0.000043 ], [ 26.891679, 60.570156, -0.000039 ], [ 26.891856, 60.570219, -0.000043 ], [ 26.891984, 60.570132, -0.000048 ], [ 26.891807, 60.570068, -0.000043 ] ] ] ] } },
{ "type": "Feature", "properties": { "address": "T41" }, "geometry": { "type": "MultiPolygon", "coordinates": [ [ [ [ 26.891936, 60.569981, -0.000048 ], [ 26.891807, 60.570068, -0.000043 ], [ 26.891984, 60.570132, -0.000048 ], [ 26.892113, 60.570044, -0.000052 ], [ 26.891936, 60.569981, -0.000048 ] ] ] ] } },
{ "type": "Feature", "properties": { "address": "T90" }, "geometry": { "type": "MultiPolygon", "coordinates": [ [ [ [ 26.892755, 60.569608, -0.000074 ], [ 26.892626, 60.569695, -0.00007 ], [ 26.892804, 60.569759, -0.000074 ], [ 26.892932, 60.569671, -0.000079 ], [ 26.892755, 60.569608, -0.000074 ] ] ] ] } },
{ "type": "Feature", "properties": { "address": "T64" }, "geometry": { "type": "MultiPolygon", "coordinates": [ [ [ [ 26.892724, 60.569996, -0.00007 ], [ 26.892596, 60.570083, -0.000065 ], [ 26.892773, 60.570147, -0.000069 ], [ 26.892901, 60.570059, -0.000074 ], [ 26.892724, 60.569996, -0.00007 ] ] ] ] } },
{ "type": "Feature", "properties": { "address": "T91" }, "geometry": { "type": "MultiPolygon", "coordinates": [ [ [ [ 26.892932, 60.569671, -0.000079 ], [ 26.892804, 60.569759, -0.000074 ], [ 26.892981, 60.569822, -0.000079 ], [ 26.893109, 60.569735, -0.000083 ], [ 26.892932, 60.569671, -0.000079 ] ] ] ] } },
{ "type": "Feature", "properties": { "address": "T82" }, "geometry": { "type": "MultiPolygon", "coordinates": [ [ [ [ 26.892804, 60.569759, -0.000074 ], [ 26.892675, 60.569846, -0.00007 ], [ 26.892852, 60.569909, -0.000074 ], [ 26.892981, 60.569822, -0.000079 ], [ 26.892804, 60.569759, -0.000074 ] ] ] ] } },
{ "type": "Feature", "properties": { "address": "T54" }, "geometry": { "type": "MultiPolygon", "coordinates": [ [ [ [ 26.892596, 60.570083, -0.000065 ], [ 26.892467, 60.570171, -0.000061 ], [ 26.892644, 60.570234, -0.000065 ], [ 26.892773, 60.570147, -0.000069 ], [ 26.892596, 60.570083, -0.000065 ] ] ] ] } },
{ "type": "Feature", "properties": { "address": "T53" }, "geometry": { "type": "MultiPolygon", "coordinates": [ [ [ [ 26.892418, 60.57002, -0.000061 ], [ 26.89229, 60.570108, -0.000056 ], [ 26.892467, 60.570171, -0.000061 ], [ 26.892596, 60.570083, -0.000065 ], [ 26.892418, 60.57002, -0.000061 ] ] ] ] } },
{ "type": "Feature", "properties": { "address": "T52" }, "geometry": { "type": "MultiPolygon", "coordinates": [ [ [ [ 26.892241, 60.569957, -0.000057 ], [ 26.892113, 60.570044, -0.000052 ], [ 26.89229, 60.570108, -0.000056 ], [ 26.892418, 60.57002, -0.000061 ], [ 26.892241, 60.569957, -0.000057 ] ] ] ] } },
{ "type": "Feature", "properties": { "address": "T61" }, "geometry": { "type": "MultiPolygon", "coordinates": [ [ [ [ 26.892192, 60.569807, -0.000057 ], [ 26.892064, 60.569894, -0.000052 ], [ 26.892241, 60.569957, -0.000057 ], [ 26.89237, 60.56987, -0.000061 ], [ 26.892192, 60.569807, -0.000057 ] ] ] ] } },
{ "type": "Feature", "properties": { "address": "T62" }, "geometry": { "type": "MultiPolygon", "coordinates": [ [ [ [ 26.89237, 60.56987, -0.000061 ], [ 26.892241, 60.569957, -0.000057 ], [ 26.892418, 60.57002, -0.000061 ], [ 26.892547, 60.569933, -0.000065 ], [ 26.89237, 60.56987, -0.000061 ] ] ] ] } },
{ "type": "Feature", "properties": { "address": "T63" }, "geometry": { "type": "MultiPolygon", "coordinates": [ [ [ [ 26.892547, 60.569933, -0.000065 ], [ 26.892418, 60.57002, -0.000061 ], [ 26.892596, 60.570083, -0.000065 ], [ 26.892724, 60.569996, -0.00007 ], [ 26.892547, 60.569933, -0.000065 ] ] ] ] } },
{ "type": "Feature", "properties": { "address": "T72" }, "geometry": { "type": "MultiPolygon", "coordinates": [ [ [ [ 26.892498, 60.569783, -0.000066 ], [ 26.89237, 60.56987, -0.000061 ], [ 26.892547, 60.569933, -0.000065 ], [ 26.892675, 60.569846, -0.00007 ], [ 26.892498, 60.569783, -0.000066 ] ] ] ] } },
{ "type": "Feature", "properties": { "address": "T71" }, "geometry": { "type": "MultiPolygon", "coordinates": [ [ [ [ 26.892321, 60.569719, -0.000061 ], [ 26.892192, 60.569807, -0.000057 ], [ 26.89237, 60.56987, -0.000061 ], [ 26.892498, 60.569783, -0.000066 ], [ 26.892321, 60.569719, -0.000061 ] ] ] ] } },
{ "type": "Feature", "properties": { "address": "T80" }, "geometry": { "type": "MultiPolygon", "coordinates": [ [ [ [ 26.892449, 60.569632, -0.000066 ], [ 26.892321, 60.569719, -0.000061 ], [ 26.892498, 60.569783, -0.000066 ], [ 26.892626, 60.569695, -0.00007 ], [ 26.892449, 60.569632, -0.000066 ] ] ] ] } },
{ "type": "Feature", "properties": { "address": "T89" }, "geometry": { "type": "MultiPolygon", "coordinates": [ [ [ [ 26.892578, 60.569545, -0.00007 ], [ 26.892449, 60.569632, -0.000066 ], [ 26.892626, 60.569695, -0.00007 ], [ 26.892755, 60.569608, -0.000074 ], [ 26.892578, 60.569545, -0.00007 ] ] ] ] } },
{ "type": "Feature", "properties": { "address": "T51" }, "geometry": { "type": "MultiPolygon", "coordinates": [ [ [ [ 26.892064, 60.569894, -0.000052 ], [ 26.891936, 60.569981, -0.000048 ], [ 26.892113, 60.570044, -0.000052 ], [ 26.892241, 60.569957, -0.000057 ], [ 26.892064, 60.569894, -0.000052 ] ] ] ] } },
{ "type": "Feature", "properties": { "address": "T127" }, "geometry": { "type": "MultiPolygon", "coordinates": [ [ [ [ 26.893751, 60.569299, -0.000105 ], [ 26.893623, 60.569386, -0.000101 ], [ 26.8938, 60.569449, -0.000105 ], [ 26.893928, 60.569362, -0.00011 ], [ 26.893751, 60.569299, -0.000105 ] ] ] ] } },
{ "type": "Feature", "properties": { "address": "T125" }, "geometry": { "type": "MultiPolygon", "coordinates": [ [ [ [ 26.893623, 60.569386, -0.000101 ], [ 26.893494, 60.569473, -0.000096 ], [ 26.893672, 60.569536, -0.000101 ], [ 26.8938, 60.569449, -0.000105 ], [ 26.893623, 60.569386, -0.000101 ] ] ] ] } },
{ "type": "Feature", "properties": { "address": "T119" }, "geometry": { "type": "MultiPolygon", "coordinates": [ [ [ [ 26.893494, 60.569473, -0.000096 ], [ 26.893366, 60.56956, -0.000092 ], [ 26.893543, 60.569623, -0.000096 ], [ 26.893672, 60.569536, -0.000101 ], [ 26.893494, 60.569473, -0.000096 ] ] ] ] } },
{ "type": "Feature", "properties": { "address": "T124" }, "geometry": { "type": "MultiPolygon", "coordinates": [ [ [ [ 26.893445, 60.569323, -0.000097 ], [ 26.893317, 60.56941, -0.000092 ], [ 26.893494, 60.569473, -0.000096 ], [ 26.893623, 60.569386, -0.000101 ], [ 26.893445, 60.569323, -0.000097 ] ] ] ] } },
{ "type": "Feature", "properties": { "address": "T99" }, "geometry": { "type": "MultiPolygon", "coordinates": [ [ [ [ 26.89306, 60.569584, -0.000083 ], [ 26.892932, 60.569671, -0.000079 ], [ 26.893109, 60.569735, -0.000083 ], [ 26.893238, 60.569647, -0.000088 ], [ 26.89306, 60.569584, -0.000083 ] ] ] ] } },
{ "type": "Feature", "properties": { "address": "T98" }, "geometry": { "type": "MultiPolygon", "coordinates": [ [ [ [ 26.892883, 60.569521, -0.000079 ], [ 26.892755, 60.569608, -0.000074 ], [ 26.892932, 60.569671, -0.000079 ], [ 26.89306, 60.569584, -0.000083 ], [ 26.892883, 60.569521, -0.000079 ] ] ] ] } },
{ "type": "Feature", "properties": { "address": "T111" }, "geometry": { "type": "MultiPolygon", "coordinates": [ [ [ [ 26.892834, 60.569371, -0.000079 ], [ 26.892706, 60.569458, -0.000075 ], [ 26.892883, 60.569521, -0.000079 ], [ 26.893011, 60.569434, -0.000083 ], [ 26.892834, 60.569371, -0.000079 ] ] ] ] } },
{ "type": "Feature", "properties": { "address": "T112" }, "geometry": { "type": "MultiPolygon", "coordinates": [ [ [ [ 26.893011, 60.569434, -0.000083 ], [ 26.892883, 60.569521, -0.000079 ], [ 26.89306, 60.569584, -0.000083 ], [ 26.893189, 60.569497, -0.000088 ], [ 26.893011, 60.569434, -0.000083 ] ] ] ] } },
{ "type": "Feature", "properties": { "address": "T113" }, "geometry": { "type": "MultiPolygon", "coordinates": [ [ [ [ 26.893189, 60.569497, -0.000088 ], [ 26.89306, 60.569584, -0.000083 ], [ 26.893238, 60.569647, -0.000088 ], [ 26.893366, 60.56956, -0.000092 ], [ 26.893189, 60.569497, -0.000088 ] ] ] ] } },
{ "type": "Feature", "properties": { "address": "T118" }, "geometry": { "type": "MultiPolygon", "coordinates": [ [ [ [ 26.893317, 60.56941, -0.000092 ], [ 26.893189, 60.569497, -0.000088 ], [ 26.893366, 60.56956, -0.000092 ], [ 26.893494, 60.569473, -0.000096 ], [ 26.893317, 60.56941, -0.000092 ] ] ] ] } },
{ "type": "Feature", "properties": { "address": "T117" }, "geometry": { "type": "MultiPolygon", "coordinates": [ [ [ [ 26.89314, 60.569347, -0.000088 ], [ 26.893011, 60.569434, -0.000083 ], [ 26.893189, 60.569497, -0.000088 ], [ 26.893317, 60.56941, -0.000092 ], [ 26.89314, 60.569347, -0.000088 ] ] ] ] } },
{ "type": "Feature", "properties": { "address": "T116" }, "geometry": { "type": "MultiPolygon", "coordinates": [ [ [ [ 26.892963, 60.569283, -0.000084 ], [ 26.892834, 60.569371, -0.000079 ], [ 26.893011, 60.569434, -0.000083 ], [ 26.89314, 60.569347, -0.000088 ], [ 26.892963, 60.569283, -0.000084 ] ] ] ] } },
{ "type": "Feature", "properties": { "address": "T122" }, "geometry": { "type": "MultiPolygon", "coordinates": [ [ [ [ 26.893091, 60.569196, -0.000088 ], [ 26.892963, 60.569283, -0.000084 ], [ 26.89314, 60.569347, -0.000088 ], [ 26.893268, 60.569259, -0.000092 ], [ 26.893091, 60.569196, -0.000088 ] ] ] ] } },
{ "type": "Feature", "properties": { "address": "T97" }, "geometry": { "type": "MultiPolygon", "coordinates": [ [ [ [ 26.892706, 60.569458, -0.000075 ], [ 26.892578, 60.569545, -0.00007 ], [ 26.892755, 60.569608, -0.000074 ], [ 26.892883, 60.569521, -0.000079 ], [ 26.892706, 60.569458, -0.000075 ] ] ] ] } },
{ "type": "Feature", "properties": { "address": "T7" }, "geometry": { "type": "MultiPolygon", "coordinates": [ [ [ [ 26.891245, 60.570267, -0.000026 ], [ 26.891116, 60.570354, -0.000021 ], [ 26.891294, 60.570417, -0.000025 ], [ 26.891422, 60.57033, -0.00003 ], [ 26.891245, 60.570267, -0.000026 ] ] ] ] } },
{ "type": "Feature", "properties": { "address": "T14" }, "geometry": { "type": "MultiPolygon", "coordinates": [ [ [ [ 26.891373, 60.57018, -0.00003 ], [ 26.891245, 60.570267, -0.000026 ], [ 26.891422, 60.57033, -0.00003 ], [ 26.89155, 60.570243, -0.000034 ], [ 26.891373, 60.57018, -0.00003 ] ] ] ] } },
{ "type": "Feature", "properties": { "address": "T21" }, "geometry": { "type": "MultiPolygon", "coordinates": [ [ [ [ 26.891502, 60.570092, -0.000035 ], [ 26.891373, 60.57018, -0.00003 ], [ 26.89155, 60.570243, -0.000034 ], [ 26.891679, 60.570156, -0.000039 ], [ 26.891502, 60.570092, -0.000035 ] ] ] ] } },
{ "type": "Feature", "properties": { "address": "T31" }, "geometry": { "type": "MultiPolygon", "coordinates": [ [ [ [ 26.89163, 60.570005, -0.000039 ], [ 26.891502, 60.570092, -0.000035 ], [ 26.891679, 60.570156, -0.000039 ], [ 26.891807, 60.570068, -0.000043 ], [ 26.89163, 60.570005, -0.000039 ] ] ] ] } },
{ "type": "Feature", "properties": { "address": "T40" }, "geometry": { "type": "MultiPolygon", "coordinates": [ [ [ [ 26.891758, 60.569918, -0.000043 ], [ 26.89163, 60.570005, -0.000039 ], [ 26.891807, 60.570068, -0.000043 ], [ 26.891936, 60.569981, -0.000048 ], [ 26.891758, 60.569918, -0.000043 ] ] ] ] } },
{ "type": "Feature", "properties": { "address": "T50" }, "geometry": { "type": "MultiPolygon", "coordinates": [ [ [ [ 26.891887, 60.569831, -0.000048 ], [ 26.891758, 60.569918, -0.000043 ], [ 26.891936, 60.569981, -0.000048 ], [ 26.892064, 60.569894, -0.000052 ], [ 26.891887, 60.569831, -0.000048 ] ] ] ] } },
{ "type": "Feature", "properties": { "address": "T60" }, "geometry": { "type": "MultiPolygon", "coordinates": [ [ [ [ 26.892015, 60.569744, -0.000052 ], [ 26.891887, 60.569831, -0.000048 ], [ 26.892064, 60.569894, -0.000052 ], [ 26.892192, 60.569807, -0.000057 ], [ 26.892015, 60.569744, -0.000052 ] ] ] ] } },
{ "type": "Feature", "properties": { "address": "T70" }, "geometry": { "type": "MultiPolygon", "coordinates": [ [ [ [ 26.892144, 60.569656, -0.000057 ], [ 26.892015, 60.569744, -0.000052 ], [ 26.892192, 60.569807, -0.000057 ], [ 26.892321, 60.569719, -0.000061 ], [ 26.892144, 60.569656, -0.000057 ] ] ] ] } },
{ "type": "Feature", "properties": { "address": "T79" }, "geometry": { "type": "MultiPolygon", "coordinates": [ [ [ [ 26.892272, 60.569569, -0.000061 ], [ 26.892144, 60.569656, -0.000057 ], [ 26.892321, 60.569719, -0.000061 ], [ 26.892449, 60.569632, -0.000066 ], [ 26.892272, 60.569569, -0.000061 ] ] ] ] } },
{ "type": "Feature", "properties": { "address": "T88" }, "geometry": { "type": "MultiPolygon", "coordinates": [ [ [ [ 26.8924, 60.569482, -0.000066 ], [ 26.892272, 60.569569, -0.000061 ], [ 26.892449, 60.569632, -0.000066 ], [ 26.892578, 60.569545, -0.00007 ], [ 26.8924, 60.569482, -0.000066 ] ] ] ] } },
{ "type": "Feature", "properties": { "address": "T96" }, "geometry": { "type": "MultiPolygon", "coordinates": [ [ [ [ 26.892529, 60.569395, -0.00007 ], [ 26.8924, 60.569482, -0.000066 ], [ 26.892578, 60.569545, -0.00007 ], [ 26.892706, 60.569458, -0.000075 ], [ 26.892529, 60.569395, -0.00007 ] ] ] ] } },
{ "type": "Feature", "properties": { "address": "T110" }, "geometry": { "type": "MultiPolygon", "coordinates": [ [ [ [ 26.892657, 60.569307, -0.000075 ], [ 26.892529, 60.569395, -0.00007 ], [ 26.892706, 60.569458, -0.000075 ], [ 26.892834, 60.569371, -0.000079 ], [ 26.892657, 60.569307, -0.000075 ] ] ] ] } },
{ "type": "Feature", "properties": { "address": "T115" }, "geometry": { "type": "MultiPolygon", "coordinates": [ [ [ [ 26.892785, 60.56922, -0.000079 ], [ 26.892657, 60.569307, -0.000075 ], [ 26.892834, 60.569371, -0.000079 ], [ 26.892963, 60.569283, -0.000084 ], [ 26.892785, 60.56922, -0.000079 ] ] ] ] } },
{ "type": "Feature", "properties": { "address": "T121" }, "geometry": { "type": "MultiPolygon", "coordinates": [ [ [ [ 26.892914, 60.569133, -0.000084 ], [ 26.892785, 60.56922, -0.000079 ], [ 26.892963, 60.569283, -0.000084 ], [ 26.893091, 60.569196, -0.000088 ], [ 26.892914, 60.569133, -0.000084 ] ] ] ] } },
{ "type": "Feature", "properties": { "address": "T123" }, "geometry": { "type": "MultiPolygon", "coordinates": [ [ [ [ 26.893268, 60.569259, -0.000092 ], [ 26.89314, 60.569347, -0.000088 ], [ 26.893317, 60.56941, -0.000092 ], [ 26.893445, 60.569323, -0.000097 ], [ 26.893268, 60.569259, -0.000092 ] ] ] ] } },
{ "type": "Feature", "properties": { "address": "T13" }, "geometry": { "type": "MultiPolygon", "coordinates": [ [ [ [ 26.891196, 60.570116, -0.000026 ], [ 26.891068, 60.570204, -0.000021 ], [ 26.891245, 60.570267, -0.000026 ], [ 26.891373, 60.57018, -0.00003 ], [ 26.891196, 60.570116, -0.000026 ] ] ] ] } },
{ "type": "Feature", "properties": { "address": "T20" }, "geometry": { "type": "MultiPolygon", "coordinates": [ [ [ [ 26.891324, 60.570029, -0.00003 ], [ 26.891196, 60.570116, -0.000026 ], [ 26.891373, 60.57018, -0.00003 ], [ 26.891502, 60.570092, -0.000035 ], [ 26.891324, 60.570029, -0.00003 ] ] ] ] } },
{ "type": "Feature", "properties": { "address": "T30" }, "geometry": { "type": "MultiPolygon", "coordinates": [ [ [ [ 26.891453, 60.569942, -0.000035 ], [ 26.891324, 60.570029, -0.00003 ], [ 26.891502, 60.570092, -0.000035 ], [ 26.89163, 60.570005, -0.000039 ], [ 26.891453, 60.569942, -0.000035 ] ] ] ] } },
{ "type": "Feature", "properties": { "address": "T39" }, "geometry": { "type": "MultiPolygon", "coordinates": [ [ [ [ 26.891581, 60.569855, -0.000039 ], [ 26.891453, 60.569942, -0.000035 ], [ 26.89163, 60.570005, -0.000039 ], [ 26.891758, 60.569918, -0.000043 ], [ 26.891581, 60.569855, -0.000039 ] ] ] ] } },
{ "type": "Feature", "properties": { "address": "T49" }, "geometry": { "type": "MultiPolygon", "coordinates": [ [ [ [ 26.89171, 60.569768, -0.000044 ], [ 26.891581, 60.569855, -0.000039 ], [ 26.891758, 60.569918, -0.000043 ], [ 26.891887, 60.569831, -0.000048 ], [ 26.89171, 60.569768, -0.000044 ] ] ] ] } },
{ "type": "Feature", "properties": { "address": "T59" }, "geometry": { "type": "MultiPolygon", "coordinates": [ [ [ [ 26.891838, 60.56968, -0.000048 ], [ 26.89171, 60.569768, -0.000044 ], [ 26.891887, 60.569831, -0.000048 ], [ 26.892015, 60.569744, -0.000052 ], [ 26.891838, 60.56968, -0.000048 ] ] ] ] } },
{ "type": "Feature", "properties": { "address": "T69" }, "geometry": { "type": "MultiPolygon", "coordinates": [ [ [ [ 26.891966, 60.569593, -0.000053 ], [ 26.891838, 60.56968, -0.000048 ], [ 26.892015, 60.569744, -0.000052 ], [ 26.892144, 60.569656, -0.000057 ], [ 26.891966, 60.569593, -0.000053 ] ] ] ] } },
{ "type": "Feature", "properties": { "address": "T78" }, "geometry": { "type": "MultiPolygon", "coordinates": [ [ [ [ 26.892095, 60.569506, -0.000057 ], [ 26.891966, 60.569593, -0.000053 ], [ 26.892144, 60.569656, -0.000057 ], [ 26.892272, 60.569569, -0.000061 ], [ 26.892095, 60.569506, -0.000057 ] ] ] ] } },
{ "type": "Feature", "properties": { "address": "T87" }, "geometry": { "type": "MultiPolygon", "coordinates": [ [ [ [ 26.892223, 60.569419, -0.000062 ], [ 26.892095, 60.569506, -0.000057 ], [ 26.892272, 60.569569, -0.000061 ], [ 26.8924, 60.569482, -0.000066 ], [ 26.892223, 60.569419, -0.000062 ] ] ] ] } },
{ "type": "Feature", "properties": { "address": "T95" }, "geometry": { "type": "MultiPolygon", "coordinates": [ [ [ [ 26.892351, 60.569331, -0.000066 ], [ 26.892223, 60.569419, -0.000062 ], [ 26.8924, 60.569482, -0.000066 ], [ 26.892529, 60.569395, -0.00007 ], [ 26.892351, 60.569331, -0.000066 ] ] ] ] } },
{ "type": "Feature", "properties": { "address": "T109" }, "geometry": { "type": "MultiPolygon", "coordinates": [ [ [ [ 26.89248, 60.569244, -0.000071 ], [ 26.892351, 60.569331, -0.000066 ], [ 26.892529, 60.569395, -0.00007 ], [ 26.892657, 60.569307, -0.000075 ], [ 26.89248, 60.569244, -0.000071 ] ] ] ] } },
{ "type": "Feature", "properties": { "address": "T114" }, "geometry": { "type": "MultiPolygon", "coordinates": [ [ [ [ 26.892608, 60.569157, -0.000075 ], [ 26.89248, 60.569244, -0.000071 ], [ 26.892657, 60.569307, -0.000075 ], [ 26.892785, 60.56922, -0.000079 ], [ 26.892608, 60.569157, -0.000075 ] ] ] ] } },
{ "type": "Feature", "properties": { "address": "T120" }, "geometry": { "type": "MultiPolygon", "coordinates": [ [ [ [ 26.892737, 60.56907, -0.00008 ], [ 26.892608, 60.569157, -0.000075 ], [ 26.892785, 60.56922, -0.000079 ], [ 26.892914, 60.569133, -0.000084 ], [ 26.892737, 60.56907, -0.00008 ] ] ] ] } },
{ "type": "Feature", "properties": { "address": "T126" }, "geometry": { "type": "MultiPolygon", "coordinates": [ [ [ [ 26.893574, 60.569235, -0.000101 ], [ 26.893445, 60.569323, -0.000097 ], [ 26.893623, 60.569386, -0.000101 ], [ 26.893751, 60.569299, -0.000105 ], [ 26.893574, 60.569235, -0.000101 ] ] ] ] } },
{ "type": "Feature", "properties": { "address": "T33" }, "geometry": { "type": "MultiPolygon", "coordinates": [ [ [ [ 26.891984, 60.570132, -0.000048 ], [ 26.891856, 60.570219, -0.000043 ], [ 26.892033, 60.570282, -0.000047 ], [ 26.892162, 60.570195, -0.000052 ], [ 26.891984, 60.570132, -0.000048 ] ] ] ] } },
{ "type": "Feature", "properties": { "address": "T100" }, "geometry": { "type": "MultiPolygon", "coordinates": [ [ [ [ 26.894268, 60.570017, -0.000052 ], [ 26.894091, 60.569953, -0.000044 ], [ 26.893962, 60.570041, -0.000044 ], [ 26.894139, 60.570104, -0.000053 ], [ 26.894268, 60.570017, -0.000052 ] ] ] ] } },
{ "type": "Feature", "properties": { "address": "V185" }, "geometry": { "type": "MultiPolygon", "coordinates": [ [ [ [ 26.889443, 60.574633, 0.0 ], [ 26.889624, 60.574694, 0.0 ], [ 26.889747, 60.574604, 0.0 ], [ 26.889566, 60.574544, 0.0 ], [ 26.889443, 60.574633, 0.0 ] ] ] ] } },
{ "type": "Feature", "properties": { "address": "V184" }, "geometry": { "type": "MultiPolygon", "coordinates": [ [ [ [ 26.889262, 60.574572, 0.0 ], [ 26.889443, 60.574633, 0.0 ], [ 26.889566, 60.574544, 0.0 ], [ 26.889385, 60.574483, 0.0 ], [ 26.889262, 60.574572, 0.0 ] ] ] ] } },
{ "type": "Feature", "properties": { "address": "V183" }, "geometry": { "type": "MultiPolygon", "coordinates": [ [ [ [ 26.889081, 60.574512, 0.0 ], [ 26.889262, 60.574572, 0.0 ], [ 26.889385, 60.574483, 0.0 ], [ 26.889204, 60.574423, 0.0 ], [ 26.889081, 60.574512, 0.0 ] ] ] ] } },
{ "type": "Feature", "properties": { "address": "V114" }, "geometry": { "type": "MultiPolygon", "coordinates": [ [ [ [ 26.887791, 60.575252, 0.0 ], [ 26.887972, 60.575313, 0.0 ], [ 26.888095, 60.575224, 0.0 ], [ 26.887915, 60.575163, 0.0 ], [ 26.887791, 60.575252, 0.0 ] ] ] ] } },
{ "type": "Feature", "properties": { "address": "V115" }, "geometry": { "type": "MultiPolygon", "coordinates": [ [ [ [ 26.887972, 60.575313, 0.0 ], [ 26.888153, 60.575373, 0.0 ], [ 26.888276, 60.575284, 0.0 ], [ 26.888095, 60.575224, 0.0 ], [ 26.887972, 60.575313, 0.0 ] ] ] ] } },
{ "type": "Feature", "properties": { "address": "V116" }, "geometry": { "type": "MultiPolygon", "coordinates": [ [ [ [ 26.888153, 60.575373, 0.0 ], [ 26.888334, 60.575434, 0.0 ], [ 26.888457, 60.575345, 0.0 ], [ 26.888276, 60.575284, 0.0 ], [ 26.888153, 60.575373, 0.0 ] ] ] ] } },
{ "type": "Feature", "properties": { "address": "V117" }, "geometry": { "type": "MultiPolygon", "coordinates": [ [ [ [ 26.888334, 60.575434, 0.0 ], [ 26.888515, 60.575495, 0.0 ], [ 26.888638, 60.575406, 0.0 ], [ 26.888457, 60.575345, 0.0 ], [ 26.888334, 60.575434, 0.0 ] ] ] ] } },
{ "type": "Feature", "properties": { "address": "V124" }, "geometry": { "type": "MultiPolygon", "coordinates": [ [ [ [ 26.887915, 60.575163, 0.0 ], [ 26.888095, 60.575224, 0.0 ], [ 26.888219, 60.575135, 0.0 ], [ 26.888038, 60.575074, 0.0 ], [ 26.887915, 60.575163, 0.0 ] ] ] ] } },
{ "type": "Feature", "properties": { "address": "V125" }, "geometry": { "type": "MultiPolygon", "coordinates": [ [ [ [ 26.888095, 60.575224, 0.0 ], [ 26.888276, 60.575284, 0.0 ], [ 26.8884, 60.575195, 0.0 ], [ 26.888219, 60.575135, 0.0 ], [ 26.888095, 60.575224, 0.0 ] ] ] ] } },
{ "type": "Feature", "properties": { "address": "V126" }, "geometry": { "type": "MultiPolygon", "coordinates": [ [ [ [ 26.888276, 60.575284, 0.0 ], [ 26.888457, 60.575345, 0.0 ], [ 26.88858, 60.575256, 0.0 ], [ 26.8884, 60.575195, 0.0 ], [ 26.888276, 60.575284, 0.0 ] ] ] ] } },
{ "type": "Feature", "properties": { "address": "V127" }, "geometry": { "type": "MultiPolygon", "coordinates": [ [ [ [ 26.888457, 60.575345, 0.0 ], [ 26.888638, 60.575406, 0.0 ], [ 26.888761, 60.575317, 0.0 ], [ 26.88858, 60.575256, 0.0 ], [ 26.888457, 60.575345, 0.0 ] ] ] ] } },
{ "type": "Feature", "properties": { "address": "V135" }, "geometry": { "type": "MultiPolygon", "coordinates": [ [ [ [ 26.888038, 60.575074, 0.0 ], [ 26.888219, 60.575135, 0.0 ], [ 26.888342, 60.575046, 0.0 ], [ 26.888161, 60.574985, 0.0 ], [ 26.888038, 60.575074, 0.0 ] ] ] ] } },
{ "type": "Feature", "properties": { "address": "V136" }, "geometry": { "type": "MultiPolygon", "coordinates": [ [ [ [ 26.888219, 60.575135, 0.0 ], [ 26.8884, 60.575195, 0.0 ], [ 26.888523, 60.575106, 0.0 ], [ 26.888342, 60.575046, 0.0 ], [ 26.888219, 60.575135, 0.0 ] ] ] ] } },
{ "type": "Feature", "properties": { "address": "V137" }, "geometry": { "type": "MultiPolygon", "coordinates": [ [ [ [ 26.8884, 60.575195, 0.0 ], [ 26.88858, 60.575256, 0.0 ], [ 26.888704, 60.575167, 0.0 ], [ 26.888523, 60.575106, 0.0 ], [ 26.8884, 60.575195, 0.0 ] ] ] ] } },
{ "type": "Feature", "properties": { "address": "V138" }, "geometry": { "type": "MultiPolygon", "coordinates": [ [ [ [ 26.88858, 60.575256, 0.0 ], [ 26.888761, 60.575317, 0.0 ], [ 26.888885, 60.575228, 0.0 ], [ 26.888704, 60.575167, 0.0 ], [ 26.88858, 60.575256, 0.0 ] ] ] ] } },
{ "type": "Feature", "properties": { "address": "V146" }, "geometry": { "type": "MultiPolygon", "coordinates": [ [ [ [ 26.888161, 60.574985, 0.0 ], [ 26.888342, 60.575046, 0.0 ], [ 26.888465, 60.574957, 0.0 ], [ 26.888284, 60.574896, 0.0 ], [ 26.888161, 60.574985, 0.0 ] ] ] ] } },
{ "type": "Feature", "properties": { "address": "V147" }, "geometry": { "type": "MultiPolygon", "coordinates": [ [ [ [ 26.888342, 60.575046, 0.0 ], [ 26.888523, 60.575106, 0.0 ], [ 26.888646, 60.575017, 0.0 ], [ 26.888465, 60.574957, 0.0 ], [ 26.888342, 60.575046, 0.0 ] ] ] ] } },
{ "type": "Feature", "properties": { "address": "V148" }, "geometry": { "type": "MultiPolygon", "coordinates": [ [ [ [ 26.888523, 60.575106, 0.0 ], [ 26.888704, 60.575167, 0.0 ], [ 26.888827, 60.575078, 0.0 ], [ 26.888646, 60.575017, 0.0 ], [ 26.888523, 60.575106, 0.0 ] ] ] ] } },
{ "type": "Feature", "properties": { "address": "V149" }, "geometry": { "type": "MultiPolygon", "coordinates": [ [ [ [ 26.888704, 60.575167, 0.0 ], [ 26.888885, 60.575228, 0.0 ], [ 26.889008, 60.575139, 0.0 ], [ 26.888827, 60.575078, 0.0 ], [ 26.888704, 60.575167, 0.0 ] ] ] ] } },
{ "type": "Feature", "properties": { "address": "V155" }, "geometry": { "type": "MultiPolygon", "coordinates": [ [ [ [ 26.888284, 60.574896, 0.0 ], [ 26.888465, 60.574957, 0.0 ], [ 26.888588, 60.574868, 0.0 ], [ 26.888407, 60.574807, 0.0 ], [ 26.888284, 60.574896, 0.0 ] ] ] ] } },
{ "type": "Feature", "properties": { "address": "V156" }, "geometry": { "type": "MultiPolygon", "coordinates": [ [ [ [ 26.888465, 60.574957, 0.0 ], [ 26.888646, 60.575017, 0.0 ], [ 26.888769, 60.574928, 0.0 ], [ 26.888588, 60.574868, 0.0 ], [ 26.888465, 60.574957, 0.0 ] ] ] ] } },
{ "type": "Feature", "properties": { "address": "V157" }, "geometry": { "type": "MultiPolygon", "coordinates": [ [ [ [ 26.888646, 60.575017, 0.0 ], [ 26.888827, 60.575078, 0.0 ], [ 26.88895, 60.574989, 0.0 ], [ 26.888769, 60.574928, 0.0 ], [ 26.888646, 60.575017, 0.0 ] ] ] ] } },
{ "type": "Feature", "properties": { "address": "V158" }, "geometry": { "type": "MultiPolygon", "coordinates": [ [ [ [ 26.888827, 60.575078, 0.0 ], [ 26.889008, 60.575139, 0.0 ], [ 26.889131, 60.57505, 0.0 ], [ 26.88895, 60.574989, 0.0 ], [ 26.888827, 60.575078, 0.0 ] ] ] ] } },
{ "type": "Feature", "properties": { "address": "V161" }, "geometry": { "type": "MultiPolygon", "coordinates": [ [ [ [ 26.888407, 60.574807, 0.0 ], [ 26.888588, 60.574868, 0.0 ], [ 26.888711, 60.574779, 0.0 ], [ 26.888531, 60.574718, 0.0 ], [ 26.888407, 60.574807, 0.0 ] ] ] ] } },
{ "type": "Feature", "properties": { "address": "V162" }, "geometry": { "type": "MultiPolygon", "coordinates": [ [ [ [ 26.888588, 60.574868, 0.0 ], [ 26.888769, 60.574928, 0.0 ], [ 26.888892, 60.574839, 0.0 ], [ 26.888711, 60.574779, 0.0 ], [ 26.888588, 60.574868, 0.0 ] ] ] ] } },
{ "type": "Feature", "properties": { "address": "V163" }, "geometry": { "type": "MultiPolygon", "coordinates": [ [ [ [ 26.888769, 60.574928, 0.0 ], [ 26.88895, 60.574989, 0.0 ], [ 26.889073, 60.5749, 0.0 ], [ 26.888892, 60.574839, 0.0 ], [ 26.888769, 60.574928, 0.0 ] ] ] ] } },
{ "type": "Feature", "properties": { "address": "V164" }, "geometry": { "type": "MultiPolygon", "coordinates": [ [ [ [ 26.88895, 60.574989, 0.0 ], [ 26.889131, 60.57505, 0.0 ], [ 26.889254, 60.574961, 0.0 ], [ 26.889073, 60.5749, 0.0 ], [ 26.88895, 60.574989, 0.0 ] ] ] ] } },
{ "type": "Feature", "properties": { "address": "V166" }, "geometry": { "type": "MultiPolygon", "coordinates": [ [ [ [ 26.888531, 60.574718, 0.0 ], [ 26.888711, 60.574779, 0.0 ], [ 26.888835, 60.57469, 0.0 ], [ 26.888654, 60.574629, 0.0 ], [ 26.888531, 60.574718, 0.0 ] ] ] ] } },
{ "type": "Feature", "properties": { "address": "V167" }, "geometry": { "type": "MultiPolygon", "coordinates": [ [ [ [ 26.888711, 60.574779, 0.0 ], [ 26.888892, 60.574839, 0.0 ], [ 26.889016, 60.57475, 0.0 ], [ 26.888835, 60.57469, 0.0 ], [ 26.888711, 60.574779, 0.0 ] ] ] ] } },
{ "type": "Feature", "properties": { "address": "V168" }, "geometry": { "type": "MultiPolygon", "coordinates": [ [ [ [ 26.888892, 60.574839, 0.0 ], [ 26.889073, 60.5749, 0.0 ], [ 26.889196, 60.574811, 0.0 ], [ 26.889016, 60.57475, 0.0 ], [ 26.888892, 60.574839, 0.0 ] ] ] ] } },
{ "type": "Feature", "properties": { "address": "V169" }, "geometry": { "type": "MultiPolygon", "coordinates": [ [ [ [ 26.889073, 60.5749, 0.0 ], [ 26.889254, 60.574961, 0.0 ], [ 26.889377, 60.574872, 0.0 ], [ 26.889196, 60.574811, 0.0 ], [ 26.889073, 60.5749, 0.0 ] ] ] ] } },
{ "type": "Feature", "properties": { "address": "V171" }, "geometry": { "type": "MultiPolygon", "coordinates": [ [ [ [ 26.888654, 60.574629, 0.0 ], [ 26.888835, 60.57469, 0.0 ], [ 26.888958, 60.574601, 0.0 ], [ 26.888777, 60.57454, 0.0 ], [ 26.888654, 60.574629, 0.0 ] ] ] ] } },
{ "type": "Feature", "properties": { "address": "V172" }, "geometry": { "type": "MultiPolygon", "coordinates": [ [ [ [ 26.888835, 60.57469, 0.0 ], [ 26.889016, 60.57475, 0.0 ], [ 26.889139, 60.574661, 0.0 ], [ 26.888958, 60.574601, 0.0 ], [ 26.888835, 60.57469, 0.0 ] ] ] ] } },
{ "type": "Feature", "properties": { "address": "V173" }, "geometry": { "type": "MultiPolygon", "coordinates": [ [ [ [ 26.889016, 60.57475, 0.0 ], [ 26.889196, 60.574811, 0.0 ], [ 26.88932, 60.574722, 0.0 ], [ 26.889139, 60.574661, 0.0 ], [ 26.889016, 60.57475, 0.0 ] ] ] ] } },
{ "type": "Feature", "properties": { "address": "V174" }, "geometry": { "type": "MultiPolygon", "coordinates": [ [ [ [ 26.889196, 60.574811, 0.0 ], [ 26.889377, 60.574872, 0.0 ], [ 26.889501, 60.574783, 0.0 ], [ 26.88932, 60.574722, 0.0 ], [ 26.889196, 60.574811, 0.0 ] ] ] ] } },
{ "type": "Feature", "properties": { "address": "V177" }, "geometry": { "type": "MultiPolygon", "coordinates": [ [ [ [ 26.888777, 60.57454, 0.0 ], [ 26.888958, 60.574601, 0.0 ], [ 26.889081, 60.574512, 0.0 ], [ 26.8889, 60.574451, 0.0 ], [ 26.888777, 60.57454, 0.0 ] ] ] ] } },
{ "type": "Feature", "properties": { "address": "V178" }, "geometry": { "type": "MultiPolygon", "coordinates": [ [ [ [ 26.888958, 60.574601, 0.0 ], [ 26.889139, 60.574661, 0.0 ], [ 26.889262, 60.574572, 0.0 ], [ 26.889081, 60.574512, 0.0 ], [ 26.888958, 60.574601, 0.0 ] ] ] ] } },
{ "type": "Feature", "properties": { "address": "V179" }, "geometry": { "type": "MultiPolygon", "coordinates": [ [ [ [ 26.889139, 60.574661, 0.0 ], [ 26.88932, 60.574722, 0.0 ], [ 26.889443, 60.574633, 0.0 ], [ 26.889262, 60.574572, 0.0 ], [ 26.889139, 60.574661, 0.0 ] ] ] ] } },
{ "type": "Feature", "properties": { "address": "V180" }, "geometry": { "type": "MultiPolygon", "coordinates": [ [ [ [ 26.88932, 60.574722, 0.0 ], [ 26.889501, 60.574783, 0.0 ], [ 26.889624, 60.574694, 0.0 ], [ 26.889443, 60.574633, 0.0 ], [ 26.88932, 60.574722, 0.0 ] ] ] ] } },
{ "type": "Feature", "properties": { "address": "V186" }, "geometry": { "type": "MultiPolygon", "coordinates": [ [ [ [ 26.889624, 60.574694, 0.0 ], [ 26.889805, 60.574754, 0.0 ], [ 26.889928, 60.574665, 0.0 ], [ 26.889747, 60.574604, 0.0 ], [ 26.889624, 60.574694, 0.0 ] ] ] ] } },
{ "type": "Feature", "properties": { "address": "V175" }, "geometry": { "type": "MultiPolygon", "coordinates": [ [ [ [ 26.889377, 60.574872, 0.0 ], [ 26.889558, 60.574932, 0.0 ], [ 26.889681, 60.574843, 0.0 ], [ 26.889501, 60.574783, 0.0 ], [ 26.889377, 60.574872, 0.0 ] ] ] ] } },
{ "type": "Feature", "properties": { "address": "V181" }, "geometry": { "type": "MultiPolygon", "coordinates": [ [ [ [ 26.889501, 60.574783, 0.0 ], [ 26.889681, 60.574843, 0.0 ], [ 26.889805, 60.574754, 0.0 ], [ 26.889624, 60.574694, 0.0 ], [ 26.889501, 60.574783, 0.0 ] ] ] ] } },
{ "type": "Feature", "properties": { "address": "V113" }, "geometry": { "type": "MultiPolygon", "coordinates": [ [ [ [ 26.88761, 60.575191, 0.0 ], [ 26.887791, 60.575252, 0.0 ], [ 26.887915, 60.575163, 0.0 ], [ 26.887734, 60.575102, 0.0 ], [ 26.88761, 60.575191, 0.0 ] ] ] ] } },
{ "type": "Feature", "properties": { "address": "V123" }, "geometry": { "type": "MultiPolygon", "coordinates": [ [ [ [ 26.887734, 60.575102, 0.0 ], [ 26.887915, 60.575163, 0.0 ], [ 26.888038, 60.575074, 0.0 ], [ 26.887857, 60.575013, 0.0 ], [ 26.887734, 60.575102, 0.0 ] ] ] ] } },
{ "type": "Feature", "properties": { "address": "V134" }, "geometry": { "type": "MultiPolygon", "coordinates": [ [ [ [ 26.887857, 60.575013, 0.0 ], [ 26.888038, 60.575074, 0.0 ], [ 26.888161, 60.574985, 0.0 ], [ 26.88798, 60.574924, 0.0 ], [ 26.887857, 60.575013, 0.0 ] ] ] ] } },
{ "type": "Feature", "properties": { "address": "V145" }, "geometry": { "type": "MultiPolygon", "coordinates": [ [ [ [ 26.88798, 60.574924, 0.0 ], [ 26.888161, 60.574985, 0.0 ], [ 26.888284, 60.574896, 0.0 ], [ 26.888103, 60.574835, 0.0 ], [ 26.88798, 60.574924, 0.0 ] ] ] ] } },
{ "type": "Feature", "properties": { "address": "V154" }, "geometry": { "type": "MultiPolygon", "coordinates": [ [ [ [ 26.888103, 60.574835, 0.0 ], [ 26.888284, 60.574896, 0.0 ], [ 26.888407, 60.574807, 0.0 ], [ 26.888227, 60.574746, 0.0 ], [ 26.888103, 60.574835, 0.0 ] ] ] ] } },
{ "type": "Feature", "properties": { "address": "V160" }, "geometry": { "type": "MultiPolygon", "coordinates": [ [ [ [ 26.888227, 60.574746, 0.0 ], [ 26.888407, 60.574807, 0.0 ], [ 26.888531, 60.574718, 0.0 ], [ 26.88835, 60.574657, 0.0 ], [ 26.888227, 60.574746, 0.0 ] ] ] ] } },
{ "type": "Feature", "properties": { "address": "V165" }, "geometry": { "type": "MultiPolygon", "coordinates": [ [ [ [ 26.88835, 60.574657, 0.0 ], [ 26.888531, 60.574718, 0.0 ], [ 26.888654, 60.574629, 0.0 ], [ 26.888473, 60.574568, 0.0 ], [ 26.88835, 60.574657, 0.0 ] ] ] ] } },
{ "type": "Feature", "properties": { "address": "V170" }, "geometry": { "type": "MultiPolygon", "coordinates": [ [ [ [ 26.888473, 60.574568, 0.0 ], [ 26.888654, 60.574629, 0.0 ], [ 26.888777, 60.57454, 0.0 ], [ 26.888596, 60.574479, 0.0 ], [ 26.888473, 60.574568, 0.0 ] ] ] ] } },
{ "type": "Feature", "properties": { "address": "V112" }, "geometry": { "type": "MultiPolygon", "coordinates": [ [ [ [ 26.88743, 60.575131, 0.0 ], [ 26.88761, 60.575191, 0.0 ], [ 26.887734, 60.575102, 0.0 ], [ 26.887553, 60.575042, 0.0 ], [ 26.88743, 60.575131, 0.0 ] ] ] ] } },
{ "type": "Feature", "properties": { "address": "V122" }, "geometry": { "type": "MultiPolygon", "coordinates": [ [ [ [ 26.887553, 60.575042, 0.0 ], [ 26.887734, 60.575102, 0.0 ], [ 26.887857, 60.575013, 0.0 ], [ 26.887676, 60.574953, 0.0 ], [ 26.887553, 60.575042, 0.0 ] ] ] ] } },
{ "type": "Feature", "properties": { "address": "V133" }, "geometry": { "type": "MultiPolygon", "coordinates": [ [ [ [ 26.887676, 60.574953, 0.0 ], [ 26.887857, 60.575013, 0.0 ], [ 26.88798, 60.574924, 0.0 ], [ 26.887799, 60.574864, 0.0 ], [ 26.887676, 60.574953, 0.0 ] ] ] ] } },
{ "type": "Feature", "properties": { "address": "V144" }, "geometry": { "type": "MultiPolygon", "coordinates": [ [ [ [ 26.887799, 60.574864, 0.0 ], [ 26.88798, 60.574924, 0.0 ], [ 26.888103, 60.574835, 0.0 ], [ 26.887922, 60.574775, 0.0 ], [ 26.887799, 60.574864, 0.0 ] ] ] ] } },
{ "type": "Feature", "properties": { "address": "V153" }, "geometry": { "type": "MultiPolygon", "coordinates": [ [ [ [ 26.887922, 60.574775, 0.0 ], [ 26.888103, 60.574835, 0.0 ], [ 26.888227, 60.574746, 0.0 ], [ 26.888046, 60.574686, 0.0 ], [ 26.887922, 60.574775, 0.0 ] ] ] ] } },
{ "type": "Feature", "properties": { "address": "V159" }, "geometry": { "type": "MultiPolygon", "coordinates": [ [ [ [ 26.888046, 60.574686, 0.0 ], [ 26.888227, 60.574746, 0.0 ], [ 26.88835, 60.574657, 0.0 ], [ 26.888169, 60.574597, 0.0 ], [ 26.888046, 60.574686, 0.0 ] ] ] ] } },
{ "type": "Feature", "properties": { "address": "V152" }, "geometry": { "type": "MultiPolygon", "coordinates": [ [ [ [ 26.887742, 60.574714, 0.0 ], [ 26.887922, 60.574775, 0.0 ], [ 26.888046, 60.574686, 0.0 ], [ 26.887865, 60.574625, 0.0 ], [ 26.887742, 60.574714, 0.0 ] ] ] ] } },
{ "type": "Feature", "properties": { "address": "V143" }, "geometry": { "type": "MultiPolygon", "coordinates": [ [ [ [ 26.887618, 60.574803, 0.0 ], [ 26.887799, 60.574864, 0.0 ], [ 26.887922, 60.574775, 0.0 ], [ 26.887742, 60.574714, 0.0 ], [ 26.887618, 60.574803, 0.0 ] ] ] ] } },
{ "type": "Feature", "properties": { "address": "V25" }, "geometry": { "type": "MultiPolygon", "coordinates": [ [ [ [ 26.885775, 60.576452, 0.0 ], [ 26.885892, 60.576362, 0.0 ], [ 26.885708, 60.576304, 0.0 ], [ 26.88559, 60.576394, 0.0 ], [ 26.885775, 60.576452, 0.0 ] ] ] ] } },
{ "type": "Feature", "properties": { "address": "V34" }, "geometry": { "type": "MultiPolygon", "coordinates": [ [ [ [ 26.885825, 60.576213, 0.0 ], [ 26.885943, 60.576122, 0.0 ], [ 26.885758, 60.576064, 0.0 ], [ 26.885641, 60.576155, 0.0 ], [ 26.885825, 60.576213, 0.0 ] ] ] ] } },
{ "type": "Feature", "properties": { "address": "V24" }, "geometry": { "type": "MultiPolygon", "coordinates": [ [ [ [ 26.88559, 60.576394, 0.0 ], [ 26.885708, 60.576304, 0.0 ], [ 26.885523, 60.576246, 0.0 ], [ 26.885406, 60.576337, 0.0 ], [ 26.88559, 60.576394, 0.0 ] ] ] ] } },
{ "type": "Feature", "properties": { "address": "V17" }, "geometry": { "type": "MultiPolygon", "coordinates": [ [ [ [ 26.885657, 60.576543, 0.0 ], [ 26.885775, 60.576452, 0.0 ], [ 26.88559, 60.576394, 0.0 ], [ 26.885472, 60.576485, 0.0 ], [ 26.885657, 60.576543, 0.0 ] ] ] ] } },
{ "type": "Feature", "properties": { "address": "V18" }, "geometry": { "type": "MultiPolygon", "coordinates": [ [ [ [ 26.885841, 60.576601, 0.0 ], [ 26.885958, 60.57651, 0.0 ], [ 26.885774, 60.576452, 0.0 ], [ 26.885656, 60.576543, 0.0 ], [ 26.885841, 60.576601, 0.0 ] ] ] ] } },
{ "type": "Feature", "properties": { "address": "V11" }, "geometry": { "type": "MultiPolygon", "coordinates": [ [ [ [ 26.885723, 60.576692, 0.0 ], [ 26.88584, 60.576601, 0.0 ], [ 26.885656, 60.576543, 0.0 ], [ 26.885538, 60.576634, 0.0 ], [ 26.885723, 60.576692, 0.0 ] ] ] ] } },
{ "type": "Feature", "properties": { "address": "V6" }, "geometry": { "type": "MultiPolygon", "coordinates": [ [ [ [ 26.885604, 60.576782, 0.0 ], [ 26.885722, 60.576692, 0.0 ], [ 26.885537, 60.576634, 0.0 ], [ 26.88542, 60.576725, 0.0 ], [ 26.885604, 60.576782, 0.0 ] ] ] ] } },
{ "type": "Feature", "properties": { "address": "V39" }, "geometry": { "type": "MultiPolygon", "coordinates": [ [ [ [ 26.886563, 60.576445, 0.0 ], [ 26.886747, 60.576504, 0.0 ], [ 26.886866, 60.576413, 0.0 ], [ 26.886681, 60.576355, 0.0 ], [ 26.886563, 60.576445, 0.0 ] ] ] ] } },
{ "type": "Feature", "properties": { "address": "V37" }, "geometry": { "type": "MultiPolygon", "coordinates": [ [ [ [ 26.886195, 60.576329, 0.0 ], [ 26.886379, 60.576387, 0.0 ], [ 26.886497, 60.576297, 0.0 ], [ 26.886313, 60.576238, 0.0 ], [ 26.886195, 60.576329, 0.0 ] ] ] ] } },
{ "type": "Feature", "properties": { "address": "V36" }, "geometry": { "type": "MultiPolygon", "coordinates": [ [ [ [ 26.88601, 60.576271, 0.0 ], [ 26.886195, 60.576329, 0.0 ], [ 26.886313, 60.576238, 0.0 ], [ 26.886129, 60.57618, 0.0 ], [ 26.88601, 60.576271, 0.0 ] ] ] ] } },
{ "type": "Feature", "properties": { "address": "V35" }, "geometry": { "type": "MultiPolygon", "coordinates": [ [ [ [ 26.885826, 60.576213, 0.0 ], [ 26.88601, 60.576271, 0.0 ], [ 26.886129, 60.57618, 0.0 ], [ 26.885944, 60.576122, 0.0 ], [ 26.885826, 60.576213, 0.0 ] ] ] ] } },
{ "type": "Feature", "properties": { "address": "V29" }, "geometry": { "type": "MultiPolygon", "coordinates": [ [ [ [ 26.886445, 60.576536, 0.0 ], [ 26.886629, 60.576594, 0.0 ], [ 26.886747, 60.576504, 0.0 ], [ 26.886563, 60.576445, 0.0 ], [ 26.886445, 60.576536, 0.0 ] ] ] ] } },
{ "type": "Feature", "properties": { "address": "V27" }, "geometry": { "type": "MultiPolygon", "coordinates": [ [ [ [ 26.885958, 60.57651, 0.0 ], [ 26.886143, 60.576569, 0.0 ], [ 26.886261, 60.576478, 0.0 ], [ 26.886077, 60.57642, 0.0 ], [ 26.885958, 60.57651, 0.0 ] ] ] ] } },
{ "type": "Feature", "properties": { "address": "V26" }, "geometry": { "type": "MultiPolygon", "coordinates": [ [ [ [ 26.885774, 60.576452, 0.0 ], [ 26.885958, 60.57651, 0.0 ], [ 26.886077, 60.57642, 0.0 ], [ 26.885892, 60.576362, 0.0 ], [ 26.885774, 60.576452, 0.0 ] ] ] ] } },
{ "type": "Feature", "properties": { "address": "V19" }, "geometry": { "type": "MultiPolygon", "coordinates": [ [ [ [ 26.88584, 60.576601, 0.0 ], [ 26.886024, 60.576659, 0.0 ], [ 26.886143, 60.576569, 0.0 ], [ 26.885958, 60.57651, 0.0 ], [ 26.88584, 60.576601, 0.0 ] ] ] ] } },
{ "type": "Feature", "properties": { "address": "V21" }, "geometry": { "type": "MultiPolygon", "coordinates": [ [ [ [ 26.886209, 60.576717, 0.0 ], [ 26.886393, 60.576775, 0.0 ], [ 26.886511, 60.576685, 0.0 ], [ 26.886327, 60.576627, 0.0 ], [ 26.886209, 60.576717, 0.0 ] ] ] ] } },
{ "type": "Feature", "properties": { "address": "V22" }, "geometry": { "type": "MultiPolygon", "coordinates": [ [ [ [ 26.886393, 60.576775, 0.0 ], [ 26.886577, 60.576834, 0.0 ], [ 26.886695, 60.576743, 0.0 ], [ 26.886511, 60.576685, 0.0 ], [ 26.886393, 60.576775, 0.0 ] ] ] ] } },
{ "type": "Feature", "properties": { "address": "V15" }, "geometry": { "type": "MultiPolygon", "coordinates": [ [ [ [ 26.886275, 60.576866, 0.0 ], [ 26.886459, 60.576924, 0.0 ], [ 26.886577, 60.576834, 0.0 ], [ 26.886393, 60.576775, 0.0 ], [ 26.886275, 60.576866, 0.0 ] ] ] ] } },
{ "type": "Feature", "properties": { "address": "V14" }, "geometry": { "type": "MultiPolygon", "coordinates": [ [ [ [ 26.88609, 60.576808, 0.0 ], [ 26.886275, 60.576866, 0.0 ], [ 26.886393, 60.576775, 0.0 ], [ 26.886209, 60.576717, 0.0 ], [ 26.88609, 60.576808, 0.0 ] ] ] ] } },
{ "type": "Feature", "properties": { "address": "V13" }, "geometry": { "type": "MultiPolygon", "coordinates": [ [ [ [ 26.885906, 60.57675, 0.0 ], [ 26.88609, 60.576808, 0.0 ], [ 26.886209, 60.576717, 0.0 ], [ 26.886024, 60.576659, 0.0 ], [ 26.885906, 60.57675, 0.0 ] ] ] ] } },
{ "type": "Feature", "properties": { "address": "V12" }, "geometry": { "type": "MultiPolygon", "coordinates": [ [ [ [ 26.885722, 60.576692, 0.0 ], [ 26.885906, 60.57675, 0.0 ], [ 26.886024, 60.576659, 0.0 ], [ 26.88584, 60.576601, 0.0 ], [ 26.885722, 60.576692, 0.0 ] ] ] ] } },
{ "type": "Feature", "properties": { "address": "V7" }, "geometry": { "type": "MultiPolygon", "coordinates": [ [ [ [ 26.885604, 60.576782, 0.0 ], [ 26.885788, 60.57684, 0.0 ], [ 26.885906, 60.57675, 0.0 ], [ 26.885722, 60.576692, 0.0 ], [ 26.885604, 60.576782, 0.0 ] ] ] ] } },
{ "type": "Feature", "properties": { "address": "V8" }, "geometry": { "type": "MultiPolygon", "coordinates": [ [ [ [ 26.885788, 60.57684, 0.0 ], [ 26.885972, 60.576899, 0.0 ], [ 26.88609, 60.576808, 0.0 ], [ 26.885906, 60.57675, 0.0 ], [ 26.885788, 60.57684, 0.0 ] ] ] ] } },
{ "type": "Feature", "properties": { "address": "V9" }, "geometry": { "type": "MultiPolygon", "coordinates": [ [ [ [ 26.885972, 60.576899, 0.0 ], [ 26.886157, 60.576957, 0.0 ], [ 26.886275, 60.576866, 0.0 ], [ 26.88609, 60.576808, 0.0 ], [ 26.885972, 60.576899, 0.0 ] ] ] ] } },
{ "type": "Feature", "properties": { "address": "V10" }, "geometry": { "type": "MultiPolygon", "coordinates": [ [ [ [ 26.886157, 60.576957, 0.0 ], [ 26.886341, 60.577015, 0.0 ], [ 26.886459, 60.576924, 0.0 ], [ 26.886275, 60.576866, 0.0 ], [ 26.886157, 60.576957, 0.0 ] ] ] ] } },
{ "type": "Feature", "properties": { "address": "V30" }, "geometry": { "type": "MultiPolygon", "coordinates": [ [ [ [ 26.886629, 60.576594, 0.0 ], [ 26.886813, 60.576652, 0.0 ], [ 26.886932, 60.576562, 0.0 ], [ 26.886747, 60.576504, 0.0 ], [ 26.886629, 60.576594, 0.0 ] ] ] ] } },
{ "type": "Feature", "properties": { "address": "V40" }, "geometry": { "type": "MultiPolygon", "coordinates": [ [ [ [ 26.886747, 60.576504, 0.0 ], [ 26.886932, 60.576562, 0.0 ], [ 26.88705, 60.576471, 0.0 ], [ 26.886866, 60.576413, 0.0 ], [ 26.886747, 60.576504, 0.0 ] ] ] ] } },
{ "type": "Feature", "properties": { "address": "V41" }, "geometry": { "type": "MultiPolygon", "coordinates": [ [ [ [ 26.886932, 60.576562, 0.0 ], [ 26.887116, 60.57662, 0.0 ], [ 26.887234, 60.576529, 0.0 ], [ 26.88705, 60.576471, 0.0 ], [ 26.886932, 60.576562, 0.0 ] ] ] ] } },
{ "type": "Feature", "properties": { "address": "V31" }, "geometry": { "type": "MultiPolygon", "coordinates": [ [ [ [ 26.886813, 60.576652, 0.0 ], [ 26.886998, 60.57671, 0.0 ], [ 26.887116, 60.57662, 0.0 ], [ 26.886932, 60.576562, 0.0 ], [ 26.886813, 60.576652, 0.0 ] ] ] ] } },
{ "type": "Feature", "properties": { "address": "V5" }, "geometry": { "type": "MultiPolygon", "coordinates": [ [ [ [ 26.885854, 60.576989, 0.0 ], [ 26.886038, 60.577047, 0.0 ], [ 26.886157, 60.576957, 0.0 ], [ 26.885972, 60.576899, 0.0 ], [ 26.885854, 60.576989, 0.0 ] ] ] ] } },
{ "type": "Feature", "properties": { "address": "V4" }, "geometry": { "type": "MultiPolygon", "coordinates": [ [ [ [ 26.88567, 60.576931, 0.0 ], [ 26.885854, 60.576989, 0.0 ], [ 26.885972, 60.576899, 0.0 ], [ 26.885788, 60.57684, 0.0 ], [ 26.88567, 60.576931, 0.0 ] ] ] ] } },
{ "type": "Feature", "properties": { "address": "V3" }, "geometry": { "type": "MultiPolygon", "coordinates": [ [ [ [ 26.885486, 60.576873, 0.0 ], [ 26.88567, 60.576931, 0.0 ], [ 26.885788, 60.57684, 0.0 ], [ 26.885604, 60.576782, 0.0 ], [ 26.885486, 60.576873, 0.0 ] ] ] ] } },
{ "type": "Feature", "properties": { "address": "V2" }, "geometry": { "type": "MultiPolygon", "coordinates": [ [ [ [ 26.885736, 60.57708, 0.0 ], [ 26.88592, 60.577138, 0.0 ], [ 26.886038, 60.577047, 0.0 ], [ 26.885854, 60.576989, 0.0 ], [ 26.885736, 60.57708, 0.0 ] ] ] ] } },
{ "type": "Feature", "properties": { "address": "V1" }, "geometry": { "type": "MultiPolygon", "coordinates": [ [ [ [ 26.885552, 60.577022, 0.0 ], [ 26.885736, 60.57708, 0.0 ], [ 26.885854, 60.576989, 0.0 ], [ 26.88567, 60.576931, 0.0 ], [ 26.885552, 60.577022, 0.0 ] ] ] ] } },
{ "type": "Feature", "properties": { "address": "V102" }, "geometry": { "type": "MultiPolygon", "coordinates": [ [ [ [ 26.887203, 60.575311, 0.0 ], [ 26.887386, 60.57537, 0.0 ], [ 26.887505, 60.575279, 0.0 ], [ 26.887322, 60.575221, 0.0 ], [ 26.887203, 60.575311, 0.0 ] ] ] ] } },
{ "type": "Feature", "properties": { "address": "V101" }, "geometry": { "type": "MultiPolygon", "coordinates": [ [ [ [ 26.887019, 60.575253, 0.0 ], [ 26.887203, 60.575311, 0.0 ], [ 26.887322, 60.575221, 0.0 ], [ 26.887138, 60.575162, 0.0 ], [ 26.887019, 60.575253, 0.0 ] ] ] ] } },
{ "type": "Feature", "properties": { "address": "V100" }, "geometry": { "type": "MultiPolygon", "coordinates": [ [ [ [ 26.886835, 60.575194, 0.0 ], [ 26.887019, 60.575253, 0.0 ], [ 26.887138, 60.575162, 0.0 ], [ 26.886954, 60.575104, 0.0 ], [ 26.886835, 60.575194, 0.0 ] ] ] ] } },
{ "type": "Feature", "properties": { "address": "V94" }, "geometry": { "type": "MultiPolygon", "coordinates": [ [ [ [ 26.887084, 60.575402, 0.0 ], [ 26.887268, 60.57546, 0.0 ], [ 26.887386, 60.57537, 0.0 ], [ 26.887203, 60.575311, 0.0 ], [ 26.887084, 60.575402, 0.0 ] ] ] ] } },
{ "type": "Feature", "properties": { "address": "V42" }, "geometry": { "type": "MultiPolygon", "coordinates": [ [ [ [ 26.886079, 60.57611, -0.036886 ], [ 26.886263, 60.576169, -0.036886 ], [ 26.886382, 60.576078, -0.036886 ], [ 26.886198, 60.57602, -0.036886 ], [ 26.886079, 60.57611, -0.036886 ] ] ] ] } },
{ "type": "Feature", "properties": { "address": "V48" }, "geometry": { "type": "MultiPolygon", "coordinates": [ [ [ [ 26.886198, 60.57602, -0.036886 ], [ 26.886382, 60.576078, -0.036886 ], [ 26.886501, 60.575988, -0.036886 ], [ 26.886317, 60.575929, -0.036886 ], [ 26.886198, 60.57602, -0.036886 ] ] ] ] } },
{ "type": "Feature", "properties": { "address": "V55" }, "geometry": { "type": "MultiPolygon", "coordinates": [ [ [ [ 26.886133, 60.575871, -0.036886 ], [ 26.886317, 60.575929, -0.036886 ], [ 26.886436, 60.575839, -0.036886 ], [ 26.886252, 60.57578, -0.036886 ], [ 26.886133, 60.575871, -0.036886 ] ] ] ] } },
{ "type": "Feature", "properties": { "address": "V54" }, "geometry": { "type": "MultiPolygon", "coordinates": [ [ [ [ 26.88595, 60.575812, -0.036886 ], [ 26.886133, 60.575871, -0.036886 ], [ 26.886252, 60.57578, -0.036886 ], [ 26.886069, 60.575722, -0.036886 ], [ 26.88595, 60.575812, -0.036886 ] ] ] ] } },
{ "type": "Feature", "properties": { "address": "V56" }, "geometry": { "type": "MultiPolygon", "coordinates": [ [ [ [ 26.886317, 60.575929, -0.036886 ], [ 26.886501, 60.575988, -0.036886 ], [ 26.88662, 60.575897, -0.036886 ], [ 26.886436, 60.575839, -0.036886 ], [ 26.886317, 60.575929, -0.036886 ] ] ] ] } },
{ "type": "Feature", "properties": { "address": "V63" }, "geometry": { "type": "MultiPolygon", "coordinates": [ [ [ [ 26.886252, 60.57578, -0.036886 ], [ 26.886436, 60.575839, -0.036886 ], [ 26.886555, 60.575748, -0.036886 ], [ 26.886371, 60.57569, -0.036886 ], [ 26.886252, 60.57578, -0.036886 ] ] ] ] } },
{ "type": "Feature", "properties": { "address": "V62" }, "geometry": { "type": "MultiPolygon", "coordinates": [ [ [ [ 26.886069, 60.575722, -0.036886 ], [ 26.886252, 60.57578, -0.036886 ], [ 26.886371, 60.57569, -0.036886 ], [ 26.886187, 60.575631, -0.036886 ], [ 26.886069, 60.575722, -0.036886 ] ] ] ] } },
{ "type": "Feature", "properties": { "address": "V64" }, "geometry": { "type": "MultiPolygon", "coordinates": [ [ [ [ 26.886436, 60.575839, -0.036886 ], [ 26.88662, 60.575897, -0.036886 ], [ 26.886739, 60.575807, -0.036886 ], [ 26.886555, 60.575748, -0.036886 ], [ 26.886436, 60.575839, -0.036886 ] ] ] ] } },
{ "type": "Feature", "properties": { "address": "V69" }, "geometry": { "type": "MultiPolygon", "coordinates": [ [ [ [ 26.886187, 60.575631, -0.036886 ], [ 26.886371, 60.57569, -0.036886 ], [ 26.88649, 60.575599, -0.036886 ], [ 26.886306, 60.575541, -0.036886 ], [ 26.886187, 60.575631, -0.036886 ] ] ] ] } },
{ "type": "Feature", "properties": { "address": "V70" }, "geometry": { "type": "MultiPolygon", "coordinates": [ [ [ [ 26.886371, 60.57569, -0.036886 ], [ 26.886555, 60.575748, -0.036886 ], [ 26.886674, 60.575658, -0.036886 ], [ 26.88649, 60.575599, -0.036886 ], [ 26.886371, 60.57569, -0.036886 ] ] ] ] } },
{ "type": "Feature", "properties": { "address": "V71" }, "geometry": { "type": "MultiPolygon", "coordinates": [ [ [ [ 26.886555, 60.575748, -0.036886 ], [ 26.886739, 60.575807, -0.036886 ], [ 26.886858, 60.575716, -0.036886 ], [ 26.886674, 60.575658, -0.036886 ], [ 26.886555, 60.575748, -0.036886 ] ] ] ] } },
{ "type": "Feature", "properties": { "address": "V77" }, "geometry": { "type": "MultiPolygon", "coordinates": [ [ [ [ 26.88649, 60.575599, -0.036886 ], [ 26.886674, 60.575658, -0.036886 ], [ 26.886793, 60.575568, -0.036886 ], [ 26.886609, 60.575509, -0.036886 ], [ 26.88649, 60.575599, -0.036886 ] ] ] ] } },
{ "type": "Feature", "properties": { "address": "V76" }, "geometry": { "type": "MultiPolygon", "coordinates": [ [ [ [ 26.886306, 60.575541, -0.036886 ], [ 26.88649, 60.575599, -0.036886 ], [ 26.886609, 60.575509, -0.036886 ], [ 26.886425, 60.575451, -0.036886 ], [ 26.886306, 60.575541, -0.036886 ] ] ] ] } },
{ "type": "Feature", "properties": { "address": "V78" }, "geometry": { "type": "MultiPolygon", "coordinates": [ [ [ [ 26.886674, 60.575658, -0.036886 ], [ 26.886858, 60.575716, -0.036886 ], [ 26.886976, 60.575626, -0.036886 ], [ 26.886793, 60.575568, -0.036886 ], [ 26.886674, 60.575658, -0.036886 ] ] ] ] } },
{ "type": "Feature", "properties": { "address": "V85" }, "geometry": { "type": "MultiPolygon", "coordinates": [ [ [ [ 26.886609, 60.575509, -0.036886 ], [ 26.886793, 60.575568, -0.036886 ], [ 26.886912, 60.575477, -0.036886 ], [ 26.886728, 60.575419, -0.036886 ], [ 26.886609, 60.575509, -0.036886 ] ] ] ] } },
{ "type": "Feature", "properties": { "address": "V84" }, "geometry": { "type": "MultiPolygon", "coordinates": [ [ [ [ 26.886425, 60.575451, -0.036886 ], [ 26.886609, 60.575509, -0.036886 ], [ 26.886728, 60.575419, -0.036886 ], [ 26.886544, 60.57536, -0.036886 ], [ 26.886425, 60.575451, -0.036886 ] ] ] ] } },
{ "type": "Feature", "properties": { "address": "V86" }, "geometry": { "type": "MultiPolygon", "coordinates": [ [ [ [ 26.886793, 60.575568, -0.036886 ], [ 26.886976, 60.575626, -0.036886 ], [ 26.887095, 60.575536, -0.036886 ], [ 26.886912, 60.575477, -0.036886 ], [ 26.886793, 60.575568, -0.036886 ] ] ] ] } },
{ "type": "Feature", "properties": { "address": "V33" }, "geometry": { "type": "MultiPolygon", "coordinates": [ [ [ [ 26.885457, 60.576096, 0.0 ], [ 26.885641, 60.576155, 0.0 ], [ 26.88576, 60.576065, 0.0 ], [ 26.885576, 60.576006, 0.0 ], [ 26.885457, 60.576096, 0.0 ] ] ] ] } },
{ "type": "Feature", "properties": { "address": "V43" }, "geometry": { "type": "MultiPolygon", "coordinates": [ [ [ [ 26.886263, 60.576169, -0.036886 ], [ 26.886447, 60.576227, -0.036886 ], [ 26.886566, 60.576137, -0.036886 ], [ 26.886382, 60.576078, -0.036886 ], [ 26.886263, 60.576169, -0.036886 ] ] ] ] } },
{ "type": "Feature", "properties": { "address": "V49" }, "geometry": { "type": "MultiPolygon", "coordinates": [ [ [ [ 26.886382, 60.576078, -0.036886 ], [ 26.886566, 60.576137, -0.036886 ], [ 26.886685, 60.576046, -0.036886 ], [ 26.886501, 60.575988, -0.036886 ], [ 26.886382, 60.576078, -0.036886 ] ] ] ] } },
{ "type": "Feature", "properties": { "address": "V79" }, "geometry": { "type": "MultiPolygon", "coordinates": [ [ [ [ 26.886886, 60.575716, 0.0 ], [ 26.887071, 60.575774, 0.0 ], [ 26.887188, 60.575684, 0.0 ], [ 26.887004, 60.575626, 0.0 ], [ 26.886886, 60.575716, 0.0 ] ] ] ] } },
{ "type": "Feature", "properties": { "address": "V80" }, "geometry": { "type": "MultiPolygon", "coordinates": [ [ [ [ 26.887071, 60.575774, 0.0 ], [ 26.887255, 60.575832, 0.0 ], [ 26.887373, 60.575742, 0.0 ], [ 26.887188, 60.575684, 0.0 ], [ 26.887071, 60.575774, 0.0 ] ] ] ] } },
{ "type": "Feature", "properties": { "address": "V81" }, "geometry": { "type": "MultiPolygon", "coordinates": [ [ [ [ 26.887255, 60.575832, 0.0 ], [ 26.887439, 60.57589, 0.0 ], [ 26.887557, 60.5758, 0.0 ], [ 26.887373, 60.575742, 0.0 ], [ 26.887255, 60.575832, 0.0 ] ] ] ] } },
{ "type": "Feature", "properties": { "address": "V88" }, "geometry": { "type": "MultiPolygon", "coordinates": [ [ [ [ 26.88715, 60.575551, 0.0 ], [ 26.887334, 60.575609, 0.0 ], [ 26.887452, 60.575518, 0.0 ], [ 26.887268, 60.57546, 0.0 ], [ 26.88715, 60.575551, 0.0 ] ] ] ] } },
{ "type": "Feature", "properties": { "address": "V89" }, "geometry": { "type": "MultiPolygon", "coordinates": [ [ [ [ 26.887334, 60.575609, 0.0 ], [ 26.887519, 60.575667, 0.0 ], [ 26.887637, 60.575576, 0.0 ], [ 26.887452, 60.575518, 0.0 ], [ 26.887334, 60.575609, 0.0 ] ] ] ] } },
{ "type": "Feature", "properties": { "address": "V90" }, "geometry": { "type": "MultiPolygon", "coordinates": [ [ [ [ 26.887519, 60.575667, 0.0 ], [ 26.887703, 60.575725, 0.0 ], [ 26.887821, 60.575634, 0.0 ], [ 26.887637, 60.575576, 0.0 ], [ 26.887519, 60.575667, 0.0 ] ] ] ] } },
{ "type": "Feature", "properties": { "address": "V95" }, "geometry": { "type": "MultiPolygon", "coordinates": [ [ [ [ 26.887268, 60.57546, 0.0 ], [ 26.887452, 60.575518, 0.0 ], [ 26.88757, 60.575427, 0.0 ], [ 26.887385, 60.57537, 0.0 ], [ 26.887268, 60.57546, 0.0 ] ] ] ] } },
{ "type": "Feature", "properties": { "address": "V96" }, "geometry": { "type": "MultiPolygon", "coordinates": [ [ [ [ 26.887452, 60.575518, 0.0 ], [ 26.887637, 60.575576, 0.0 ], [ 26.887754, 60.575485, 0.0 ], [ 26.88757, 60.575427, 0.0 ], [ 26.887452, 60.575518, 0.0 ] ] ] ] } },
{ "type": "Feature", "properties": { "address": "V104" }, "geometry": { "type": "MultiPolygon", "coordinates": [ [ [ [ 26.88757, 60.575427, 0.0 ], [ 26.887754, 60.575485, 0.0 ], [ 26.887872, 60.575395, 0.0 ], [ 26.887688, 60.575337, 0.0 ], [ 26.88757, 60.575427, 0.0 ] ] ] ] } },
{ "type": "Feature", "properties": { "address": "V103" }, "geometry": { "type": "MultiPolygon", "coordinates": [ [ [ [ 26.887385, 60.57537, 0.0 ], [ 26.88757, 60.575427, 0.0 ], [ 26.887688, 60.575337, 0.0 ], [ 26.887503, 60.575279, 0.0 ], [ 26.887385, 60.57537, 0.0 ] ] ] ] } },
{ "type": "Feature", "properties": { "address": "V105" }, "geometry": { "type": "MultiPolygon", "coordinates": [ [ [ [ 26.887754, 60.575485, 0.0 ], [ 26.887939, 60.575543, 0.0 ], [ 26.888057, 60.575453, 0.0 ], [ 26.887872, 60.575395, 0.0 ], [ 26.887754, 60.575485, 0.0 ] ] ] ] } },
{ "type": "Feature", "properties": { "address": "V106" }, "geometry": { "type": "MultiPolygon", "coordinates": [ [ [ [ 26.887939, 60.575543, 0.0 ], [ 26.888123, 60.575601, 0.0 ], [ 26.888241, 60.575511, 0.0 ], [ 26.888057, 60.575453, 0.0 ], [ 26.887939, 60.575543, 0.0 ] ] ] ] } },
{ "type": "Feature", "properties": { "address": "V97" }, "geometry": { "type": "MultiPolygon", "coordinates": [ [ [ [ 26.887821, 60.575634, 0.0 ], [ 26.888005, 60.575692, 0.0 ], [ 26.888123, 60.575601, 0.0 ], [ 26.887939, 60.575543, 0.0 ], [ 26.887821, 60.575634, 0.0 ] ] ] ] } },
{ "type": "Feature", "properties": { "address": "V91" }, "geometry": { "type": "MultiPolygon", "coordinates": [ [ [ [ 26.887703, 60.575725, 0.0 ], [ 26.887888, 60.575783, 0.0 ], [ 26.888005, 60.575692, 0.0 ], [ 26.887821, 60.575634, 0.0 ], [ 26.887703, 60.575725, 0.0 ] ] ] ] } },
{ "type": "Feature", "properties": { "address": "V74" }, "geometry": { "type": "MultiPolygon", "coordinates": [ [ [ [ 26.887322, 60.575981, 0.0 ], [ 26.887506, 60.576039, 0.0 ], [ 26.887624, 60.575948, 0.0 ], [ 26.887439, 60.57589, 0.0 ], [ 26.887322, 60.575981, 0.0 ] ] ] ] } },
{ "type": "Feature", "properties": { "address": "V73" }, "geometry": { "type": "MultiPolygon", "coordinates": [ [ [ [ 26.887137, 60.575923, 0.0 ], [ 26.887322, 60.575981, 0.0 ], [ 26.887439, 60.57589, 0.0 ], [ 26.887255, 60.575832, 0.0 ], [ 26.887137, 60.575923, 0.0 ] ] ] ] } },
{ "type": "Feature", "properties": { "address": "V72" }, "geometry": { "type": "MultiPolygon", "coordinates": [ [ [ [ 26.886953, 60.575865, 0.0 ], [ 26.887137, 60.575923, 0.0 ], [ 26.887255, 60.575832, 0.0 ], [ 26.887071, 60.575774, 0.0 ], [ 26.886953, 60.575865, 0.0 ] ] ] ] } },
{ "type": "Feature", "properties": { "address": "V65" }, "geometry": { "type": "MultiPolygon", "coordinates": [ [ [ [ 26.886835, 60.575956, 0.0 ], [ 26.887019, 60.576014, 0.0 ], [ 26.887137, 60.575923, 0.0 ], [ 26.886953, 60.575865, 0.0 ], [ 26.886835, 60.575956, 0.0 ] ] ] ] } },
{ "type": "Feature", "properties": { "address": "V66" }, "geometry": { "type": "MultiPolygon", "coordinates": [ [ [ [ 26.887019, 60.576014, 0.0 ], [ 26.887204, 60.576072, 0.0 ], [ 26.887322, 60.575981, 0.0 ], [ 26.887137, 60.575923, 0.0 ], [ 26.887019, 60.576014, 0.0 ] ] ] ] } },
{ "type": "Feature", "properties": { "address": "V67" }, "geometry": { "type": "MultiPolygon", "coordinates": [ [ [ [ 26.887204, 60.576072, 0.0 ], [ 26.887388, 60.57613, 0.0 ], [ 26.887506, 60.576039, 0.0 ], [ 26.887322, 60.575981, 0.0 ], [ 26.887204, 60.576072, 0.0 ] ] ] ] } },
{ "type": "Feature", "properties": { "address": "V57" }, "geometry": { "type": "MultiPolygon", "coordinates": [ [ [ [ 26.886501, 60.575988, -0.036886 ], [ 26.886685, 60.576046, -0.036886 ], [ 26.886804, 60.575956, -0.036886 ], [ 26.88662, 60.575897, -0.036886 ], [ 26.886501, 60.575988, -0.036886 ] ] ] ] } },
{ "type": "Feature", "properties": { "address": "V99" }, "geometry": { "type": "MultiPolygon", "coordinates": [ [ [ [ 26.886651, 60.575136, 0.0 ], [ 26.886835, 60.575194, 0.0 ], [ 26.886954, 60.575104, 0.0 ], [ 26.88677, 60.575045, 0.0 ], [ 26.886651, 60.575136, 0.0 ] ] ] ] } },
{ "type": "Feature", "properties": { "address": "V109" }, "geometry": { "type": "MultiPolygon", "coordinates": [ [ [ [ 26.886678, 60.574897, 0.0 ], [ 26.886869, 60.574949, 0.0 ], [ 26.886975, 60.574855, 0.0 ], [ 26.886783, 60.574803, 0.0 ], [ 26.886678, 60.574897, 0.0 ] ] ] ] } },
{ "type": "Feature", "properties": { "address": "V119" }, "geometry": { "type": "MultiPolygon", "coordinates": [ [ [ [ 26.886783, 60.574803, 0.0 ], [ 26.886975, 60.574855, 0.0 ], [ 26.887081, 60.57476, 0.0 ], [ 26.886889, 60.574708, 0.0 ], [ 26.886783, 60.574803, 0.0 ] ] ] ] } },
{ "type": "Feature", "properties": { "address": "V129" }, "geometry": { "type": "MultiPolygon", "coordinates": [ [ [ [ 26.886889, 60.574708, 0.0 ], [ 26.887081, 60.57476, 0.0 ], [ 26.887186, 60.574666, 0.0 ], [ 26.886995, 60.574614, 0.0 ], [ 26.886889, 60.574708, 0.0 ] ] ] ] } },
{ "type": "Feature", "properties": { "address": "V140" }, "geometry": { "type": "MultiPolygon", "coordinates": [ [ [ [ 26.886995, 60.574614, 0.0 ], [ 26.887186, 60.574666, 0.0 ], [ 26.887292, 60.574572, 0.0 ], [ 26.887101, 60.57452, 0.0 ], [ 26.886995, 60.574614, 0.0 ] ] ] ] } },
{ "type": "Feature", "properties": { "address": "V110" }, "geometry": { "type": "MultiPolygon", "coordinates": [ [ [ [ 26.886869, 60.574949, 0.0 ], [ 26.887061, 60.575001, 0.0 ], [ 26.887167, 60.574907, 0.0 ], [ 26.886975, 60.574855, 0.0 ], [ 26.886869, 60.574949, 0.0 ] ] ] ] } },
{ "type": "Feature", "properties": { "address": "V111" }, "geometry": { "type": "MultiPolygon", "coordinates": [ [ [ [ 26.887061, 60.575001, 0.0 ], [ 26.887252, 60.575053, 0.0 ], [ 26.887358, 60.574959, 0.0 ], [ 26.887167, 60.574907, 0.0 ], [ 26.887061, 60.575001, 0.0 ] ] ] ] } },
{ "type": "Feature", "properties": { "address": "V120" }, "geometry": { "type": "MultiPolygon", "coordinates": [ [ [ [ 26.886975, 60.574855, 0.0 ], [ 26.887167, 60.574907, 0.0 ], [ 26.887272, 60.574812, 0.0 ], [ 26.887081, 60.57476, 0.0 ], [ 26.886975, 60.574855, 0.0 ] ] ] ] } },
{ "type": "Feature", "properties": { "address": "V121" }, "geometry": { "type": "MultiPolygon", "coordinates": [ [ [ [ 26.887167, 60.574907, 0.0 ], [ 26.887358, 60.574959, 0.0 ], [ 26.887464, 60.574864, 0.0 ], [ 26.887272, 60.574812, 0.0 ], [ 26.887167, 60.574907, 0.0 ] ] ] ] } },
{ "type": "Feature", "properties": { "address": "V130" }, "geometry": { "type": "MultiPolygon", "coordinates": [ [ [ [ 26.887081, 60.57476, 0.0 ], [ 26.887272, 60.574812, 0.0 ], [ 26.887378, 60.574718, 0.0 ], [ 26.887186, 60.574666, 0.0 ], [ 26.887081, 60.57476, 0.0 ] ] ] ] } },
{ "type": "Feature", "properties": { "address": "V141" }, "geometry": { "type": "MultiPolygon", "coordinates": [ [ [ [ 26.887186, 60.574666, 0.0 ], [ 26.887378, 60.574718, 0.0 ], [ 26.887484, 60.574624, 0.0 ], [ 26.887292, 60.574572, 0.0 ], [ 26.887186, 60.574666, 0.0 ] ] ] ] } },
{ "type": "Feature", "properties": { "address": "V151" }, "geometry": { "type": "MultiPolygon", "coordinates": [ [ [ [ 26.887101, 60.57452, 0.0 ], [ 26.887292, 60.574572, 0.0 ], [ 26.887398, 60.574478, 0.0 ], [ 26.887206, 60.574426, 0.0 ], [ 26.887101, 60.57452, 0.0 ] ] ] ] } },
{ "type": "Feature", "properties": { "address": "V188" }, "geometry": { "type": "MultiPolygon", "coordinates": [ [ [ [ 26.887501, 60.574535, 0.0 ], [ 26.887621, 60.574625, 0.0 ], [ 26.887804, 60.574566, 0.0 ], [ 26.887685, 60.574476, 0.0 ], [ 26.887501, 60.574535, 0.0 ] ] ] ] } },
{ "type": "Feature", "properties": { "address": "V189" }, "geometry": { "type": "MultiPolygon", "coordinates": [ [ [ [ 26.887685, 60.574476, 0.0 ], [ 26.887804, 60.574566, 0.0 ], [ 26.887987, 60.574507, 0.0 ], [ 26.887868, 60.574417, 0.0 ], [ 26.887685, 60.574476, 0.0 ] ] ] ] } },
{ "type": "Feature", "properties": { "address": "V190" }, "geometry": { "type": "MultiPolygon", "coordinates": [ [ [ [ 26.887868, 60.574417, 0.0 ], [ 26.887987, 60.574507, 0.0 ], [ 26.888171, 60.574448, 0.0 ], [ 26.888051, 60.574358, 0.0 ], [ 26.887868, 60.574417, 0.0 ] ] ] ] } },
{ "type": "Feature", "properties": { "address": "V191" }, "geometry": { "type": "MultiPolygon", "coordinates": [ [ [ [ 26.888051, 60.574358, 0.0 ], [ 26.888171, 60.574448, 0.0 ], [ 26.888354, 60.574389, 0.0 ], [ 26.888235, 60.574299, 0.0 ], [ 26.888051, 60.574358, 0.0 ] ] ] ] } },
{ "type": "Feature", "properties": { "address": "V194" }, "geometry": { "type": "MultiPolygon", "coordinates": [ [ [ [ 26.887932, 60.574268, 0.0 ], [ 26.888051, 60.574358, 0.0 ], [ 26.888235, 60.574299, 0.0 ], [ 26.888115, 60.574209, 0.0 ], [ 26.887932, 60.574268, 0.0 ] ] ] ] } },
{ "type": "Feature", "properties": { "address": "V196" }, "geometry": { "type": "MultiPolygon", "coordinates": [ [ [ [ 26.887812, 60.574178, 0.0 ], [ 26.887932, 60.574268, 0.0 ], [ 26.888115, 60.574209, 0.0 ], [ 26.887995, 60.574119, 0.0 ], [ 26.887812, 60.574178, 0.0 ] ] ] ] } },
{ "type": "Feature", "properties": { "address": "V198" }, "geometry": { "type": "MultiPolygon", "coordinates": [ [ [ [ 26.887692, 60.574087, 0.0 ], [ 26.887812, 60.574178, 0.0 ], [ 26.887995, 60.574119, 0.0 ], [ 26.887876, 60.574029, 0.0 ], [ 26.887692, 60.574087, 0.0 ] ] ] ] } },
{ "type": "Feature", "properties": { "address": "V195" }, "geometry": { "type": "MultiPolygon", "coordinates": [ [ [ [ 26.888115, 60.574209, 0.0 ], [ 26.888235, 60.574299, 0.0 ], [ 26.888418, 60.57424, 0.0 ], [ 26.888298, 60.57415, 0.0 ], [ 26.888115, 60.574209, 0.0 ] ] ] ] } },
{ "type": "Feature", "properties": { "address": "V197" }, "geometry": { "type": "MultiPolygon", "coordinates": [ [ [ [ 26.887995, 60.574119, 0.0 ], [ 26.888115, 60.574209, 0.0 ], [ 26.888298, 60.57415, 0.0 ], [ 26.888179, 60.57406, 0.0 ], [ 26.887995, 60.574119, 0.0 ] ] ] ] } },
{ "type": "Feature", "properties": { "address": "V131" }, "geometry": { "type": "MultiPolygon", "coordinates": [ [ [ [ 26.887272, 60.574812, 0.0 ], [ 26.887464, 60.574864, 0.0 ], [ 26.88757, 60.57477, 0.0 ], [ 26.887378, 60.574718, 0.0 ], [ 26.887272, 60.574812, 0.0 ] ] ] ] } },
{ "type": "Feature", "properties": { "address": "V142" }, "geometry": { "type": "MultiPolygon", "coordinates": [ [ [ [ 26.887378, 60.574718, 0.0 ], [ 26.88757, 60.57477, 0.0 ], [ 26.887675, 60.574676, 0.0 ], [ 26.887484, 60.574624, 0.0 ], [ 26.887378, 60.574718, 0.0 ] ] ] ] } },
{ "type": "Feature", "properties": { "address": "V132" }, "geometry": { "type": "MultiPolygon", "coordinates": [ [ [ [ 26.887495, 60.574892, 0.0 ], [ 26.887676, 60.574953, 0.0 ], [ 26.887799, 60.574864, 0.0 ], [ 26.887618, 60.574803, 0.0 ], [ 26.887495, 60.574892, 0.0 ] ] ] ] } },
{ "type": "Feature", "properties": { "address": "V93" }, "geometry": { "type": "MultiPolygon", "coordinates": [ [ [ [ 26.886533, 60.575226, 0.0 ], [ 26.886716, 60.575285, 0.0 ], [ 26.886835, 60.575194, 0.0 ], [ 26.886651, 60.575136, 0.0 ], [ 26.886533, 60.575226, 0.0 ] ] ] ] } },
{ "type": "Feature", "properties": { "address": "V87" }, "geometry": { "type": "MultiPolygon", "coordinates": [ [ [ [ 26.886414, 60.575317, 0.0 ], [ 26.886597, 60.575375, 0.0 ], [ 26.886716, 60.575285, 0.0 ], [ 26.886533, 60.575226, 0.0 ], [ 26.886414, 60.575317, 0.0 ] ] ] ] } },
{ "type": "Feature", "properties": { "address": "V82" }, "geometry": { "type": "MultiPolygon", "coordinates": [ [ [ [ 26.887439, 60.57589, 0.0 ], [ 26.887624, 60.575948, 0.0 ], [ 26.887742, 60.575858, 0.0 ], [ 26.887557, 60.5758, 0.0 ], [ 26.887439, 60.57589, 0.0 ] ] ] ] } },
{ "type": "Feature", "properties": { "address": "V51" }, "geometry": { "type": "MultiPolygon", "coordinates": [ [ [ [ 26.886799, 60.576264, 0.0 ], [ 26.886984, 60.576322, 0.0 ], [ 26.887102, 60.576232, 0.0 ], [ 26.886918, 60.576173, 0.0 ], [ 26.886799, 60.576264, 0.0 ] ] ] ] } },
{ "type": "Feature", "properties": { "address": "V45" }, "geometry": { "type": "MultiPolygon", "coordinates": [ [ [ [ 26.886681, 60.576355, 0.0 ], [ 26.886866, 60.576413, 0.0 ], [ 26.886984, 60.576322, 0.0 ], [ 26.886799, 60.576264, 0.0 ], [ 26.886681, 60.576355, 0.0 ] ] ] ] } },
{ "type": "Feature", "properties": { "address": "V46" }, "geometry": { "type": "MultiPolygon", "coordinates": [ [ [ [ 26.886866, 60.576413, 0.0 ], [ 26.88705, 60.576471, 0.0 ], [ 26.887168, 60.57638, 0.0 ], [ 26.886984, 60.576322, 0.0 ], [ 26.886866, 60.576413, 0.0 ] ] ] ] } },
{ "type": "Feature", "properties": { "address": "V52" }, "geometry": { "type": "MultiPolygon", "coordinates": [ [ [ [ 26.886984, 60.576322, 0.0 ], [ 26.887168, 60.57638, 0.0 ], [ 26.887286, 60.57629, 0.0 ], [ 26.887102, 60.576232, 0.0 ], [ 26.886984, 60.576322, 0.0 ] ] ] ] } },
{ "type": "Feature", "properties": { "address": "V59" }, "geometry": { "type": "MultiPolygon", "coordinates": [ [ [ [ 26.886918, 60.576173, 0.0 ], [ 26.887102, 60.576232, 0.0 ], [ 26.88722, 60.576141, 0.0 ], [ 26.887036, 60.576083, 0.0 ], [ 26.886918, 60.576173, 0.0 ] ] ] ] } },
{ "type": "Feature", "properties": { "address": "V60" }, "geometry": { "type": "MultiPolygon", "coordinates": [ [ [ [ 26.887102, 60.576232, 0.0 ], [ 26.887286, 60.57629, 0.0 ], [ 26.887404, 60.576199, 0.0 ], [ 26.88722, 60.576141, 0.0 ], [ 26.887102, 60.576232, 0.0 ] ] ] ] } },
{ "type": "Feature", "properties": { "address": "V50" }, "geometry": { "type": "MultiPolygon", "coordinates": [ [ [ [ 26.886615, 60.576206, 0.0 ], [ 26.886799, 60.576264, 0.0 ], [ 26.886918, 60.576173, 0.0 ], [ 26.886733, 60.576115, 0.0 ], [ 26.886615, 60.576206, 0.0 ] ] ] ] } },
{ "type": "Feature", "properties": { "address": "V58" }, "geometry": { "type": "MultiPolygon", "coordinates": [ [ [ [ 26.886733, 60.576115, 0.0 ], [ 26.886918, 60.576173, 0.0 ], [ 26.887036, 60.576083, 0.0 ], [ 26.886852, 60.576025, 0.0 ], [ 26.886733, 60.576115, 0.0 ] ] ] ] } },
{ "type": "Feature", "properties": { "address": "V44" }, "geometry": { "type": "MultiPolygon", "coordinates": [ [ [ [ 26.886497, 60.576297, 0.0 ], [ 26.886681, 60.576355, 0.0 ], [ 26.886799, 60.576264, 0.0 ], [ 26.886615, 60.576206, 0.0 ], [ 26.886497, 60.576297, 0.0 ] ] ] ] } },
{ "type": "Feature", "properties": { "address": "V20" }, "geometry": { "type": "MultiPolygon", "coordinates": [ [ [ [ 26.886024, 60.576659, 0.0 ], [ 26.886209, 60.576717, 0.0 ], [ 26.886327, 60.576627, 0.0 ], [ 26.886143, 60.576569, 0.0 ], [ 26.886024, 60.576659, 0.0 ] ] ] ] } },
{ "type": "Feature", "properties": { "address": "V38" }, "geometry": { "type": "MultiPolygon", "coordinates": [ [ [ [ 26.886379, 60.576387, 0.0 ], [ 26.886563, 60.576445, 0.0 ], [ 26.886681, 60.576355, 0.0 ], [ 26.886497, 60.576297, 0.0 ], [ 26.886379, 60.576387, 0.0 ] ] ] ] } },
{ "type": "Feature", "properties": { "address": "V28" }, "geometry": { "type": "MultiPolygon", "coordinates": [ [ [ [ 26.886261, 60.576478, 0.0 ], [ 26.886445, 60.576536, 0.0 ], [ 26.886563, 60.576445, 0.0 ], [ 26.886379, 60.576387, 0.0 ], [ 26.886261, 60.576478, 0.0 ] ] ] ] } },
{ "type": "Feature", "properties": { "address": "V176" }, "geometry": { "type": "MultiPolygon", "coordinates": [ [ [ [ 26.889558, 60.574932, 0.0 ], [ 26.889739, 60.574993, 0.0 ], [ 26.889862, 60.574904, 0.0 ], [ 26.889681, 60.574843, 0.0 ], [ 26.889558, 60.574932, 0.0 ] ] ] ] } },
{ "type": "Feature", "properties": { "address": "V182" }, "geometry": { "type": "MultiPolygon", "coordinates": [ [ [ [ 26.889681, 60.574843, 0.0 ], [ 26.889862, 60.574904, 0.0 ], [ 26.889986, 60.574815, 0.0 ], [ 26.889805, 60.574754, 0.0 ], [ 26.889681, 60.574843, 0.0 ] ] ] ] } },
{ "type": "Feature", "properties": { "address": "V187" }, "geometry": { "type": "MultiPolygon", "coordinates": [ [ [ [ 26.889805, 60.574754, 0.0 ], [ 26.889986, 60.574815, 0.0 ], [ 26.890109, 60.574726, 0.0 ], [ 26.889928, 60.574665, 0.0 ], [ 26.889805, 60.574754, 0.0 ] ] ] ] } },
{ "type": "Feature", "properties": { "address": "V193" }, "geometry": { "type": "MultiPolygon", "coordinates": [ [ [ [ 26.888418, 60.57424, 0.0 ], [ 26.888537, 60.574331, 0.0 ], [ 26.888721, 60.574272, 0.0 ], [ 26.888601, 60.574181, 0.0 ], [ 26.888418, 60.57424, 0.0 ] ] ] ] } },
{ "type": "Feature", "properties": { "address": "V192" }, "geometry": { "type": "MultiPolygon", "coordinates": [ [ [ [ 26.888235, 60.574299, 0.0 ], [ 26.888354, 60.574389, 0.0 ], [ 26.888537, 60.574331, 0.0 ], [ 26.888418, 60.57424, 0.0 ], [ 26.888235, 60.574299, 0.0 ] ] ] ] } },
{ "type": "Feature", "properties": { "address": "V23" }, "geometry": { "type": "MultiPolygon", "coordinates": [ [ [ [ 26.885406, 60.576337, 0.0 ], [ 26.885523, 60.576246, 0.0 ], [ 26.885339, 60.576188, 0.0 ], [ 26.885221, 60.576279, 0.0 ], [ 26.885406, 60.576337, 0.0 ] ] ] ] } },
{ "type": "Feature", "properties": { "address": "V32" }, "geometry": { "type": "MultiPolygon", "coordinates": [ [ [ [ 26.885273, 60.576038, 0.0 ], [ 26.885457, 60.576096, 0.0 ], [ 26.885576, 60.576006, 0.0 ], [ 26.885392, 60.575948, 0.0 ], [ 26.885273, 60.576038, 0.0 ] ] ] ] } },
{ "type": "Feature", "properties": { "address": "V47" }, "geometry": { "type": "MultiPolygon", "coordinates": [ [ [ [ 26.885706, 60.575799, -0.036886 ], [ 26.88589, 60.575857, -0.036886 ], [ 26.886009, 60.575767, -0.036886 ], [ 26.885825, 60.575709, -0.036886 ], [ 26.885706, 60.575799, -0.036886 ] ] ] ] } },
{ "type": "Feature", "properties": { "address": "V150" }, "geometry": { "type": "MultiPolygon", "coordinates": [ [ [ [ 26.88691, 60.574468, -60.084 ], [ 26.887101, 60.57452, -60.084 ], [ 26.887207, 60.574426, -60.084 ], [ 26.887015, 60.574374, -60.084 ], [ 26.88691, 60.574468, -60.084 ] ] ] ] } },
{ "type": "Feature", "properties": { "address": "V139" }, "geometry": { "type": "MultiPolygon", "coordinates": [ [ [ [ 26.886804, 60.574562, -60.084 ], [ 26.886995, 60.574614, -60.084 ], [ 26.887101, 60.57452, -60.084 ], [ 26.88691, 60.574468, -60.084 ], [ 26.886804, 60.574562, -60.084 ] ] ] ] } },
{ "type": "Feature", "properties": { "address": "V128" }, "geometry": { "type": "MultiPolygon", "coordinates": [ [ [ [ 26.886698, 60.574656, -60.084 ], [ 26.88689, 60.574708, -60.084 ], [ 26.886995, 60.574614, -60.084 ], [ 26.886804, 60.574562, -60.084 ], [ 26.886698, 60.574656, -60.084 ] ] ] ] } },
{ "type": "Feature", "properties": { "address": "V118" }, "geometry": { "type": "MultiPolygon", "coordinates": [ [ [ [ 26.886592, 60.574751, -60.084 ], [ 26.886784, 60.574803, -60.084 ], [ 26.88689, 60.574708, -60.084 ], [ 26.886698, 60.574656, -60.084 ], [ 26.886592, 60.574751, -60.084 ] ] ] ] } },
{ "type": "Feature", "properties": { "address": "V108" }, "geometry": { "type": "MultiPolygon", "coordinates": [ [ [ [ 26.886487, 60.574845, -60.084 ], [ 26.886678, 60.574897, -60.084 ], [ 26.886784, 60.574803, -60.084 ], [ 26.886592, 60.574751, -60.084 ], [ 26.886487, 60.574845, -60.084 ] ] ] ] } },
{ "type": "Feature", "properties": { "address": "V16" }, "geometry": { "type": "MultiPolygon", "coordinates": [ [ [ [ 26.885472, 60.576485, 0.0 ], [ 26.88559, 60.576394, 0.0 ], [ 26.885406, 60.576337, 0.0 ], [ 26.885288, 60.576427, 0.0 ], [ 26.885472, 60.576485, 0.0 ] ] ] ] } },
{ "type": "Feature", "properties": { "address": "173" }, "geometry": { "type": "MultiPolygon", "coordinates": [ [ [ [ 26.896865, 60.579695, 0.073525 ], [ 26.896778, 60.579681, 0.073525 ], [ 26.896745, 60.579733, 0.073525 ], [ 26.896832, 60.579746, 0.073525 ], [ 26.896865, 60.579695, 0.073525 ] ] ] ] } },
{ "type": "Feature", "properties": { "address": "182" }, "geometry": { "type": "MultiPolygon", "coordinates": [ [ [ [ 26.896778, 60.579681, 0.073525 ], [ 26.89669, 60.579668, 0.073525 ], [ 26.896658, 60.579719, 0.073525 ], [ 26.896745, 60.579733, 0.073525 ], [ 26.896778, 60.579681, 0.073525 ] ] ] ] } },
{ "type": "Feature", "properties": { "address": "220" }, "geometry": { "type": "MultiPolygon", "coordinates": [ [ [ [ 26.896636, 60.579603, 0.073525 ], [ 26.896549, 60.57959, 0.073525 ], [ 26.896516, 60.579641, 0.073525 ], [ 26.896603, 60.579655, 0.073525 ], [ 26.896636, 60.579603, 0.073525 ] ] ] ] } },
{ "type": "Feature", "properties": { "address": "238" }, "geometry": { "type": "MultiPolygon", "coordinates": [ [ [ [ 26.896532, 60.579616, 0.073525 ], [ 26.896445, 60.579602, 0.073525 ], [ 26.896413, 60.579654, 0.073525 ], [ 26.8965, 60.579667, 0.073525 ], [ 26.896532, 60.579616, 0.073525 ] ] ] ] } },
{ "type": "Feature", "properties": { "address": "172" }, "geometry": { "type": "MultiPolygon", "coordinates": [ [ [ [ 26.896832, 60.579746, 0.073525 ], [ 26.896745, 60.579733, 0.073525 ], [ 26.896713, 60.579784, 0.073525 ], [ 26.8968, 60.579797, 0.073525 ], [ 26.896832, 60.579746, 0.073525 ] ] ] ] } },
{ "type": "Feature", "properties": { "address": "181" }, "geometry": { "type": "MultiPolygon", "coordinates": [ [ [ [ 26.896745, 60.579733, 0.073525 ], [ 26.896658, 60.579719, 0.073525 ], [ 26.896625, 60.579771, 0.073525 ], [ 26.896713, 60.579784, 0.073525 ], [ 26.896745, 60.579733, 0.073525 ] ] ] ] } },
{ "type": "Feature", "properties": { "address": "219" }, "geometry": { "type": "MultiPolygon", "coordinates": [ [ [ [ 26.896603, 60.579655, 0.073525 ], [ 26.896516, 60.579641, 0.073525 ], [ 26.896484, 60.579693, 0.073525 ], [ 26.896571, 60.579706, 0.073525 ], [ 26.896603, 60.579655, 0.073525 ] ] ] ] } },
{ "type": "Feature", "properties": { "address": "237" }, "geometry": { "type": "MultiPolygon", "coordinates": [ [ [ [ 26.8965, 60.579667, 0.073525 ], [ 26.896413, 60.579654, 0.073525 ], [ 26.89638, 60.579705, 0.073525 ], [ 26.896467, 60.579718, 0.073525 ], [ 26.8965, 60.579667, 0.073525 ] ] ] ] } },
{ "type": "Feature", "properties": { "address": "170" }, "geometry": { "type": "MultiPolygon", "coordinates": [ [ [ [ 26.896767, 60.579849, 0.073525 ], [ 26.89668, 60.579836, 0.073525 ], [ 26.896648, 60.579887, 0.073525 ], [ 26.896735, 60.5799, 0.073525 ], [ 26.896767, 60.579849, 0.073525 ] ] ] ] } },
{ "type": "Feature", "properties": { "address": "179" }, "geometry": { "type": "MultiPolygon", "coordinates": [ [ [ [ 26.89668, 60.579836, 0.073525 ], [ 26.896593, 60.579822, 0.073525 ], [ 26.896561, 60.579874, 0.073525 ], [ 26.896648, 60.579887, 0.073525 ], [ 26.89668, 60.579836, 0.073525 ] ] ] ] } },
{ "type": "Feature", "properties": { "address": "218" }, "geometry": { "type": "MultiPolygon", "coordinates": [ [ [ [ 26.896571, 60.579706, 0.073525 ], [ 26.896484, 60.579693, 0.073525 ], [ 26.896451, 60.579744, 0.073525 ], [ 26.896538, 60.579758, 0.073525 ], [ 26.896571, 60.579706, 0.073525 ] ] ] ] } },
{ "type": "Feature", "properties": { "address": "236" }, "geometry": { "type": "MultiPolygon", "coordinates": [ [ [ [ 26.896467, 60.579718, 0.073525 ], [ 26.89638, 60.579705, 0.073525 ], [ 26.896348, 60.579757, 0.073525 ], [ 26.896435, 60.57977, 0.073525 ], [ 26.896467, 60.579718, 0.073525 ] ] ] ] } },
{ "type": "Feature", "properties": { "address": "169" }, "geometry": { "type": "MultiPolygon", "coordinates": [ [ [ [ 26.896735, 60.5799, 0.073525 ], [ 26.896648, 60.579887, 0.073525 ], [ 26.896615, 60.579938, 0.073525 ], [ 26.896702, 60.579952, 0.073525 ], [ 26.896735, 60.5799, 0.073525 ] ] ] ] } },
{ "type": "Feature", "properties": { "address": "165" }, "geometry": { "type": "MultiPolygon", "coordinates": [ [ [ [ 26.897039, 60.579721, 0.073525 ], [ 26.896952, 60.579708, 0.073525 ], [ 26.896919, 60.579759, 0.073525 ], [ 26.897006, 60.579773, 0.073525 ], [ 26.897039, 60.579721, 0.073525 ] ] ] ] } },
{ "type": "Feature", "properties": { "address": "164" }, "geometry": { "type": "MultiPolygon", "coordinates": [ [ [ [ 26.897006, 60.579773, 0.073525 ], [ 26.896919, 60.579759, 0.073525 ], [ 26.896887, 60.579811, 0.073525 ], [ 26.896974, 60.579824, 0.073525 ], [ 26.897006, 60.579773, 0.073525 ] ] ] ] } },
{ "type": "Feature", "properties": { "address": "162" }, "geometry": { "type": "MultiPolygon", "coordinates": [ [ [ [ 26.896942, 60.579876, 0.073525 ], [ 26.896854, 60.579862, 0.073525 ], [ 26.896822, 60.579914, 0.073525 ], [ 26.896909, 60.579927, 0.073525 ], [ 26.896942, 60.579876, 0.073525 ] ] ] ] } },
{ "type": "Feature", "properties": { "address": "161" }, "geometry": { "type": "MultiPolygon", "coordinates": [ [ [ [ 26.896909, 60.579927, 0.073525 ], [ 26.896822, 60.579914, 0.073525 ], [ 26.896789, 60.579965, 0.073525 ], [ 26.896877, 60.579978, 0.073525 ], [ 26.896909, 60.579927, 0.073525 ] ] ] ] } },
{ "type": "Feature", "properties": { "address": "78" }, "geometry": { "type": "MultiPolygon", "coordinates": [ [ [ [ 26.899151, 60.580055, 14.303044 ], [ 26.89906, 60.580058, 14.303044 ], [ 26.899067, 60.580112, 14.303044 ], [ 26.899158, 60.580109, 14.303044 ], [ 26.899151, 60.580055, 14.303044 ] ] ] ] } },
{ "type": "Feature", "properties": { "address": "79" }, "geometry": { "type": "MultiPolygon", "coordinates": [ [ [ [ 26.899158, 60.580109, 14.303044 ], [ 26.899067, 60.580113, 14.303044 ], [ 26.899076, 60.580167, 14.303044 ], [ 26.899167, 60.580163, 14.303044 ], [ 26.899158, 60.580109, 14.303044 ] ] ] ] } },
{ "type": "Feature", "properties": { "address": "75" }, "geometry": { "type": "MultiPolygon", "coordinates": [ [ [ [ 26.899136, 60.579894, 14.303044 ], [ 26.899045, 60.579894, 14.303044 ], [ 26.899043, 60.579947, 14.303044 ], [ 26.899134, 60.579948, 14.303044 ], [ 26.899136, 60.579894, 14.303044 ] ] ] ] } },
{ "type": "Feature", "properties": { "address": "76" }, "geometry": { "type": "MultiPolygon", "coordinates": [ [ [ [ 26.899134, 60.579948, 14.303044 ], [ 26.899043, 60.579951, 14.303044 ], [ 26.89905, 60.580005, 14.303044 ], [ 26.899141, 60.580002, 14.303044 ], [ 26.899134, 60.579948, 14.303044 ] ] ] ] } },
{ "type": "Feature", "properties": { "address": "74" }, "geometry": { "type": "MultiPolygon", "coordinates": [ [ [ [ 26.899137, 60.57984, 14.303044 ], [ 26.899046, 60.57984, 14.303044 ], [ 26.899045, 60.579894, 14.303044 ], [ 26.899136, 60.579894, 14.303044 ], [ 26.899137, 60.57984, 14.303044 ] ] ] ] } },
{ "type": "Feature", "properties": { "address": "73" }, "geometry": { "type": "MultiPolygon", "coordinates": [ [ [ [ 26.899139, 60.579786, 14.303044 ], [ 26.899047, 60.579786, 14.303044 ], [ 26.899046, 60.57984, 14.303044 ], [ 26.899137, 60.57984, 14.303044 ], [ 26.899139, 60.579786, 14.303044 ] ] ] ] } },
{ "type": "Feature", "properties": { "address": "72" }, "geometry": { "type": "MultiPolygon", "coordinates": [ [ [ [ 26.89914, 60.579733, 14.303044 ], [ 26.899049, 60.579732, 14.303044 ], [ 26.899047, 60.579786, 14.303044 ], [ 26.899139, 60.579786, 14.303044 ], [ 26.89914, 60.579733, 14.303044 ] ] ] ] } },
{ "type": "Feature", "properties": { "address": "153" }, "geometry": { "type": "MultiPolygon", "coordinates": [ [ [ [ 26.896996, 60.57994, 0.073525 ], [ 26.896909, 60.579927, 0.073525 ], [ 26.896877, 60.579978, 0.073525 ], [ 26.896964, 60.579992, 0.073525 ], [ 26.896996, 60.57994, 0.073525 ] ] ] ] } },
{ "type": "Feature", "properties": { "address": "154" }, "geometry": { "type": "MultiPolygon", "coordinates": [ [ [ [ 26.897029, 60.579889, 0.073525 ], [ 26.896942, 60.579876, 0.073525 ], [ 26.896909, 60.579927, 0.073525 ], [ 26.896996, 60.57994, 0.073525 ], [ 26.897029, 60.579889, 0.073525 ] ] ] ] } },
{ "type": "Feature", "properties": { "address": "156" }, "geometry": { "type": "MultiPolygon", "coordinates": [ [ [ [ 26.897094, 60.579786, 0.073525 ], [ 26.897006, 60.579773, 0.073525 ], [ 26.896974, 60.579824, 0.073525 ], [ 26.897061, 60.579837, 0.073525 ], [ 26.897094, 60.579786, 0.073525 ] ] ] ] } },
{ "type": "Feature", "properties": { "address": "157" }, "geometry": { "type": "MultiPolygon", "coordinates": [ [ [ [ 26.897126, 60.579735, 0.073525 ], [ 26.897039, 60.579721, 0.073525 ], [ 26.897006, 60.579773, 0.073525 ], [ 26.897094, 60.579786, 0.073525 ], [ 26.897126, 60.579735, 0.073525 ] ] ] ] } },
{ "type": "Feature", "properties": { "address": "252" }, "geometry": { "type": "MultiPolygon", "coordinates": [ [ [ [ 26.896987, 60.578895, 0.073525 ], [ 26.8969, 60.578882, 0.073525 ], [ 26.896867, 60.578933, 0.073525 ], [ 26.896955, 60.578947, 0.073525 ], [ 26.896987, 60.578895, 0.073525 ] ] ] ] } },
{ "type": "Feature", "properties": { "address": "253" }, "geometry": { "type": "MultiPolygon", "coordinates": [ [ [ [ 26.89702, 60.578844, 0.073525 ], [ 26.896932, 60.578831, 0.073525 ], [ 26.8969, 60.578882, 0.073525 ], [ 26.896987, 60.578895, 0.073525 ], [ 26.89702, 60.578844, 0.073525 ] ] ] ] } },
{ "type": "Feature", "properties": { "address": "254" }, "geometry": { "type": "MultiPolygon", "coordinates": [ [ [ [ 26.896965, 60.578779, 0.073525 ], [ 26.896878, 60.578766, 0.073525 ], [ 26.896845, 60.578817, 0.073525 ], [ 26.896932, 60.578831, 0.073525 ], [ 26.896965, 60.578779, 0.073525 ] ] ] ] } },
{ "type": "Feature", "properties": { "address": "255" }, "geometry": { "type": "MultiPolygon", "coordinates": [ [ [ [ 26.896997, 60.578728, 0.073525 ], [ 26.89691, 60.578714, 0.073525 ], [ 26.896878, 60.578766, 0.073525 ], [ 26.896965, 60.578779, 0.073525 ], [ 26.896997, 60.578728, 0.073525 ] ] ] ] } },
{ "type": "Feature", "properties": { "address": "256" }, "geometry": { "type": "MultiPolygon", "coordinates": [ [ [ [ 26.89703, 60.578676, 0.073525 ], [ 26.896943, 60.578663, 0.073525 ], [ 26.89691, 60.578714, 0.073525 ], [ 26.896997, 60.578728, 0.073525 ], [ 26.89703, 60.578676, 0.073525 ] ] ] ] } },
{ "type": "Feature", "properties": { "address": "257" }, "geometry": { "type": "MultiPolygon", "coordinates": [ [ [ [ 26.897062, 60.578625, 0.073525 ], [ 26.896975, 60.578611, 0.073525 ], [ 26.896943, 60.578663, 0.073525 ], [ 26.89703, 60.578676, 0.073525 ], [ 26.897062, 60.578625, 0.073525 ] ] ] ] } },
{ "type": "Feature", "properties": { "address": "258" }, "geometry": { "type": "MultiPolygon", "coordinates": [ [ [ [ 26.897095, 60.578573, 0.073525 ], [ 26.897008, 60.57856, 0.073525 ], [ 26.896975, 60.578611, 0.073525 ], [ 26.897062, 60.578625, 0.073525 ], [ 26.897095, 60.578573, 0.073525 ] ] ] ] } },
{ "type": "Feature", "properties": { "address": "259" }, "geometry": { "type": "MultiPolygon", "coordinates": [ [ [ [ 26.897084, 60.578515, 0.073525 ], [ 26.896997, 60.578502, 0.073525 ], [ 26.896964, 60.578553, 0.073525 ], [ 26.897051, 60.578567, 0.073525 ], [ 26.897084, 60.578515, 0.073525 ] ] ] ] } },
{ "type": "Feature", "properties": { "address": "260" }, "geometry": { "type": "MultiPolygon", "coordinates": [ [ [ [ 26.897116, 60.578464, 0.073525 ], [ 26.897029, 60.57845, 0.073525 ], [ 26.896997, 60.578502, 0.073525 ], [ 26.897084, 60.578515, 0.073525 ], [ 26.897116, 60.578464, 0.073525 ] ] ] ] } },
{ "type": "Feature", "properties": { "address": "261" }, "geometry": { "type": "MultiPolygon", "coordinates": [ [ [ [ 26.897149, 60.578412, 0.073525 ], [ 26.897062, 60.578399, 0.073525 ], [ 26.897029, 60.57845, 0.073525 ], [ 26.897116, 60.578464, 0.073525 ], [ 26.897149, 60.578412, 0.073525 ] ] ] ] } },
{ "type": "Feature", "properties": { "address": "262" }, "geometry": { "type": "MultiPolygon", "coordinates": [ [ [ [ 26.897181, 60.578361, 0.073525 ], [ 26.897094, 60.578348, 0.073525 ], [ 26.897062, 60.578399, 0.073525 ], [ 26.897149, 60.578412, 0.073525 ], [ 26.897181, 60.578361, 0.073525 ] ] ] ] } },
{ "type": "Feature", "properties": { "address": "263" }, "geometry": { "type": "MultiPolygon", "coordinates": [ [ [ [ 26.897214, 60.578309, 0.073525 ], [ 26.897127, 60.578296, 0.073525 ], [ 26.897094, 60.578348, 0.073525 ], [ 26.897181, 60.578361, 0.073525 ], [ 26.897214, 60.578309, 0.073525 ] ] ] ] } },
{ "type": "Feature", "properties": { "address": "264" }, "geometry": { "type": "MultiPolygon", "coordinates": [ [ [ [ 26.897203, 60.578251, 0.073525 ], [ 26.897115, 60.578238, 0.073525 ], [ 26.897083, 60.578289, 0.073525 ], [ 26.89717, 60.578303, 0.073525 ], [ 26.897203, 60.578251, 0.073525 ] ] ] ] } },
{ "type": "Feature", "properties": { "address": "243" }, "geometry": { "type": "MultiPolygon", "coordinates": [ [ [ [ 26.896695, 60.579358, 0.073525 ], [ 26.896608, 60.579345, 0.073525 ], [ 26.896575, 60.579396, 0.073525 ], [ 26.896662, 60.57941, 0.073525 ], [ 26.896695, 60.579358, 0.073525 ] ] ] ] } },
{ "type": "Feature", "properties": { "address": "244" }, "geometry": { "type": "MultiPolygon", "coordinates": [ [ [ [ 26.896727, 60.579307, 0.073525 ], [ 26.89664, 60.579294, 0.073525 ], [ 26.896608, 60.579345, 0.073525 ], [ 26.896695, 60.579358, 0.073525 ], [ 26.896727, 60.579307, 0.073525 ] ] ] ] } },
{ "type": "Feature", "properties": { "address": "245" }, "geometry": { "type": "MultiPolygon", "coordinates": [ [ [ [ 26.89676, 60.579255, 0.073525 ], [ 26.896673, 60.579242, 0.073525 ], [ 26.89664, 60.579294, 0.073525 ], [ 26.896727, 60.579307, 0.073525 ], [ 26.89676, 60.579255, 0.073525 ] ] ] ] } },
{ "type": "Feature", "properties": { "address": "246" }, "geometry": { "type": "MultiPolygon", "coordinates": [ [ [ [ 26.896792, 60.579204, 0.073525 ], [ 26.896705, 60.579191, 0.073525 ], [ 26.896673, 60.579242, 0.073525 ], [ 26.89676, 60.579255, 0.073525 ], [ 26.896792, 60.579204, 0.073525 ] ] ] ] } },
{ "type": "Feature", "properties": { "address": "247" }, "geometry": { "type": "MultiPolygon", "coordinates": [ [ [ [ 26.896825, 60.579153, 0.073525 ], [ 26.896738, 60.579139, 0.073525 ], [ 26.896705, 60.579191, 0.073525 ], [ 26.896792, 60.579204, 0.073525 ], [ 26.896825, 60.579153, 0.073525 ] ] ] ] } },
{ "type": "Feature", "properties": { "address": "248" }, "geometry": { "type": "MultiPolygon", "coordinates": [ [ [ [ 26.896857, 60.579101, 0.073525 ], [ 26.89677, 60.579088, 0.073525 ], [ 26.896738, 60.579139, 0.073525 ], [ 26.896825, 60.579153, 0.073525 ], [ 26.896857, 60.579101, 0.073525 ] ] ] ] } },
{ "type": "Feature", "properties": { "address": "249" }, "geometry": { "type": "MultiPolygon", "coordinates": [ [ [ [ 26.89689, 60.57905, 0.073525 ], [ 26.896803, 60.579036, 0.073525 ], [ 26.89677, 60.579088, 0.073525 ], [ 26.896857, 60.579101, 0.073525 ], [ 26.89689, 60.57905, 0.073525 ] ] ] ] } },
{ "type": "Feature", "properties": { "address": "250" }, "geometry": { "type": "MultiPolygon", "coordinates": [ [ [ [ 26.896922, 60.578998, 0.073525 ], [ 26.896835, 60.578985, 0.073525 ], [ 26.896803, 60.579036, 0.073525 ], [ 26.89689, 60.57905, 0.073525 ], [ 26.896922, 60.578998, 0.073525 ] ] ] ] } },
{ "type": "Feature", "properties": { "address": "222" }, "geometry": { "type": "MultiPolygon", "coordinates": [ [ [ [ 26.896701, 60.5795, 0.073525 ], [ 26.896614, 60.579487, 0.073525 ], [ 26.896581, 60.579538, 0.073525 ], [ 26.896668, 60.579552, 0.073525 ], [ 26.896701, 60.5795, 0.073525 ] ] ] ] } },
{ "type": "Feature", "properties": { "address": "223" }, "geometry": { "type": "MultiPolygon", "coordinates": [ [ [ [ 26.896733, 60.579449, 0.073525 ], [ 26.896646, 60.579436, 0.073525 ], [ 26.896614, 60.579487, 0.073525 ], [ 26.896701, 60.5795, 0.073525 ], [ 26.896733, 60.579449, 0.073525 ] ] ] ] } },
{ "type": "Feature", "properties": { "address": "224" }, "geometry": { "type": "MultiPolygon", "coordinates": [ [ [ [ 26.896766, 60.579397, 0.073525 ], [ 26.896679, 60.579384, 0.073525 ], [ 26.896646, 60.579436, 0.073525 ], [ 26.896733, 60.579449, 0.073525 ], [ 26.896766, 60.579397, 0.073525 ] ] ] ] } },
{ "type": "Feature", "properties": { "address": "225" }, "geometry": { "type": "MultiPolygon", "coordinates": [ [ [ [ 26.896798, 60.579346, 0.073525 ], [ 26.896711, 60.579333, 0.073525 ], [ 26.896679, 60.579384, 0.073525 ], [ 26.896766, 60.579397, 0.073525 ], [ 26.896798, 60.579346, 0.073525 ] ] ] ] } },
{ "type": "Feature", "properties": { "address": "226" }, "geometry": { "type": "MultiPolygon", "coordinates": [ [ [ [ 26.896831, 60.579294, 0.073525 ], [ 26.896743, 60.579281, 0.073525 ], [ 26.896711, 60.579333, 0.073525 ], [ 26.896798, 60.579346, 0.073525 ], [ 26.896831, 60.579294, 0.073525 ] ] ] ] } },
{ "type": "Feature", "properties": { "address": "184" }, "geometry": { "type": "MultiPolygon", "coordinates": [ [ [ [ 26.896843, 60.579578, 0.073525 ], [ 26.896755, 60.579565, 0.073525 ], [ 26.896723, 60.579616, 0.073525 ], [ 26.89681, 60.57963, 0.073525 ], [ 26.896843, 60.579578, 0.073525 ] ] ] ] } },
{ "type": "Feature", "properties": { "address": "185" }, "geometry": { "type": "MultiPolygon", "coordinates": [ [ [ [ 26.896875, 60.579527, 0.073525 ], [ 26.896788, 60.579514, 0.073525 ], [ 26.896755, 60.579565, 0.073525 ], [ 26.896843, 60.579578, 0.073525 ], [ 26.896875, 60.579527, 0.073525 ] ] ] ] } },
{ "type": "Feature", "properties": { "address": "175" }, "geometry": { "type": "MultiPolygon", "coordinates": [ [ [ [ 26.89693, 60.579592, 0.073525 ], [ 26.896843, 60.579578, 0.073525 ], [ 26.89681, 60.57963, 0.073525 ], [ 26.896897, 60.579643, 0.073525 ], [ 26.89693, 60.579592, 0.073525 ] ] ] ] } },
{ "type": "Feature", "properties": { "address": "176" }, "geometry": { "type": "MultiPolygon", "coordinates": [ [ [ [ 26.896962, 60.57954, 0.073525 ], [ 26.896875, 60.579527, 0.073525 ], [ 26.896843, 60.579578, 0.073525 ], [ 26.89693, 60.579592, 0.073525 ], [ 26.896962, 60.57954, 0.073525 ] ] ] ] } },
{ "type": "Feature", "properties": { "address": "196" }, "geometry": { "type": "MultiPolygon", "coordinates": [ [ [ [ 26.897458, 60.579011, 0.073525 ], [ 26.897367, 60.57901, 0.073525 ], [ 26.897366, 60.579064, 0.073525 ], [ 26.897457, 60.579064, 0.073525 ], [ 26.897458, 60.579011, 0.073525 ] ] ] ] } },
{ "type": "Feature", "properties": { "address": "197" }, "geometry": { "type": "MultiPolygon", "coordinates": [ [ [ [ 26.897459, 60.578957, 0.073525 ], [ 26.897368, 60.578956, 0.073525 ], [ 26.897367, 60.57901, 0.073525 ], [ 26.897458, 60.579011, 0.073525 ], [ 26.897459, 60.578957, 0.073525 ] ] ] ] } },
{ "type": "Feature", "properties": { "address": "198" }, "geometry": { "type": "MultiPolygon", "coordinates": [ [ [ [ 26.89746, 60.578903, 0.073525 ], [ 26.897369, 60.578903, 0.073525 ], [ 26.897368, 60.578956, 0.073525 ], [ 26.897459, 60.578957, 0.073525 ], [ 26.89746, 60.578903, 0.073525 ] ] ] ] } },
{ "type": "Feature", "properties": { "address": "199" }, "geometry": { "type": "MultiPolygon", "coordinates": [ [ [ [ 26.897461, 60.578849, 0.073525 ], [ 26.897369, 60.578849, 0.073525 ], [ 26.897369, 60.578903, 0.073525 ], [ 26.89746, 60.578903, 0.073525 ], [ 26.897461, 60.578849, 0.073525 ] ] ] ] } },
{ "type": "Feature", "properties": { "address": "200" }, "geometry": { "type": "MultiPolygon", "coordinates": [ [ [ [ 26.897461, 60.578795, 0.073525 ], [ 26.89737, 60.578795, 0.073525 ], [ 26.897369, 60.578849, 0.073525 ], [ 26.897461, 60.578849, 0.073525 ], [ 26.897461, 60.578795, 0.073525 ] ] ] ] } },
{ "type": "Feature", "properties": { "address": "208" }, "geometry": { "type": "MultiPolygon", "coordinates": [ [ [ [ 26.897367, 60.57901, 0.073525 ], [ 26.897276, 60.57901, 0.073525 ], [ 26.897275, 60.579064, 0.073525 ], [ 26.897366, 60.579064, 0.073525 ], [ 26.897367, 60.57901, 0.073525 ] ] ] ] } },
{ "type": "Feature", "properties": { "address": "209" }, "geometry": { "type": "MultiPolygon", "coordinates": [ [ [ [ 26.897368, 60.578956, 0.073525 ], [ 26.897276, 60.578956, 0.073525 ], [ 26.897276, 60.57901, 0.073525 ], [ 26.897367, 60.57901, 0.073525 ], [ 26.897368, 60.578956, 0.073525 ] ] ] ] } },
{ "type": "Feature", "properties": { "address": "210" }, "geometry": { "type": "MultiPolygon", "coordinates": [ [ [ [ 26.897369, 60.578903, 0.073525 ], [ 26.897277, 60.578902, 0.073525 ], [ 26.897276, 60.578956, 0.073525 ], [ 26.897368, 60.578956, 0.073525 ], [ 26.897369, 60.578903, 0.073525 ] ] ] ] } },
{ "type": "Feature", "properties": { "address": "211" }, "geometry": { "type": "MultiPolygon", "coordinates": [ [ [ [ 26.897369, 60.578849, 0.073525 ], [ 26.897278, 60.578848, 0.073525 ], [ 26.897277, 60.578902, 0.073525 ], [ 26.897369, 60.578903, 0.073525 ], [ 26.897369, 60.578849, 0.073525 ] ] ] ] } },
{ "type": "Feature", "properties": { "address": "212" }, "geometry": { "type": "MultiPolygon", "coordinates": [ [ [ [ 26.89737, 60.578795, 0.073525 ], [ 26.897279, 60.578794, 0.073525 ], [ 26.897278, 60.578848, 0.073525 ], [ 26.897369, 60.578849, 0.073525 ], [ 26.89737, 60.578795, 0.073525 ] ] ] ] } },
{ "type": "Feature", "properties": { "address": "192" }, "geometry": { "type": "MultiPolygon", "coordinates": [ [ [ [ 26.897455, 60.579226, 0.073525 ], [ 26.897364, 60.579226, 0.073525 ], [ 26.897363, 60.57928, 0.073525 ], [ 26.897454, 60.57928, 0.073525 ], [ 26.897455, 60.579226, 0.073525 ] ] ] ] } },
{ "type": "Feature", "properties": { "address": "193" }, "geometry": { "type": "MultiPolygon", "coordinates": [ [ [ [ 26.897456, 60.579172, 0.073525 ], [ 26.897365, 60.579172, 0.073525 ], [ 26.897364, 60.579226, 0.073525 ], [ 26.897455, 60.579226, 0.073525 ], [ 26.897456, 60.579172, 0.073525 ] ] ] ] } },
{ "type": "Feature", "properties": { "address": "194" }, "geometry": { "type": "MultiPolygon", "coordinates": [ [ [ [ 26.897457, 60.579118, 0.073525 ], [ 26.897365, 60.579118, 0.073525 ], [ 26.897365, 60.579172, 0.073525 ], [ 26.897456, 60.579172, 0.073525 ], [ 26.897457, 60.579118, 0.073525 ] ] ] ] } },
{ "type": "Feature", "properties": { "address": "195" }, "geometry": { "type": "MultiPolygon", "coordinates": [ [ [ [ 26.897457, 60.579064, 0.073525 ], [ 26.897366, 60.579064, 0.073525 ], [ 26.897365, 60.579118, 0.073525 ], [ 26.897457, 60.579118, 0.073525 ], [ 26.897457, 60.579064, 0.073525 ] ] ] ] } },
{ "type": "Feature", "properties": { "address": "204" }, "geometry": { "type": "MultiPolygon", "coordinates": [ [ [ [ 26.897364, 60.579226, 0.073525 ], [ 26.897273, 60.579225, 0.073525 ], [ 26.897272, 60.579279, 0.073525 ], [ 26.897363, 60.57928, 0.073525 ], [ 26.897364, 60.579226, 0.073525 ] ] ] ] } },
{ "type": "Feature", "properties": { "address": "205" }, "geometry": { "type": "MultiPolygon", "coordinates": [ [ [ [ 26.897365, 60.579172, 0.073525 ], [ 26.897273, 60.579172, 0.073525 ], [ 26.897273, 60.579225, 0.073525 ], [ 26.897364, 60.579226, 0.073525 ], [ 26.897365, 60.579172, 0.073525 ] ] ] ] } },
{ "type": "Feature", "properties": { "address": "206" }, "geometry": { "type": "MultiPolygon", "coordinates": [ [ [ [ 26.897365, 60.579118, 0.073525 ], [ 26.897274, 60.579118, 0.073525 ], [ 26.897273, 60.579172, 0.073525 ], [ 26.897365, 60.579172, 0.073525 ], [ 26.897365, 60.579118, 0.073525 ] ] ] ] } },
{ "type": "Feature", "properties": { "address": "207" }, "geometry": { "type": "MultiPolygon", "coordinates": [ [ [ [ 26.897366, 60.579064, 0.073525 ], [ 26.897275, 60.579064, 0.073525 ], [ 26.897274, 60.579118, 0.073525 ], [ 26.897365, 60.579118, 0.073525 ], [ 26.897366, 60.579064, 0.073525 ] ] ] ] } },
{ "type": "Feature", "properties": { "address": "203" }, "geometry": { "type": "MultiPolygon", "coordinates": [ [ [ [ 26.897363, 60.57928, 0.073525 ], [ 26.897272, 60.579279, 0.073525 ], [ 26.897271, 60.579333, 0.073525 ], [ 26.897362, 60.579333, 0.073525 ], [ 26.897363, 60.57928, 0.073525 ] ] ] ] } },
{ "type": "Feature", "properties": { "address": "126" }, "geometry": { "type": "MultiPolygon", "coordinates": [ [ [ [ 26.897649, 60.579424, 15.924605 ], [ 26.897708, 60.579392, 17.360824 ], [ 26.897624, 60.57936, 18.889714 ], [ 26.897566, 60.579392, 17.453495 ], [ 26.897649, 60.579424, 15.924605 ] ] ] ] } },
{ "type": "Feature", "properties": { "address": "125" }, "geometry": { "type": "MultiPolygon", "coordinates": [ [ [ [ 26.897591, 60.579456, 14.488386 ], [ 26.897649, 60.579424, 15.924605 ], [ 26.897566, 60.579392, 17.453495 ], [ 26.897507, 60.579424, 16.017276 ], [ 26.897591, 60.579456, 14.488386 ] ] ] ] } },
{ "type": "Feature", "properties": { "address": "119" }, "geometry": { "type": "MultiPolygon", "coordinates": [ [ [ [ 26.89781, 60.579489, 12.866825 ], [ 26.897869, 60.579457, 14.303044 ], [ 26.897785, 60.579426, 15.831934 ], [ 26.897726, 60.579457, 14.395715 ], [ 26.89781, 60.579489, 12.866825 ] ] ] ] } },
{ "type": "Feature", "properties": { "address": "120" }, "geometry": { "type": "MultiPolygon", "coordinates": [ [ [ [ 26.897751, 60.579521, 11.430606 ], [ 26.89781, 60.579489, 12.866825 ], [ 26.897726, 60.579457, 14.395715 ], [ 26.897668, 60.579489, 12.959496 ], [ 26.897751, 60.579521, 11.430606 ] ] ] ] } },
{ "type": "Feature", "properties": { "address": "121" }, "geometry": { "type": "MultiPolygon", "coordinates": [ [ [ [ 26.897693, 60.579553, 9.994387 ], [ 26.897751, 60.579521, 11.430606 ], [ 26.897668, 60.579489, 12.959496 ], [ 26.897609, 60.579521, 11.523277 ], [ 26.897693, 60.579553, 9.994387 ] ] ] ] } },
{ "type": "Feature", "properties": { "address": "122" }, "geometry": { "type": "MultiPolygon", "coordinates": [ [ [ [ 26.897634, 60.579585, 8.558167 ], [ 26.897693, 60.579553, 9.994387 ], [ 26.897609, 60.579521, 11.523277 ], [ 26.89755, 60.579553, 10.087057 ], [ 26.897634, 60.579585, 8.558167 ] ] ] ] } },
{ "type": "Feature", "properties": { "address": "124" }, "geometry": { "type": "MultiPolygon", "coordinates": [ [ [ [ 26.897532, 60.579488, 13.052167 ], [ 26.897591, 60.579456, 14.488386 ], [ 26.897507, 60.579424, 16.017276 ], [ 26.897448, 60.579456, 14.581056 ], [ 26.897532, 60.579488, 13.052167 ] ] ] ] } },
{ "type": "Feature", "properties": { "address": "123" }, "geometry": { "type": "MultiPolygon", "coordinates": [ [ [ [ 26.897473, 60.579519, 11.615947 ], [ 26.897532, 60.579488, 13.052167 ], [ 26.897448, 60.579456, 14.581056 ], [ 26.897389, 60.579487, 13.144837 ], [ 26.897473, 60.579519, 11.615947 ] ] ] ] } },
{ "type": "Feature", "properties": { "address": "202" }, "geometry": { "type": "MultiPolygon", "coordinates": [ [ [ [ 26.897463, 60.578687, 0.073525 ], [ 26.897372, 60.578687, 0.073525 ], [ 26.897371, 60.578741, 0.073525 ], [ 26.897462, 60.578741, 0.073525 ], [ 26.897463, 60.578687, 0.073525 ] ] ] ] } },
{ "type": "Feature", "properties": { "address": "214" }, "geometry": { "type": "MultiPolygon", "coordinates": [ [ [ [ 26.897372, 60.578687, 0.073525 ], [ 26.89728, 60.578687, 0.073525 ], [ 26.89728, 60.578741, 0.073525 ], [ 26.897371, 60.578741, 0.073525 ], [ 26.897372, 60.578687, 0.073525 ] ] ] ] } },
{ "type": "Feature", "properties": { "address": "201" }, "geometry": { "type": "MultiPolygon", "coordinates": [ [ [ [ 26.897462, 60.578741, 0.073525 ], [ 26.897371, 60.578741, 0.073525 ], [ 26.89737, 60.578795, 0.073525 ], [ 26.897461, 60.578795, 0.073525 ], [ 26.897462, 60.578741, 0.073525 ] ] ] ] } },
{ "type": "Feature", "properties": { "address": "213" }, "geometry": { "type": "MultiPolygon", "coordinates": [ [ [ [ 26.897371, 60.578741, 0.073525 ], [ 26.89728, 60.578741, 0.073525 ], [ 26.897279, 60.578794, 0.073525 ], [ 26.89737, 60.578795, 0.073525 ], [ 26.897371, 60.578741, 0.073525 ] ] ] ] } },
{ "type": "Feature", "properties": { "address": "115" }, "geometry": { "type": "MultiPolygon", "coordinates": [ [ [ [ 26.897869, 60.579082, 0.073525 ], [ 26.897778, 60.579086, 0.073525 ], [ 26.897789, 60.57914, 0.073525 ], [ 26.89788, 60.579135, 0.073525 ], [ 26.897869, 60.579082, 0.073525 ] ] ] ] } },
{ "type": "Feature", "properties": { "address": "116" }, "geometry": { "type": "MultiPolygon", "coordinates": [ [ [ [ 26.897859, 60.579028, 0.073525 ], [ 26.897768, 60.579032, 0.073525 ], [ 26.897778, 60.579086, 0.073525 ], [ 26.897869, 60.579082, 0.073525 ], [ 26.897859, 60.579028, 0.073525 ] ] ] ] } },
{ "type": "Feature", "properties": { "address": "117" }, "geometry": { "type": "MultiPolygon", "coordinates": [ [ [ [ 26.897848, 60.578974, 0.073525 ], [ 26.897758, 60.578979, 0.073525 ], [ 26.897768, 60.579032, 0.073525 ], [ 26.897859, 60.579028, 0.073525 ], [ 26.897848, 60.578974, 0.073525 ] ] ] ] } },
{ "type": "Feature", "properties": { "address": "114" }, "geometry": { "type": "MultiPolygon", "coordinates": [ [ [ [ 26.89788, 60.579135, 0.073525 ], [ 26.897789, 60.57914, 0.073525 ], [ 26.897799, 60.579193, 0.073525 ], [ 26.89789, 60.579189, 0.073525 ], [ 26.89788, 60.579135, 0.073525 ] ] ] ] } },
{ "type": "Feature", "properties": { "address": "111" }, "geometry": { "type": "MultiPolygon", "coordinates": [ [ [ [ 26.89796, 60.579077, 0.073525 ], [ 26.897869, 60.579082, 0.073525 ], [ 26.89788, 60.579135, 0.073525 ], [ 26.89797, 60.579131, 0.073525 ], [ 26.89796, 60.579077, 0.073525 ] ] ] ] } },
{ "type": "Feature", "properties": { "address": "110" }, "geometry": { "type": "MultiPolygon", "coordinates": [ [ [ [ 26.89795, 60.579024, 0.073525 ], [ 26.897859, 60.579028, 0.073525 ], [ 26.897869, 60.579082, 0.073525 ], [ 26.89796, 60.579077, 0.073525 ], [ 26.89795, 60.579024, 0.073525 ] ] ] ] } },
{ "type": "Feature", "properties": { "address": "109" }, "geometry": { "type": "MultiPolygon", "coordinates": [ [ [ [ 26.897939, 60.57897, 0.073525 ], [ 26.897848, 60.578974, 0.073525 ], [ 26.897859, 60.579028, 0.073525 ], [ 26.89795, 60.579024, 0.073525 ], [ 26.897939, 60.57897, 0.073525 ] ] ] ] } },
{ "type": "Feature", "properties": { "address": "113" }, "geometry": { "type": "MultiPolygon", "coordinates": [ [ [ [ 26.897981, 60.579185, 0.073525 ], [ 26.89789, 60.579189, 0.073525 ], [ 26.8979, 60.579243, 0.073525 ], [ 26.897991, 60.579238, 0.073525 ], [ 26.897981, 60.579185, 0.073525 ] ] ] ] } },
{ "type": "Feature", "properties": { "address": "112" }, "geometry": { "type": "MultiPolygon", "coordinates": [ [ [ [ 26.89797, 60.579131, 0.073525 ], [ 26.89788, 60.579135, 0.073525 ], [ 26.89789, 60.579189, 0.073525 ], [ 26.897981, 60.579185, 0.073525 ], [ 26.89797, 60.579131, 0.073525 ] ] ] ] } },
{ "type": "Feature", "properties": { "address": "296" }, "geometry": { "type": "MultiPolygon", "coordinates": [ [ [ [ 26.896666, 60.578681, 0.073525 ], [ 26.896579, 60.578668, 0.073525 ], [ 26.896547, 60.578719, 0.073525 ], [ 26.896634, 60.578732, 0.073525 ], [ 26.896666, 60.578681, 0.073525 ] ] ] ] } },
{ "type": "Feature", "properties": { "address": "297" }, "geometry": { "type": "MultiPolygon", "coordinates": [ [ [ [ 26.896699, 60.578629, 0.073525 ], [ 26.896612, 60.578616, 0.073525 ], [ 26.896579, 60.578668, 0.073525 ], [ 26.896666, 60.578681, 0.073525 ], [ 26.896699, 60.578629, 0.073525 ] ] ] ] } },
{ "type": "Feature", "properties": { "address": "298" }, "geometry": { "type": "MultiPolygon", "coordinates": [ [ [ [ 26.896731, 60.578578, 0.073525 ], [ 26.896644, 60.578565, 0.073525 ], [ 26.896612, 60.578616, 0.073525 ], [ 26.896699, 60.578629, 0.073525 ], [ 26.896731, 60.578578, 0.073525 ] ] ] ] } },
{ "type": "Feature", "properties": { "address": "299" }, "geometry": { "type": "MultiPolygon", "coordinates": [ [ [ [ 26.896764, 60.578527, 0.073525 ], [ 26.896676, 60.578513, 0.073525 ], [ 26.896644, 60.578565, 0.073525 ], [ 26.896731, 60.578578, 0.073525 ], [ 26.896764, 60.578527, 0.073525 ] ] ] ] } },
{ "type": "Feature", "properties": { "address": "292" }, "geometry": { "type": "MultiPolygon", "coordinates": [ [ [ [ 26.896536, 60.578887, 0.073525 ], [ 26.896449, 60.578873, 0.073525 ], [ 26.896417, 60.578925, 0.073525 ], [ 26.896504, 60.578938, 0.073525 ], [ 26.896536, 60.578887, 0.073525 ] ] ] ] } },
{ "type": "Feature", "properties": { "address": "293" }, "geometry": { "type": "MultiPolygon", "coordinates": [ [ [ [ 26.896569, 60.578835, 0.073525 ], [ 26.896482, 60.578822, 0.073525 ], [ 26.896449, 60.578873, 0.073525 ], [ 26.896536, 60.578887, 0.073525 ], [ 26.896569, 60.578835, 0.073525 ] ] ] ] } },
{ "type": "Feature", "properties": { "address": "294" }, "geometry": { "type": "MultiPolygon", "coordinates": [ [ [ [ 26.896601, 60.578784, 0.073525 ], [ 26.896514, 60.57877, 0.073525 ], [ 26.896482, 60.578822, 0.073525 ], [ 26.896569, 60.578835, 0.073525 ], [ 26.896601, 60.578784, 0.073525 ] ] ] ] } },
{ "type": "Feature", "properties": { "address": "295" }, "geometry": { "type": "MultiPolygon", "coordinates": [ [ [ [ 26.896634, 60.578732, 0.073525 ], [ 26.896547, 60.578719, 0.073525 ], [ 26.896514, 60.57877, 0.073525 ], [ 26.896601, 60.578784, 0.073525 ], [ 26.896634, 60.578732, 0.073525 ] ] ] ] } },
{ "type": "Feature", "properties": { "address": "291" }, "geometry": { "type": "MultiPolygon", "coordinates": [ [ [ [ 26.896504, 60.578938, 0.073525 ], [ 26.896417, 60.578925, 0.073525 ], [ 26.896384, 60.578976, 0.073525 ], [ 26.896471, 60.57899, 0.073525 ], [ 26.896504, 60.578938, 0.073525 ] ] ] ] } },
{ "type": "Feature", "properties": { "address": "301" }, "geometry": { "type": "MultiPolygon", "coordinates": [ [ [ [ 26.896829, 60.578424, 0.073525 ], [ 26.896741, 60.57841, 0.073525 ], [ 26.896709, 60.578462, 0.073525 ], [ 26.896796, 60.578475, 0.073525 ], [ 26.896829, 60.578424, 0.073525 ] ] ] ] } },
{ "type": "Feature", "properties": { "address": "302" }, "geometry": { "type": "MultiPolygon", "coordinates": [ [ [ [ 26.896861, 60.578372, 0.073525 ], [ 26.896774, 60.578359, 0.073525 ], [ 26.896741, 60.57841, 0.073525 ], [ 26.896829, 60.578424, 0.073525 ], [ 26.896861, 60.578372, 0.073525 ] ] ] ] } },
{ "type": "Feature", "properties": { "address": "303" }, "geometry": { "type": "MultiPolygon", "coordinates": [ [ [ [ 26.896894, 60.578321, 0.073525 ], [ 26.896806, 60.578307, 0.073525 ], [ 26.896774, 60.578359, 0.073525 ], [ 26.896861, 60.578372, 0.073525 ], [ 26.896894, 60.578321, 0.073525 ] ] ] ] } },
{ "type": "Feature", "properties": { "address": "307" }, "geometry": { "type": "MultiPolygon", "coordinates": [ [ [ [ 26.896987, 60.578099, 0.073525 ], [ 26.8969, 60.578085, 0.073525 ], [ 26.896867, 60.578137, 0.073525 ], [ 26.896955, 60.57815, 0.073525 ], [ 26.896987, 60.578099, 0.073525 ] ] ] ] } },
{ "type": "Feature", "properties": { "address": "300" }, "geometry": { "type": "MultiPolygon", "coordinates": [ [ [ [ 26.896796, 60.578475, 0.073525 ], [ 26.896709, 60.578462, 0.073525 ], [ 26.896676, 60.578513, 0.073525 ], [ 26.896764, 60.578527, 0.073525 ], [ 26.896796, 60.578475, 0.073525 ] ] ] ] } },
{ "type": "Feature", "properties": { "address": "306" }, "geometry": { "type": "MultiPolygon", "coordinates": [ [ [ [ 26.896955, 60.57815, 0.073525 ], [ 26.896867, 60.578137, 0.073525 ], [ 26.896835, 60.578188, 0.073525 ], [ 26.896922, 60.578202, 0.073525 ], [ 26.896955, 60.57815, 0.073525 ] ] ] ] } },
{ "type": "Feature", "properties": { "address": "305" }, "geometry": { "type": "MultiPolygon", "coordinates": [ [ [ [ 26.896922, 60.578202, 0.073525 ], [ 26.896835, 60.578188, 0.073525 ], [ 26.896802, 60.57824, 0.073525 ], [ 26.89689, 60.578253, 0.073525 ], [ 26.896922, 60.578202, 0.073525 ] ] ] ] } },
{ "type": "Feature", "properties": { "address": "304" }, "geometry": { "type": "MultiPolygon", "coordinates": [ [ [ [ 26.89689, 60.578253, 0.073525 ], [ 26.896802, 60.57824, 0.073525 ], [ 26.89677, 60.578291, 0.073525 ], [ 26.896857, 60.578304, 0.073525 ], [ 26.89689, 60.578253, 0.073525 ] ] ] ] } },
{ "type": "Feature", "properties": { "address": "287" }, "geometry": { "type": "MultiPolygon", "coordinates": [ [ [ [ 26.896259, 60.579418, 0.073525 ], [ 26.896172, 60.579404, 0.073525 ], [ 26.89614, 60.579456, 0.073525 ], [ 26.896227, 60.579469, 0.073525 ], [ 26.896259, 60.579418, 0.073525 ] ] ] ] } },
{ "type": "Feature", "properties": { "address": "288" }, "geometry": { "type": "MultiPolygon", "coordinates": [ [ [ [ 26.896292, 60.579366, 0.073525 ], [ 26.896205, 60.579353, 0.073525 ], [ 26.896172, 60.579404, 0.073525 ], [ 26.896259, 60.579418, 0.073525 ], [ 26.896292, 60.579366, 0.073525 ] ] ] ] } },
{ "type": "Feature", "properties": { "address": "289" }, "geometry": { "type": "MultiPolygon", "coordinates": [ [ [ [ 26.896324, 60.579315, 0.073525 ], [ 26.896237, 60.579301, 0.073525 ], [ 26.896205, 60.579353, 0.073525 ], [ 26.896292, 60.579366, 0.073525 ], [ 26.896324, 60.579315, 0.073525 ] ] ] ] } },
{ "type": "Feature", "properties": { "address": "290" }, "geometry": { "type": "MultiPolygon", "coordinates": [ [ [ [ 26.896357, 60.579263, 0.073525 ], [ 26.89627, 60.57925, 0.073525 ], [ 26.896237, 60.579301, 0.073525 ], [ 26.896324, 60.579315, 0.073525 ], [ 26.896357, 60.579263, 0.073525 ] ] ] ] } },
{ "type": "Feature", "properties": { "address": "286" }, "geometry": { "type": "MultiPolygon", "coordinates": [ [ [ [ 26.896227, 60.579469, 0.073525 ], [ 26.89614, 60.579456, 0.073525 ], [ 26.896107, 60.579507, 0.073525 ], [ 26.896194, 60.57952, 0.073525 ], [ 26.896227, 60.579469, 0.073525 ] ] ] ] } },
{ "type": "Feature", "properties": { "address": "282" }, "geometry": { "type": "MultiPolygon", "coordinates": [ [ [ [ 26.8961, 60.579675, 0.073525 ], [ 26.896009, 60.579672, 0.073525 ], [ 26.896002, 60.579726, 0.073525 ], [ 26.896093, 60.579729, 0.073525 ], [ 26.8961, 60.579675, 0.073525 ] ] ] ] } },
{ "type": "Feature", "properties": { "address": "283" }, "geometry": { "type": "MultiPolygon", "coordinates": [ [ [ [ 26.896129, 60.579623, 0.073525 ], [ 26.896042, 60.57961, 0.073525 ], [ 26.89601, 60.579661, 0.073525 ], [ 26.896097, 60.579675, 0.073525 ], [ 26.896129, 60.579623, 0.073525 ] ] ] ] } },
{ "type": "Feature", "properties": { "address": "284" }, "geometry": { "type": "MultiPolygon", "coordinates": [ [ [ [ 26.896162, 60.579572, 0.073525 ], [ 26.896075, 60.579559, 0.073525 ], [ 26.896042, 60.57961, 0.073525 ], [ 26.896129, 60.579623, 0.073525 ], [ 26.896162, 60.579572, 0.073525 ] ] ] ] } },
{ "type": "Feature", "properties": { "address": "285" }, "geometry": { "type": "MultiPolygon", "coordinates": [ [ [ [ 26.896194, 60.57952, 0.073525 ], [ 26.896107, 60.579507, 0.073525 ], [ 26.896075, 60.579559, 0.073525 ], [ 26.896162, 60.579572, 0.073525 ], [ 26.896194, 60.57952, 0.073525 ] ] ] ] } },
{ "type": "Feature", "properties": { "address": "281" }, "geometry": { "type": "MultiPolygon", "coordinates": [ [ [ [ 26.896085, 60.579729, 0.073525 ], [ 26.895994, 60.579726, 0.073525 ], [ 26.895985, 60.579779, 0.073525 ], [ 26.896076, 60.579783, 0.073525 ], [ 26.896085, 60.579729, 0.073525 ] ] ] ] } },
{ "type": "Feature", "properties": { "address": "280" }, "geometry": { "type": "MultiPolygon", "coordinates": [ [ [ [ 26.896075, 60.579784, 0.073525 ], [ 26.895985, 60.579789, 0.073525 ], [ 26.895995, 60.579842, 0.073525 ], [ 26.896086, 60.579838, 0.073525 ], [ 26.896075, 60.579784, 0.073525 ] ] ] ] } },
{ "type": "Feature", "properties": { "address": "279" }, "geometry": { "type": "MultiPolygon", "coordinates": [ [ [ [ 26.896087, 60.579842, 0.073525 ], [ 26.895998, 60.579853, 0.073525 ], [ 26.896022, 60.579905, 0.073525 ], [ 26.896111, 60.579895, 0.073525 ], [ 26.896087, 60.579842, 0.073525 ] ] ] ] } },
{ "type": "Feature", "properties": { "address": "278" }, "geometry": { "type": "MultiPolygon", "coordinates": [ [ [ [ 26.896113, 60.579905, -33.596449 ], [ 26.89603, 60.579924, -33.596449 ], [ 26.896077, 60.579973, -33.596449 ], [ 26.896159, 60.579954, -33.596449 ], [ 26.896113, 60.579905, -33.596449 ] ] ] ] } },
{ "type": "Feature", "properties": { "address": "217" }, "geometry": { "type": "MultiPolygon", "coordinates": [ [ [ [ 26.896538, 60.579758, 0.073525 ], [ 26.896451, 60.579744, 0.073525 ], [ 26.896419, 60.579796, 0.073525 ], [ 26.896506, 60.579809, 0.073525 ], [ 26.896538, 60.579758, 0.073525 ] ] ] ] } },
{ "type": "Feature", "properties": { "address": "178" }, "geometry": { "type": "MultiPolygon", "coordinates": [ [ [ [ 26.896648, 60.579887, 0.073525 ], [ 26.896561, 60.579874, 0.073525 ], [ 26.896528, 60.579925, 0.073525 ], [ 26.896615, 60.579938, 0.073525 ], [ 26.896648, 60.579887, 0.073525 ] ] ] ] } },
{ "type": "Feature", "properties": { "address": "27" }, "geometry": { "type": "MultiPolygon", "coordinates": [ [ [ [ 26.8999, 60.580411, 14.303044 ], [ 26.899991, 60.580409, 14.303044 ], [ 26.899987, 60.580355, 14.303044 ], [ 26.899895, 60.580357, 14.303044 ], [ 26.8999, 60.580411, 14.303044 ] ] ] ] } },
{ "type": "Feature", "properties": { "address": "26" }, "geometry": { "type": "MultiPolygon", "coordinates": [ [ [ [ 26.899895, 60.580357, 14.303044 ], [ 26.899807, 60.580346, 14.303044 ], [ 26.899781, 60.580399, 14.303044 ], [ 26.89987, 60.580409, 14.303044 ], [ 26.899895, 60.580357, 14.303044 ] ] ] ] } },
{ "type": "Feature", "properties": { "address": "28" }, "geometry": { "type": "MultiPolygon", "coordinates": [ [ [ [ 26.900041, 60.580402, 14.303044 ], [ 26.90012, 60.580379, 14.303044 ], [ 26.900066, 60.580333, 14.303044 ], [ 26.899987, 60.580355, 14.303044 ], [ 26.900041, 60.580402, 14.303044 ] ] ] ] } },
{ "type": "Feature", "properties": { "address": "29" }, "geometry": { "type": "MultiPolygon", "coordinates": [ [ [ [ 26.900143, 60.580371, 14.303044 ], [ 26.900208, 60.580339, 14.303044 ], [ 26.900131, 60.580301, 14.303044 ], [ 26.900066, 60.580333, 14.303044 ], [ 26.900143, 60.580371, 14.303044 ] ] ] ] } },
{ "type": "Feature", "properties": { "address": "30" }, "geometry": { "type": "MultiPolygon", "coordinates": [ [ [ [ 26.900225, 60.580329, 14.303044 ], [ 26.900272, 60.580291, 14.303044 ], [ 26.900178, 60.580263, 14.303044 ], [ 26.900131, 60.580301, 14.303044 ], [ 26.900225, 60.580329, 14.303044 ] ] ] ] } },
{ "type": "Feature", "properties": { "address": "1" }, "geometry": { "type": "MultiPolygon", "coordinates": [ [ [ [ 26.900327, 60.580182, 14.303044 ], [ 26.900324, 60.580137, 14.303044 ], [ 26.900214, 60.580139, 14.303044 ], [ 26.900217, 60.580184, 14.303044 ], [ 26.900327, 60.580182, 14.303044 ] ] ] ] } },
{ "type": "Feature", "properties": { "address": "2" }, "geometry": { "type": "MultiPolygon", "coordinates": [ [ [ [ 26.900323, 60.580133, 14.303044 ], [ 26.900314, 60.580089, 14.303044 ], [ 26.900205, 60.580094, 14.303044 ], [ 26.900214, 60.580139, 14.303044 ], [ 26.900323, 60.580133, 14.303044 ] ] ] ] } },
{ "type": "Feature", "properties": { "address": "3" }, "geometry": { "type": "MultiPolygon", "coordinates": [ [ [ [ 26.900314, 60.580089, 14.303044 ], [ 26.900305, 60.580044, 14.303044 ], [ 26.900196, 60.580049, 14.303044 ], [ 26.900205, 60.580094, 14.303044 ], [ 26.900314, 60.580089, 14.303044 ] ] ] ] } },
{ "type": "Feature", "properties": { "address": "4" }, "geometry": { "type": "MultiPolygon", "coordinates": [ [ [ [ 26.900305, 60.580044, 14.303044 ], [ 26.900295, 60.579999, 14.303044 ], [ 26.900186, 60.580005, 14.303044 ], [ 26.900196, 60.580049, 14.303044 ], [ 26.900305, 60.580044, 14.303044 ] ] ] ] } },
{ "type": "Feature", "properties": { "address": "5" }, "geometry": { "type": "MultiPolygon", "coordinates": [ [ [ [ 26.900295, 60.579998, 14.303044 ], [ 26.900284, 60.579954, 14.303044 ], [ 26.900175, 60.57996, 14.303044 ], [ 26.900186, 60.580005, 14.303044 ], [ 26.900295, 60.579998, 14.303044 ] ] ] ] } },
{ "type": "Feature", "properties": { "address": "6" }, "geometry": { "type": "MultiPolygon", "coordinates": [ [ [ [ 26.900282, 60.579949, 14.303044 ], [ 26.900263, 60.579905, 14.303044 ], [ 26.900156, 60.579916, 14.303044 ], [ 26.900175, 60.57996, 14.303044 ], [ 26.900282, 60.579949, 14.303044 ] ] ] ] } },
{ "type": "Feature", "properties": { "address": "7" }, "geometry": { "type": "MultiPolygon", "coordinates": [ [ [ [ 26.90026, 60.5799, 14.303044 ], [ 26.900233, 60.579857, 14.303044 ], [ 26.900129, 60.579874, 14.303044 ], [ 26.900156, 60.579916, 14.303044 ], [ 26.90026, 60.5799, 14.303044 ] ] ] ] } },
{ "type": "Feature", "properties": { "address": "9" }, "geometry": { "type": "MultiPolygon", "coordinates": [ [ [ [ 26.90006, 60.579748, 14.303044 ], [ 26.899977, 60.57973, 14.303044 ], [ 26.899932, 60.579779, 14.303044 ], [ 26.900015, 60.579797, 14.303044 ], [ 26.90006, 60.579748, 14.303044 ] ] ] ] } },
{ "type": "Feature", "properties": { "address": "10" }, "geometry": { "type": "MultiPolygon", "coordinates": [ [ [ [ 26.899943, 60.579725, 14.303044 ], [ 26.899853, 60.579721, 14.303044 ], [ 26.899841, 60.579774, 14.303044 ], [ 26.899932, 60.579779, 14.303044 ], [ 26.899943, 60.579725, 14.303044 ] ] ] ] } },
{ "type": "Feature", "properties": { "address": "11" }, "geometry": { "type": "MultiPolygon", "coordinates": [ [ [ [ 26.899827, 60.579721, 14.303044 ], [ 26.899737, 60.579726, 14.303044 ], [ 26.89975, 60.57978, 14.303044 ], [ 26.899841, 60.579774, 14.303044 ], [ 26.899827, 60.579721, 14.303044 ] ] ] ] } },
{ "type": "Feature", "properties": { "address": "12" }, "geometry": { "type": "MultiPolygon", "coordinates": [ [ [ [ 26.899686, 60.579736, 14.303044 ], [ 26.899612, 60.579763, 14.303044 ], [ 26.899677, 60.579806, 14.303044 ], [ 26.89975, 60.57978, 14.303044 ], [ 26.899686, 60.579736, 14.303044 ] ] ] ] } },
{ "type": "Feature", "properties": { "address": "13" }, "geometry": { "type": "MultiPolygon", "coordinates": [ [ [ [ 26.899589, 60.579774, 14.303044 ], [ 26.899534, 60.57981, 14.303044 ], [ 26.899622, 60.579842, 14.303044 ], [ 26.899677, 60.579806, 14.303044 ], [ 26.899589, 60.579774, 14.303044 ] ] ] ] } },
{ "type": "Feature", "properties": { "address": "14" }, "geometry": { "type": "MultiPolygon", "coordinates": [ [ [ [ 26.899519, 60.579824, 14.303044 ], [ 26.899488, 60.579866, 14.303044 ], [ 26.899591, 60.579884, 14.303044 ], [ 26.899622, 60.579842, 14.303044 ], [ 26.899519, 60.579824, 14.303044 ] ] ] ] } },
{ "type": "Feature", "properties": { "address": "15" }, "geometry": { "type": "MultiPolygon", "coordinates": [ [ [ [ 26.899481, 60.579883, 14.303044 ], [ 26.89948, 60.579928, 14.303044 ], [ 26.899589, 60.579929, 14.303044 ], [ 26.899591, 60.579884, 14.303044 ], [ 26.899481, 60.579883, 14.303044 ] ] ] ] } },
{ "type": "Feature", "properties": { "address": "17" }, "geometry": { "type": "MultiPolygon", "coordinates": [ [ [ [ 26.899484, 60.579976, 14.303044 ], [ 26.899488, 60.580021, 14.303044 ], [ 26.899597, 60.580019, 14.303044 ], [ 26.899593, 60.579974, 14.303044 ], [ 26.899484, 60.579976, 14.303044 ] ] ] ] } },
{ "type": "Feature", "properties": { "address": "18" }, "geometry": { "type": "MultiPolygon", "coordinates": [ [ [ [ 26.899488, 60.580021, 14.303044 ], [ 26.899492, 60.580066, 14.303044 ], [ 26.899601, 60.580064, 14.303044 ], [ 26.899597, 60.580019, 14.303044 ], [ 26.899488, 60.580021, 14.303044 ] ] ] ] } },
{ "type": "Feature", "properties": { "address": "19" }, "geometry": { "type": "MultiPolygon", "coordinates": [ [ [ [ 26.899492, 60.580066, 14.303044 ], [ 26.899496, 60.580111, 14.303044 ], [ 26.899606, 60.580109, 14.303044 ], [ 26.899601, 60.580064, 14.303044 ], [ 26.899492, 60.580066, 14.303044 ] ] ] ] } },
{ "type": "Feature", "properties": { "address": "20" }, "geometry": { "type": "MultiPolygon", "coordinates": [ [ [ [ 26.899496, 60.580111, 14.303044 ], [ 26.8995, 60.580156, 14.303044 ], [ 26.89961, 60.580153, 14.303044 ], [ 26.899606, 60.580109, 14.303044 ], [ 26.899496, 60.580111, 14.303044 ] ] ] ] } },
{ "type": "Feature", "properties": { "address": "21" }, "geometry": { "type": "MultiPolygon", "coordinates": [ [ [ [ 26.899501, 60.580159, 14.303044 ], [ 26.89951, 60.580204, 14.303044 ], [ 26.899619, 60.580198, 14.303044 ], [ 26.89961, 60.580153, 14.303044 ], [ 26.899501, 60.580159, 14.303044 ] ] ] ] } },
{ "type": "Feature", "properties": { "address": "22" }, "geometry": { "type": "MultiPolygon", "coordinates": [ [ [ [ 26.899513, 60.580212, 14.303044 ], [ 26.899537, 60.580255, 14.303044 ], [ 26.899642, 60.580241, 14.303044 ], [ 26.899619, 60.580198, 14.303044 ], [ 26.899513, 60.580212, 14.303044 ] ] ] ] } },
{ "type": "Feature", "properties": { "address": "23" }, "geometry": { "type": "MultiPolygon", "coordinates": [ [ [ [ 26.899542, 60.580263, 14.303044 ], [ 26.89958, 60.580304, 14.303044 ], [ 26.89968, 60.580282, 14.303044 ], [ 26.899642, 60.580241, 14.303044 ], [ 26.899542, 60.580263, 14.303044 ] ] ] ] } },
{ "type": "Feature", "properties": { "address": "24" }, "geometry": { "type": "MultiPolygon", "coordinates": [ [ [ [ 26.899595, 60.580316, 14.303044 ], [ 26.899652, 60.580351, 14.303044 ], [ 26.899737, 60.580317, 14.303044 ], [ 26.89968, 60.580282, 14.303044 ], [ 26.899595, 60.580316, 14.303044 ] ] ] ] } },
{ "type": "Feature", "properties": { "address": "25" }, "geometry": { "type": "MultiPolygon", "coordinates": [ [ [ [ 26.899666, 60.580358, 14.303044 ], [ 26.899736, 60.580387, 14.303044 ], [ 26.899807, 60.580346, 14.303044 ], [ 26.899737, 60.580317, 14.303044 ], [ 26.899666, 60.580358, 14.303044 ] ] ] ] } },
{ "type": "Feature", "properties": { "address": "8" }, "geometry": { "type": "MultiPolygon", "coordinates": [ [ [ [ 26.900227, 60.57985, 14.303044 ], [ 26.900187, 60.57981, 14.303044 ], [ 26.900089, 60.579833, 14.303044 ], [ 26.900129, 60.579874, 14.303044 ], [ 26.900227, 60.57985, 14.303044 ] ] ] ] } },
{ "type": "Feature", "properties": { "address": "16" }, "geometry": { "type": "MultiPolygon", "coordinates": [ [ [ [ 26.89948, 60.579932, 14.303044 ], [ 26.899484, 60.579976, 14.303044 ], [ 26.899593, 60.579974, 14.303044 ], [ 26.899589, 60.579929, 14.303044 ], [ 26.89948, 60.579932, 14.303044 ] ] ] ] } },
{ "type": "Feature", "properties": { "address": "71" }, "geometry": { "type": "MultiPolygon", "coordinates": [ [ [ [ 26.899176, 60.579682, 14.303044 ], [ 26.89909, 60.579667, 14.303044 ], [ 26.899054, 60.579718, 14.303044 ], [ 26.89914, 60.579733, 14.303044 ], [ 26.899176, 60.579682, 14.303044 ] ] ] ] } },
{ "type": "Feature", "properties": { "address": "70" }, "geometry": { "type": "MultiPolygon", "coordinates": [ [ [ [ 26.899228, 60.579634, 14.303044 ], [ 26.899148, 60.579613, 14.303044 ], [ 26.899096, 60.57966, 14.303044 ], [ 26.899176, 60.579682, 14.303044 ], [ 26.899228, 60.579634, 14.303044 ] ] ] ] } },
{ "type": "Feature", "properties": { "address": "69" }, "geometry": { "type": "MultiPolygon", "coordinates": [ [ [ [ 26.899292, 60.579591, 14.303044 ], [ 26.899218, 60.579564, 14.303044 ], [ 26.899154, 60.579608, 14.303044 ], [ 26.899228, 60.579634, 14.303044 ], [ 26.899292, 60.579591, 14.303044 ] ] ] ] } },
{ "type": "Feature", "properties": { "address": "68" }, "geometry": { "type": "MultiPolygon", "coordinates": [ [ [ [ 26.899378, 60.579557, 14.303044 ], [ 26.899321, 60.579522, 14.303044 ], [ 26.899235, 60.579556, 14.303044 ], [ 26.899292, 60.579591, 14.303044 ], [ 26.899378, 60.579557, 14.303044 ] ] ] ] } },
{ "type": "Feature", "properties": { "address": "67" }, "geometry": { "type": "MultiPolygon", "coordinates": [ [ [ [ 26.899463, 60.579523, 14.303044 ], [ 26.899406, 60.579488, 14.303044 ], [ 26.899321, 60.579522, 14.303044 ], [ 26.899378, 60.579557, 14.303044 ], [ 26.899463, 60.579523, 14.303044 ] ] ] ] } },
{ "type": "Feature", "properties": { "address": "66" }, "geometry": { "type": "MultiPolygon", "coordinates": [ [ [ [ 26.899561, 60.579499, 14.303044 ], [ 26.899519, 60.579459, 14.303044 ], [ 26.899421, 60.579484, 14.303044 ], [ 26.899463, 60.579523, 14.303044 ], [ 26.899561, 60.579499, 14.303044 ] ] ] ] } },
{ "type": "Feature", "properties": { "address": "77" }, "geometry": { "type": "MultiPolygon", "coordinates": [ [ [ [ 26.899141, 60.580002, 14.303044 ], [ 26.89905, 60.580006, 14.303044 ], [ 26.89906, 60.58006, 14.303044 ], [ 26.899151, 60.580055, 14.303044 ], [ 26.899141, 60.580002, 14.303044 ] ] ] ] } },
{ "type": "Feature", "properties": { "address": "65" }, "geometry": { "type": "MultiPolygon", "coordinates": [ [ [ [ 26.899664, 60.579482, 14.303044 ], [ 26.899635, 60.579439, 14.303044 ], [ 26.899532, 60.579456, 14.303044 ], [ 26.899561, 60.579499, 14.303044 ], [ 26.899664, 60.579482, 14.303044 ] ] ] ] } },
{ "type": "Feature", "properties": { "address": "64" }, "geometry": { "type": "MultiPolygon", "coordinates": [ [ [ [ 26.899773, 60.579475, 14.303044 ], [ 26.899761, 60.57943, 14.303044 ], [ 26.899652, 60.579437, 14.303044 ], [ 26.899664, 60.579482, 14.303044 ], [ 26.899773, 60.579475, 14.303044 ] ] ] ] } },
{ "type": "Feature", "properties": { "address": "63" }, "geometry": { "type": "MultiPolygon", "coordinates": [ [ [ [ 26.899882, 60.579474, 14.303044 ], [ 26.899882, 60.579429, 14.303044 ], [ 26.899772, 60.57943, 14.303044 ], [ 26.899773, 60.579475, 14.303044 ], [ 26.899882, 60.579474, 14.303044 ] ] ] ] } },
{ "type": "Feature", "properties": { "address": "62" }, "geometry": { "type": "MultiPolygon", "coordinates": [ [ [ [ 26.899991, 60.579479, 14.303044 ], [ 26.9, 60.579434, 14.303044 ], [ 26.899891, 60.579429, 14.303044 ], [ 26.899882, 60.579474, 14.303044 ], [ 26.899991, 60.579479, 14.303044 ] ] ] ] } },
{ "type": "Feature", "properties": { "address": "61" }, "geometry": { "type": "MultiPolygon", "coordinates": [ [ [ [ 26.900098, 60.579491, 14.303044 ], [ 26.900118, 60.579447, 14.303044 ], [ 26.900011, 60.579435, 14.303044 ], [ 26.899991, 60.579479, 14.303044 ], [ 26.900098, 60.579491, 14.303044 ] ] ] ] } },
{ "type": "Feature", "properties": { "address": "60" }, "geometry": { "type": "MultiPolygon", "coordinates": [ [ [ [ 26.900201, 60.579509, 14.303044 ], [ 26.900232, 60.579467, 14.303044 ], [ 26.90013, 60.579449, 14.303044 ], [ 26.900098, 60.579491, 14.303044 ], [ 26.900201, 60.579509, 14.303044 ] ] ] ] } },
{ "type": "Feature", "properties": { "address": "80" }, "geometry": { "type": "MultiPolygon", "coordinates": [ [ [ [ 26.899167, 60.580163, 14.303044 ], [ 26.899076, 60.580167, 14.303044 ], [ 26.899086, 60.58022, 14.303044 ], [ 26.899177, 60.580217, 14.303044 ], [ 26.899167, 60.580163, 14.303044 ] ] ] ] } },
{ "type": "Feature", "properties": { "address": "81" }, "geometry": { "type": "MultiPolygon", "coordinates": [ [ [ [ 26.899177, 60.580217, 14.303044 ], [ 26.899086, 60.58022, 14.303044 ], [ 26.899095, 60.580274, 14.303044 ], [ 26.899186, 60.58027, 14.303044 ], [ 26.899177, 60.580217, 14.303044 ] ] ] ] } },
{ "type": "Feature", "properties": { "address": "82" }, "geometry": { "type": "MultiPolygon", "coordinates": [ [ [ [ 26.899186, 60.58027, 14.303044 ], [ 26.899095, 60.580274, 14.303044 ], [ 26.899104, 60.580328, 14.303044 ], [ 26.899195, 60.580324, 14.303044 ], [ 26.899186, 60.58027, 14.303044 ] ] ] ] } },
{ "type": "Feature", "properties": { "address": "83" }, "geometry": { "type": "MultiPolygon", "coordinates": [ [ [ [ 26.899195, 60.580324, 14.303044 ], [ 26.899104, 60.580328, 14.303044 ], [ 26.899114, 60.580381, 14.303044 ], [ 26.899204, 60.580378, 14.303044 ], [ 26.899195, 60.580324, 14.303044 ] ] ] ] } },
{ "type": "Feature", "properties": { "address": "84" }, "geometry": { "type": "MultiPolygon", "coordinates": [ [ [ [ 26.899204, 60.580378, 14.303044 ], [ 26.899114, 60.580381, 14.303044 ], [ 26.899123, 60.580435, 14.303044 ], [ 26.899214, 60.580431, 14.303044 ], [ 26.899204, 60.580378, 14.303044 ] ] ] ] } },
{ "type": "Feature", "properties": { "address": "85" }, "geometry": { "type": "MultiPolygon", "coordinates": [ [ [ [ 26.899214, 60.580431, 14.303044 ], [ 26.899123, 60.580435, 14.303044 ], [ 26.899132, 60.580489, 14.303044 ], [ 26.899223, 60.580485, 14.303044 ], [ 26.899214, 60.580431, 14.303044 ] ] ] ] } },
{ "type": "Feature", "properties": { "address": "86" }, "geometry": { "type": "MultiPolygon", "coordinates": [ [ [ [ 26.899223, 60.580486, 14.303044 ], [ 26.899132, 60.580489, 14.303044 ], [ 26.899139, 60.580543, 14.303044 ], [ 26.89923, 60.58054, 14.303044 ], [ 26.899223, 60.580486, 14.303044 ] ] ] ] } },
{ "type": "Feature", "properties": { "address": "87" }, "geometry": { "type": "MultiPolygon", "coordinates": [ [ [ [ 26.89923, 60.580541, 14.303044 ], [ 26.899139, 60.580544, 14.303044 ], [ 26.899146, 60.580597, 14.303044 ], [ 26.899237, 60.580595, 14.303044 ], [ 26.89923, 60.580541, 14.303044 ] ] ] ] } },
{ "type": "Feature", "properties": { "address": "88" }, "geometry": { "type": "MultiPolygon", "coordinates": [ [ [ [ 26.899237, 60.580595, 14.303044 ], [ 26.899147, 60.580601, 14.303044 ], [ 26.89916, 60.580654, 14.303044 ], [ 26.89925, 60.580649, 14.303044 ], [ 26.899237, 60.580595, 14.303044 ] ] ] ] } },
{ "type": "Feature", "properties": { "address": "89" }, "geometry": { "type": "MultiPolygon", "coordinates": [ [ [ [ 26.89925, 60.580649, 14.303044 ], [ 26.89916, 60.580654, 14.303044 ], [ 26.899172, 60.580708, 14.303044 ], [ 26.899263, 60.580702, 14.303044 ], [ 26.89925, 60.580649, 14.303044 ] ] ] ] } },
{ "type": "Feature", "properties": { "address": "90" }, "geometry": { "type": "MultiPolygon", "coordinates": [ [ [ [ 26.899263, 60.580702, 14.303044 ], [ 26.899174, 60.580713, 14.303044 ], [ 26.8992, 60.580765, 14.303044 ], [ 26.899288, 60.580755, 14.303044 ], [ 26.899263, 60.580702, 14.303044 ] ] ] ] } },
{ "type": "Feature", "properties": { "address": "91" }, "geometry": { "type": "MultiPolygon", "coordinates": [ [ [ [ 26.899288, 60.580755, 14.303044 ], [ 26.899203, 60.58077, 14.303044 ], [ 26.89924, 60.580821, 14.303044 ], [ 26.899326, 60.580806, 14.303044 ], [ 26.899288, 60.580755, 14.303044 ] ] ] ] } },
{ "type": "Feature", "properties": { "address": "92" }, "geometry": { "type": "MultiPolygon", "coordinates": [ [ [ [ 26.899326, 60.580806, 14.303044 ], [ 26.899247, 60.580828, 14.303044 ], [ 26.899301, 60.580875, 14.303044 ], [ 26.89938, 60.580852, 14.303044 ], [ 26.899326, 60.580806, 14.303044 ] ] ] ] } },
{ "type": "Feature", "properties": { "address": "93" }, "geometry": { "type": "MultiPolygon", "coordinates": [ [ [ [ 26.89938, 60.580852, 14.303044 ], [ 26.899305, 60.580878, 14.303044 ], [ 26.899367, 60.580922, 14.303044 ], [ 26.899442, 60.580897, 14.303044 ], [ 26.89938, 60.580852, 14.303044 ] ] ] ] } },
{ "type": "Feature", "properties": { "address": "94" }, "geometry": { "type": "MultiPolygon", "coordinates": [ [ [ [ 26.899442, 60.580897, 14.303044 ], [ 26.899381, 60.58093, 14.303044 ], [ 26.899462, 60.580966, 14.303044 ], [ 26.899523, 60.580933, 14.303044 ], [ 26.899442, 60.580897, 14.303044 ] ] ] ] } },
{ "type": "Feature", "properties": { "address": "101" }, "geometry": { "type": "MultiPolygon", "coordinates": [ [ [ [ 26.900502, 60.580954, 14.303044 ], [ 26.900576, 60.580927, 14.303044 ], [ 26.900513, 60.580884, 14.303044 ], [ 26.900438, 60.58091, 14.303044 ], [ 26.900502, 60.580954, 14.303044 ] ] ] ] } },
{ "type": "Feature", "properties": { "address": "35" }, "geometry": { "type": "MultiPolygon", "coordinates": [ [ [ [ 26.899709, 60.579601, 42.762083 ], [ 26.899671, 60.57956, 42.762083 ], [ 26.899571, 60.579582, 42.762083 ], [ 26.899609, 60.579623, 42.762083 ], [ 26.899709, 60.579601, 42.762083 ] ] ] ] } },
{ "type": "Feature", "properties": { "address": "34" }, "geometry": { "type": "MultiPolygon", "coordinates": [ [ [ [ 26.899817, 60.579594, 42.762083 ], [ 26.899806, 60.579549, 42.762083 ], [ 26.899697, 60.579556, 42.762083 ], [ 26.899709, 60.579601, 42.762083 ], [ 26.899817, 60.579594, 42.762083 ] ] ] ] } },
{ "type": "Feature", "properties": { "address": "33" }, "geometry": { "type": "MultiPolygon", "coordinates": [ [ [ [ 26.899927, 60.579592, 42.762083 ], [ 26.899924, 60.579548, 42.762083 ], [ 26.899815, 60.579549, 42.762083 ], [ 26.899817, 60.579594, 42.762083 ], [ 26.899927, 60.579592, 42.762083 ] ] ] ] } },
{ "type": "Feature", "properties": { "address": "32" }, "geometry": { "type": "MultiPolygon", "coordinates": [ [ [ [ 26.900036, 60.579598, 42.762083 ], [ 26.900045, 60.579553, 42.762083 ], [ 26.899936, 60.579548, 42.762083 ], [ 26.899927, 60.579592, 42.762083 ], [ 26.900036, 60.579598, 42.762083 ] ] ] ] } },
{ "type": "Feature", "properties": { "address": "31" }, "geometry": { "type": "MultiPolygon", "coordinates": [ [ [ [ 26.900135, 60.57962, 42.762083 ], [ 26.900173, 60.579579, 42.762083 ], [ 26.900074, 60.579557, 42.762083 ], [ 26.900036, 60.579598, 42.762083 ], [ 26.900135, 60.57962, 42.762083 ] ] ] ] } },
{ "type": "Feature", "properties": { "address": "36" }, "geometry": { "type": "MultiPolygon", "coordinates": [ [ [ [ 26.899609, 60.579623, 42.762083 ], [ 26.899558, 60.579586, 42.762083 ], [ 26.899467, 60.579616, 42.762083 ], [ 26.899518, 60.579653, 42.762083 ], [ 26.899609, 60.579623, 42.762083 ] ] ] ] } },
{ "type": "Feature", "properties": { "address": "37" }, "geometry": { "type": "MultiPolygon", "coordinates": [ [ [ [ 26.899518, 60.579653, 42.762083 ], [ 26.899448, 60.579624, 42.762083 ], [ 26.899378, 60.579665, 42.762083 ], [ 26.899448, 60.579694, 42.762083 ], [ 26.899518, 60.579653, 42.762083 ] ] ] ] } },
{ "type": "Feature", "properties": { "address": "38" }, "geometry": { "type": "MultiPolygon", "coordinates": [ [ [ [ 26.899448, 60.579694, 42.762083 ], [ 26.899366, 60.579675, 42.762083 ], [ 26.899318, 60.579723, 42.762083 ], [ 26.8994, 60.579743, 42.762083 ], [ 26.899448, 60.579694, 42.762083 ] ] ] ] } },
{ "type": "Feature", "properties": { "address": "39" }, "geometry": { "type": "MultiPolygon", "coordinates": [ [ [ [ 26.8994, 60.579743, 42.762083 ], [ 26.899314, 60.579728, 42.762083 ], [ 26.899278, 60.579779, 42.762083 ], [ 26.899364, 60.579794, 42.762083 ], [ 26.8994, 60.579743, 42.762083 ] ] ] ] } },
{ "type": "Feature", "properties": { "address": "40" }, "geometry": { "type": "MultiPolygon", "coordinates": [ [ [ [ 26.899364, 60.579794, 42.762083 ], [ 26.899276, 60.579782, 42.762083 ], [ 26.899248, 60.579834, 42.762083 ], [ 26.899336, 60.579846, 42.762083 ], [ 26.899364, 60.579794, 42.762083 ] ] ] ] } },
{ "type": "Feature", "properties": { "address": "41" }, "geometry": { "type": "MultiPolygon", "coordinates": [ [ [ [ 26.899336, 60.579846, 42.762083 ], [ 26.899246, 60.579839, 42.762083 ], [ 26.899229, 60.579892, 42.762083 ], [ 26.899319, 60.579899, 42.762083 ], [ 26.899336, 60.579846, 42.762083 ] ] ] ] } },
{ "type": "Feature", "properties": { "address": "42" }, "geometry": { "type": "MultiPolygon", "coordinates": [ [ [ [ 26.899319, 60.579899, 42.762083 ], [ 26.899228, 60.579897, 42.762083 ], [ 26.899223, 60.579951, 42.762083 ], [ 26.899314, 60.579953, 42.762083 ], [ 26.899319, 60.579899, 42.762083 ] ] ] ] } },
{ "type": "Feature", "properties": { "address": "43" }, "geometry": { "type": "MultiPolygon", "coordinates": [ [ [ [ 26.899314, 60.579953, 42.762083 ], [ 26.899223, 60.579951, 42.762083 ], [ 26.899219, 60.580005, 42.762083 ], [ 26.89931, 60.580007, 42.762083 ], [ 26.899314, 60.579953, 42.762083 ] ] ] ] } },
{ "type": "Feature", "properties": { "address": "44" }, "geometry": { "type": "MultiPolygon", "coordinates": [ [ [ [ 26.89931, 60.580007, 42.762083 ], [ 26.899219, 60.580005, 42.762083 ], [ 26.899215, 60.580059, 42.762083 ], [ 26.899306, 60.58006, 42.762083 ], [ 26.89931, 60.580007, 42.762083 ] ] ] ] } },
{ "type": "Feature", "properties": { "address": "45" }, "geometry": { "type": "MultiPolygon", "coordinates": [ [ [ [ 26.899306, 60.58006, 42.762083 ], [ 26.899215, 60.580061, 42.762083 ], [ 26.899217, 60.580115, 42.762083 ], [ 26.899308, 60.580114, 42.762083 ], [ 26.899306, 60.58006, 42.762083 ] ] ] ] } },
{ "type": "Feature", "properties": { "address": "46" }, "geometry": { "type": "MultiPolygon", "coordinates": [ [ [ [ 26.899308, 60.580114, 42.762083 ], [ 26.899217, 60.580115, 42.762083 ], [ 26.899219, 60.580169, 42.762083 ], [ 26.899311, 60.580168, 42.762083 ], [ 26.899308, 60.580114, 42.762083 ] ] ] ] } },
{ "type": "Feature", "properties": { "address": "47" }, "geometry": { "type": "MultiPolygon", "coordinates": [ [ [ [ 26.899311, 60.580168, 42.762083 ], [ 26.89922, 60.580175, 42.762083 ], [ 26.899238, 60.580228, 42.762083 ], [ 26.899328, 60.580221, 42.762083 ], [ 26.899311, 60.580168, 42.762083 ] ] ] ] } },
{ "type": "Feature", "properties": { "address": "50" }, "geometry": { "type": "MultiPolygon", "coordinates": [ [ [ [ 26.899357, 60.58034, 42.762083 ], [ 26.899266, 60.58034, 42.762083 ], [ 26.899268, 60.580394, 42.762083 ], [ 26.899359, 60.580393, 42.762083 ], [ 26.899357, 60.58034, 42.762083 ] ] ] ] } },
{ "type": "Feature", "properties": { "address": "51" }, "geometry": { "type": "MultiPolygon", "coordinates": [ [ [ [ 26.899359, 60.580393, 42.762083 ], [ 26.899269, 60.5804, 42.762083 ], [ 26.899286, 60.580453, 42.762083 ], [ 26.899376, 60.580447, 42.762083 ], [ 26.899359, 60.580393, 42.762083 ] ] ] ] } },
{ "type": "Feature", "properties": { "address": "52" }, "geometry": { "type": "MultiPolygon", "coordinates": [ [ [ [ 26.899376, 60.580447, 42.762083 ], [ 26.899286, 60.580453, 42.762083 ], [ 26.899302, 60.580507, 42.762083 ], [ 26.899392, 60.5805, 42.762083 ], [ 26.899376, 60.580447, 42.762083 ] ] ] ] } },
{ "type": "Feature", "properties": { "address": "53" }, "geometry": { "type": "MultiPolygon", "coordinates": [ [ [ [ 26.899392, 60.5805, 42.762083 ], [ 26.899302, 60.580507, 42.762083 ], [ 26.899318, 60.58056, 42.762083 ], [ 26.899408, 60.580553, 42.762083 ], [ 26.899392, 60.5805, 42.762083 ] ] ] ] } },
{ "type": "Feature", "properties": { "address": "54" }, "geometry": { "type": "MultiPolygon", "coordinates": [ [ [ [ 26.899408, 60.580553, 42.762083 ], [ 26.89932, 60.580564, 42.762083 ], [ 26.899346, 60.580616, 42.762083 ], [ 26.899435, 60.580605, 42.762083 ], [ 26.899408, 60.580553, 42.762083 ] ] ] ] } },
{ "type": "Feature", "properties": { "address": "55" }, "geometry": { "type": "MultiPolygon", "coordinates": [ [ [ [ 26.899435, 60.580605, 42.762083 ], [ 26.899348, 60.580619, 42.762083 ], [ 26.899382, 60.580671, 42.762083 ], [ 26.899469, 60.580657, 42.762083 ], [ 26.899435, 60.580605, 42.762083 ] ] ] ] } },
{ "type": "Feature", "properties": { "address": "56" }, "geometry": { "type": "MultiPolygon", "coordinates": [ [ [ [ 26.899469, 60.580657, 42.762083 ], [ 26.899382, 60.580671, 42.762083 ], [ 26.899416, 60.580722, 42.762083 ], [ 26.899502, 60.580708, 42.762083 ], [ 26.899469, 60.580657, 42.762083 ] ] ] ] } },
{ "type": "Feature", "properties": { "address": "57" }, "geometry": { "type": "MultiPolygon", "coordinates": [ [ [ [ 26.899502, 60.580708, 42.762083 ], [ 26.899425, 60.580732, 42.762083 ], [ 26.899483, 60.580777, 42.762083 ], [ 26.899561, 60.580754, 42.762083 ], [ 26.899502, 60.580708, 42.762083 ] ] ] ] } },
{ "type": "Feature", "properties": { "address": "58" }, "geometry": { "type": "MultiPolygon", "coordinates": [ [ [ [ 26.899561, 60.580754, 42.762083 ], [ 26.89949, 60.580782, 42.762083 ], [ 26.899559, 60.580824, 42.762083 ], [ 26.89963, 60.580795, 42.762083 ], [ 26.899561, 60.580754, 42.762083 ] ] ] ] } },
{ "type": "Feature", "properties": { "address": "59" }, "geometry": { "type": "MultiPolygon", "coordinates": [ [ [ [ 26.89963, 60.580795, 42.762083 ], [ 26.89957, 60.580829, 42.762083 ], [ 26.899653, 60.580865, 42.762083 ], [ 26.899713, 60.58083, 42.762083 ], [ 26.89963, 60.580795, 42.762083 ] ] ] ] } },
{ "type": "Feature", "properties": { "address": "49" }, "geometry": { "type": "MultiPolygon", "coordinates": [ [ [ [ 26.899344, 60.580282, 42.762083 ], [ 26.899253, 60.580287, 42.762083 ], [ 26.899266, 60.58034, 42.762083 ], [ 26.899356, 60.580335, 42.762083 ], [ 26.899344, 60.580282, 42.762083 ] ] ] ] } },
{ "type": "Feature", "properties": { "address": "48" }, "geometry": { "type": "MultiPolygon", "coordinates": [ [ [ [ 26.899331, 60.580228, 42.762083 ], [ 26.89924, 60.580233, 42.762083 ], [ 26.899253, 60.580287, 42.762083 ], [ 26.899344, 60.580282, 42.762083 ], [ 26.899331, 60.580228, 42.762083 ] ] ] ] } },
{ "type": "Feature", "properties": { "address": "100" }, "geometry": { "type": "MultiPolygon", "coordinates": [ [ [ [ 26.900428, 60.58098, 14.303044 ], [ 26.900502, 60.580954, 14.303044 ], [ 26.900438, 60.58091, 14.303044 ], [ 26.900364, 60.580936, 14.303044 ], [ 26.900428, 60.58098, 14.303044 ] ] ] ] } },
{ "type": "Feature", "properties": { "address": "99" }, "geometry": { "type": "MultiPolygon", "coordinates": [ [ [ [ 26.900327, 60.581004, 14.303044 ], [ 26.90041, 60.580985, 14.303044 ], [ 26.900364, 60.580936, 14.303044 ], [ 26.900281, 60.580955, 14.303044 ], [ 26.900327, 60.581004, 14.303044 ] ] ] ] } },
{ "type": "Feature", "properties": { "address": "98" }, "geometry": { "type": "MultiPolygon", "coordinates": [ [ [ [ 26.900244, 60.581022, 14.303044 ], [ 26.900327, 60.581004, 14.303044 ], [ 26.900281, 60.580955, 14.303044 ], [ 26.900198, 60.580973, 14.303044 ], [ 26.900244, 60.581022, 14.303044 ] ] ] ] } },
{ "type": "Feature", "properties": { "address": "97" }, "geometry": { "type": "MultiPolygon", "coordinates": [ [ [ [ 26.900123, 60.581033, 14.303044 ], [ 26.900213, 60.581027, 14.303044 ], [ 26.900198, 60.580973, 14.303044 ], [ 26.900108, 60.580979, 14.303044 ], [ 26.900123, 60.581033, 14.303044 ] ] ] ] } },
{ "type": "Feature", "properties": { "address": "96" }, "geometry": { "type": "MultiPolygon", "coordinates": [ [ [ [ 26.900032, 60.581039, 14.303044 ], [ 26.900123, 60.581033, 14.303044 ], [ 26.900108, 60.580979, 14.303044 ], [ 26.900018, 60.580985, 14.303044 ], [ 26.900032, 60.581039, 14.303044 ] ] ] ] } },
{ "type": "Feature", "properties": { "address": "95" }, "geometry": { "type": "MultiPolygon", "coordinates": [ [ [ [ 26.899928, 60.58104, 14.303044 ], [ 26.900019, 60.581039, 14.303044 ], [ 26.900018, 60.580985, 14.303044 ], [ 26.899926, 60.580986, 14.303044 ], [ 26.899928, 60.58104, 14.303044 ] ] ] ] } },
{ "type": "Feature", "properties": { "address": "127" }, "geometry": { "type": "MultiPolygon", "coordinates": [ [ [ [ 26.897708, 60.579392, 17.360824 ], [ 26.897767, 60.57936, 18.797043 ], [ 26.897683, 60.579328, 20.325933 ], [ 26.897624, 60.57936, 18.889714 ], [ 26.897708, 60.579392, 17.360824 ] ] ] ] } },
{ "type": "Feature", "properties": { "address": "118" }, "geometry": { "type": "MultiPolygon", "coordinates": [ [ [ [ 26.897869, 60.579457, 14.303044 ], [ 26.897928, 60.579426, 15.739264 ], [ 26.897844, 60.579394, 17.268153 ], [ 26.897785, 60.579426, 15.831934 ], [ 26.897869, 60.579457, 14.303044 ] ] ] ] } },
{ "type": "Feature", "properties": { "address": "239" }, "geometry": { "type": "MultiPolygon", "coordinates": [ [ [ [ 26.896565, 60.579564, 0.073525 ], [ 26.896478, 60.579551, 0.073525 ], [ 26.896445, 60.579602, 0.073525 ], [ 26.896532, 60.579616, 0.073525 ], [ 26.896565, 60.579564, 0.073525 ] ] ] ] } },
{ "type": "Feature", "properties": { "address": "240" }, "geometry": { "type": "MultiPolygon", "coordinates": [ [ [ [ 26.896597, 60.579513, 0.073525 ], [ 26.89651, 60.579499, 0.073525 ], [ 26.896478, 60.579551, 0.073525 ], [ 26.896565, 60.579564, 0.073525 ], [ 26.896597, 60.579513, 0.073525 ] ] ] ] } },
{ "type": "Feature", "properties": { "address": "241" }, "geometry": { "type": "MultiPolygon", "coordinates": [ [ [ [ 26.89663, 60.579461, 0.073525 ], [ 26.896543, 60.579448, 0.073525 ], [ 26.89651, 60.579499, 0.073525 ], [ 26.896597, 60.579513, 0.073525 ], [ 26.89663, 60.579461, 0.073525 ] ] ] ] } },
{ "type": "Feature", "properties": { "address": "242" }, "geometry": { "type": "MultiPolygon", "coordinates": [ [ [ [ 26.896662, 60.57941, 0.073525 ], [ 26.896575, 60.579396, 0.073525 ], [ 26.896543, 60.579448, 0.073525 ], [ 26.89663, 60.579461, 0.073525 ], [ 26.896662, 60.57941, 0.073525 ] ] ] ] } },
{ "type": "Feature", "properties": { "address": "235" }, "geometry": { "type": "MultiPolygon", "coordinates": [ [ [ [ 26.896435, 60.57977, 0.073525 ], [ 26.896348, 60.579757, 0.073525 ], [ 26.896315, 60.579808, 0.073525 ], [ 26.896402, 60.579821, 0.073525 ], [ 26.896435, 60.57977, 0.073525 ] ] ] ] } },
{ "type": "Feature", "properties": { "address": "221" }, "geometry": { "type": "MultiPolygon", "coordinates": [ [ [ [ 26.896668, 60.579552, 0.073525 ], [ 26.896581, 60.579538, 0.073525 ], [ 26.896549, 60.57959, 0.073525 ], [ 26.896636, 60.579603, 0.073525 ], [ 26.896668, 60.579552, 0.073525 ] ] ] ] } },
{ "type": "Feature", "properties": { "address": "183" }, "geometry": { "type": "MultiPolygon", "coordinates": [ [ [ [ 26.89681, 60.57963, 0.073525 ], [ 26.896723, 60.579616, 0.073525 ], [ 26.89669, 60.579668, 0.073525 ], [ 26.896778, 60.579681, 0.073525 ], [ 26.89681, 60.57963, 0.073525 ] ] ] ] } },
{ "type": "Feature", "properties": { "address": "180" }, "geometry": { "type": "MultiPolygon", "coordinates": [ [ [ [ 26.896713, 60.579784, 0.073525 ], [ 26.896625, 60.579771, 0.073525 ], [ 26.896593, 60.579822, 0.073525 ], [ 26.89668, 60.579836, 0.073525 ], [ 26.896713, 60.579784, 0.073525 ] ] ] ] } },
{ "type": "Feature", "properties": { "address": "251" }, "geometry": { "type": "MultiPolygon", "coordinates": [ [ [ [ 26.896955, 60.578947, 0.073525 ], [ 26.896867, 60.578933, 0.073525 ], [ 26.896835, 60.578985, 0.073525 ], [ 26.896922, 60.578998, 0.073525 ], [ 26.896955, 60.578947, 0.073525 ] ] ] ] } },
{ "type": "Feature", "properties": { "address": "277" }, "geometry": { "type": "MultiPolygon", "coordinates": [ [ [ [ 26.896159, 60.579954, -33.596449 ], [ 26.89609, 60.579983, -33.596449 ], [ 26.896161, 60.580024, -33.596449 ], [ 26.89623, 60.579995, -33.596449 ], [ 26.896159, 60.579954, -33.596449 ] ] ] ] } },
{ "type": "Feature", "properties": { "address": "276" }, "geometry": { "type": "MultiPolygon", "coordinates": [ [ [ [ 26.89623, 60.579995, -33.596449 ], [ 26.896174, 60.58003, -33.596449 ], [ 26.89626, 60.580063, -33.596449 ], [ 26.896316, 60.580028, -33.596449 ], [ 26.89623, 60.579995, -33.596449 ] ] ] ] } },
{ "type": "Feature", "properties": { "address": "275" }, "geometry": { "type": "MultiPolygon", "coordinates": [ [ [ [ 26.896316, 60.580028, -33.596449 ], [ 26.89626, 60.580063, -33.596449 ], [ 26.896346, 60.580096, -33.596449 ], [ 26.896403, 60.580061, -33.596449 ], [ 26.896316, 60.580028, -33.596449 ] ] ] ] } },
{ "type": "Feature", "properties": { "address": "274" }, "geometry": { "type": "MultiPolygon", "coordinates": [ [ [ [ 26.896403, 60.580061, -33.596449 ], [ 26.896368, 60.580103, -33.596449 ], [ 26.896469, 60.580123, -33.596449 ], [ 26.896504, 60.580081, -33.596449 ], [ 26.896403, 60.580061, -33.596449 ] ] ] ] } },
{ "type": "Feature", "properties": { "address": "273" }, "geometry": { "type": "MultiPolygon", "coordinates": [ [ [ [ 26.896504, 60.580081, -33.596449 ], [ 26.896481, 60.580125, -33.596449 ], [ 26.896587, 60.580139, -33.596449 ], [ 26.89661, 60.580095, -33.596449 ], [ 26.896504, 60.580081, -33.596449 ] ] ] ] } },
{ "type": "Feature", "properties": { "address": "272" }, "geometry": { "type": "MultiPolygon", "coordinates": [ [ [ [ 26.89661, 60.580095, -33.596449 ], [ 26.896602, 60.58014, -33.596449 ], [ 26.896711, 60.580144, -33.596449 ], [ 26.896719, 60.5801, -33.596449 ], [ 26.89661, 60.580095, -33.596449 ] ] ] ] } },
{ "type": "Feature", "properties": { "address": "271" }, "geometry": { "type": "MultiPolygon", "coordinates": [ [ [ [ 26.896719, 60.5801, -33.596449 ], [ 26.896721, 60.580145, -33.596449 ], [ 26.896831, 60.580143, -33.596449 ], [ 26.896828, 60.580098, -33.596449 ], [ 26.896719, 60.5801, -33.596449 ] ] ] ] } },
{ "type": "Feature", "properties": { "address": "270" }, "geometry": { "type": "MultiPolygon", "coordinates": [ [ [ [ 26.896846, 60.580099, -33.596449 ], [ 26.896831, 60.580143, -33.596449 ], [ 26.896939, 60.580152, -33.596449 ], [ 26.896954, 60.580108, -33.596449 ], [ 26.896846, 60.580099, -33.596449 ] ] ] ] } },
{ "type": "Feature", "properties": { "address": "269" }, "geometry": { "type": "MultiPolygon", "coordinates": [ [ [ [ 26.896954, 60.580108, -33.596449 ], [ 26.896939, 60.580152, -33.596449 ], [ 26.897047, 60.580161, -33.596449 ], [ 26.897062, 60.580116, -33.596449 ], [ 26.896954, 60.580108, -33.596449 ] ] ] ] } },
{ "type": "Feature", "properties": { "address": "268" }, "geometry": { "type": "MultiPolygon", "coordinates": [ [ [ [ 26.897086, 60.58012, -33.596449 ], [ 26.897047, 60.580161, -33.596449 ], [ 26.897146, 60.580183, -33.596449 ], [ 26.897185, 60.580143, -33.596449 ], [ 26.897086, 60.58012, -33.596449 ] ] ] ] } },
{ "type": "Feature", "properties": { "address": "267" }, "geometry": { "type": "MultiPolygon", "coordinates": [ [ [ [ 26.897196, 60.580146, -33.596449 ], [ 26.897146, 60.580183, -33.596449 ], [ 26.897238, 60.580213, -33.596449 ], [ 26.897288, 60.580175, -33.596449 ], [ 26.897196, 60.580146, -33.596449 ] ] ] ] } },
{ "type": "Feature", "properties": { "address": "266" }, "geometry": { "type": "MultiPolygon", "coordinates": [ [ [ [ 26.897302, 60.580181, -33.596449 ], [ 26.897238, 60.580213, -33.596449 ], [ 26.897315, 60.580251, -33.596449 ], [ 26.89738, 60.58022, -33.596449 ], [ 26.897302, 60.580181, -33.596449 ] ] ] ] } },
{ "type": "Feature", "properties": { "address": "265" }, "geometry": { "type": "MultiPolygon", "coordinates": [ [ [ [ 26.89738, 60.58022, -33.596449 ], [ 26.897315, 60.580251, -33.596449 ], [ 26.897392, 60.58029, -33.596449 ], [ 26.897457, 60.580258, -33.596449 ], [ 26.89738, 60.58022, -33.596449 ] ] ] ] } },
{ "type": "Feature", "properties": { "address": "312" }, "geometry": { "type": "MultiPolygon", "coordinates": [ [ [ [ 26.896779, 60.580156, -33.596449 ], [ 26.896746, 60.580198, -33.596449 ], [ 26.896848, 60.580217, -33.596449 ], [ 26.896881, 60.580176, -33.596449 ], [ 26.896779, 60.580156, -33.596449 ] ] ] ] } },
{ "type": "Feature", "properties": { "address": "311" }, "geometry": { "type": "MultiPolygon", "coordinates": [ [ [ [ 26.896896, 60.58018, -33.596449 ], [ 26.896863, 60.580222, -33.596449 ], [ 26.896965, 60.580241, -33.596449 ], [ 26.896998, 60.580199, -33.596449 ], [ 26.896896, 60.58018, -33.596449 ] ] ] ] } },
{ "type": "Feature", "properties": { "address": "310" }, "geometry": { "type": "MultiPolygon", "coordinates": [ [ [ [ 26.897004, 60.580199, -33.596449 ], [ 26.896971, 60.580241, -33.596449 ], [ 26.897073, 60.580261, -33.596449 ], [ 26.897106, 60.580219, -33.596449 ], [ 26.897004, 60.580199, -33.596449 ] ] ] ] } },
{ "type": "Feature", "properties": { "address": "309" }, "geometry": { "type": "MultiPolygon", "coordinates": [ [ [ [ 26.897116, 60.580222, -33.596449 ], [ 26.897083, 60.580264, -33.596449 ], [ 26.897185, 60.580283, -33.596449 ], [ 26.897218, 60.580241, -33.596449 ], [ 26.897116, 60.580222, -33.596449 ] ] ] ] } },
{ "type": "Feature", "properties": { "address": "308" }, "geometry": { "type": "MultiPolygon", "coordinates": [ [ [ [ 26.897242, 60.580249, -33.596449 ], [ 26.897195, 60.580288, -33.596449 ], [ 26.897288, 60.580316, -33.596449 ], [ 26.897336, 60.580277, -33.596449 ], [ 26.897242, 60.580249, -33.596449 ] ] ] ] } },
{ "type": "Feature", "properties": { "address": "174" }, "geometry": { "type": "MultiPolygon", "coordinates": [ [ [ [ 26.896897, 60.579643, 0.073525 ], [ 26.89681, 60.57963, 0.073525 ], [ 26.896778, 60.579681, 0.073525 ], [ 26.896865, 60.579695, 0.073525 ], [ 26.896897, 60.579643, 0.073525 ] ] ] ] } },
{ "type": "Feature", "properties": { "address": "171" }, "geometry": { "type": "MultiPolygon", "coordinates": [ [ [ [ 26.8968, 60.579797, 0.073525 ], [ 26.896713, 60.579784, 0.073525 ], [ 26.89668, 60.579836, 0.073525 ], [ 26.896767, 60.579849, 0.073525 ], [ 26.8968, 60.579797, 0.073525 ] ] ] ] } },
{ "type": "Feature", "properties": { "address": "216" }, "geometry": { "type": "MultiPolygon", "coordinates": [ [ [ [ 26.896506, 60.579809, 0.073525 ], [ 26.896419, 60.579796, 0.073525 ], [ 26.896386, 60.579847, 0.073525 ], [ 26.896473, 60.57986, 0.073525 ], [ 26.896506, 60.579809, 0.073525 ] ] ] ] } },
{ "type": "Feature", "properties": { "address": "215" }, "geometry": { "type": "MultiPolygon", "coordinates": [ [ [ [ 26.896473, 60.57986, 0.073525 ], [ 26.896386, 60.579847, 0.073525 ], [ 26.896354, 60.579899, 0.073525 ], [ 26.896441, 60.579912, 0.073525 ], [ 26.896473, 60.57986, 0.073525 ] ] ] ] } },
{ "type": "Feature", "properties": { "address": "227" }, "geometry": { "type": "MultiPolygon", "coordinates": [ [ [ [ 26.896863, 60.579243, 0.073525 ], [ 26.896776, 60.57923, 0.073525 ], [ 26.896743, 60.579281, 0.073525 ], [ 26.896831, 60.579294, 0.073525 ], [ 26.896863, 60.579243, 0.073525 ] ] ] ] } },
{ "type": "Feature", "properties": { "address": "228" }, "geometry": { "type": "MultiPolygon", "coordinates": [ [ [ [ 26.896896, 60.579192, 0.073525 ], [ 26.896808, 60.579178, 0.073525 ], [ 26.896776, 60.57923, 0.073525 ], [ 26.896863, 60.579243, 0.073525 ], [ 26.896896, 60.579192, 0.073525 ] ] ] ] } },
{ "type": "Feature", "properties": { "address": "163" }, "geometry": { "type": "MultiPolygon", "coordinates": [ [ [ [ 26.896974, 60.579824, 0.073525 ], [ 26.896887, 60.579811, 0.073525 ], [ 26.896854, 60.579862, 0.073525 ], [ 26.896942, 60.579876, 0.073525 ], [ 26.896974, 60.579824, 0.073525 ] ] ] ] } },
{ "type": "Feature", "properties": { "address": "166" }, "geometry": { "type": "MultiPolygon", "coordinates": [ [ [ [ 26.897071, 60.57967, 0.073525 ], [ 26.896984, 60.579656, 0.073525 ], [ 26.896952, 60.579708, 0.073525 ], [ 26.897039, 60.579721, 0.073525 ], [ 26.897071, 60.57967, 0.073525 ] ] ] ] } },
{ "type": "Feature", "properties": { "address": "167" }, "geometry": { "type": "MultiPolygon", "coordinates": [ [ [ [ 26.897104, 60.579618, 0.073525 ], [ 26.897017, 60.579605, 0.073525 ], [ 26.896984, 60.579656, 0.073525 ], [ 26.897071, 60.57967, 0.073525 ], [ 26.897104, 60.579618, 0.073525 ] ] ] ] } },
{ "type": "Feature", "properties": { "address": "155" }, "geometry": { "type": "MultiPolygon", "coordinates": [ [ [ [ 26.897061, 60.579837, 0.073525 ], [ 26.896974, 60.579824, 0.073525 ], [ 26.896942, 60.579876, 0.073525 ], [ 26.897029, 60.579889, 0.073525 ], [ 26.897061, 60.579837, 0.073525 ] ] ] ] } },
{ "type": "Feature", "properties": { "address": "158" }, "geometry": { "type": "MultiPolygon", "coordinates": [ [ [ [ 26.897159, 60.579683, 0.073525 ], [ 26.897071, 60.57967, 0.073525 ], [ 26.897039, 60.579721, 0.073525 ], [ 26.897126, 60.579735, 0.073525 ], [ 26.897159, 60.579683, 0.073525 ] ] ] ] } },
{ "type": "Feature", "properties": { "address": "159" }, "geometry": { "type": "MultiPolygon", "coordinates": [ [ [ [ 26.897191, 60.579632, 0.073525 ], [ 26.897104, 60.579618, 0.073525 ], [ 26.897071, 60.57967, 0.073525 ], [ 26.897159, 60.579683, 0.073525 ], [ 26.897191, 60.579632, 0.073525 ] ] ] ] } },
{ "type": "Feature", "properties": { "address": "234" }, "geometry": { "type": "MultiPolygon", "coordinates": [ [ [ [ 26.89709, 60.578883, 0.073525 ], [ 26.897003, 60.57887, 0.073525 ], [ 26.896971, 60.578921, 0.073525 ], [ 26.897058, 60.578934, 0.073525 ], [ 26.89709, 60.578883, 0.073525 ] ] ] ] } },
{ "type": "Feature", "properties": { "address": "233" }, "geometry": { "type": "MultiPolygon", "coordinates": [ [ [ [ 26.897058, 60.578934, 0.073525 ], [ 26.896971, 60.578921, 0.073525 ], [ 26.896938, 60.578973, 0.073525 ], [ 26.897026, 60.578986, 0.073525 ], [ 26.897058, 60.578934, 0.073525 ] ] ] ] } },
{ "type": "Feature", "properties": { "address": "232" }, "geometry": { "type": "MultiPolygon", "coordinates": [ [ [ [ 26.897026, 60.578986, 0.073525 ], [ 26.896938, 60.578973, 0.073525 ], [ 26.896906, 60.579024, 0.073525 ], [ 26.896993, 60.579037, 0.073525 ], [ 26.897026, 60.578986, 0.073525 ] ] ] ] } },
{ "type": "Feature", "properties": { "address": "231" }, "geometry": { "type": "MultiPolygon", "coordinates": [ [ [ [ 26.896993, 60.579037, 0.073525 ], [ 26.896906, 60.579024, 0.073525 ], [ 26.896873, 60.579075, 0.073525 ], [ 26.896961, 60.579089, 0.073525 ], [ 26.896993, 60.579037, 0.073525 ] ] ] ] } },
{ "type": "Feature", "properties": { "address": "230" }, "geometry": { "type": "MultiPolygon", "coordinates": [ [ [ [ 26.896961, 60.579089, 0.073525 ], [ 26.896873, 60.579075, 0.073525 ], [ 26.896841, 60.579127, 0.073525 ], [ 26.896928, 60.57914, 0.073525 ], [ 26.896961, 60.579089, 0.073525 ] ] ] ] } },
{ "type": "Feature", "properties": { "address": "229" }, "geometry": { "type": "MultiPolygon", "coordinates": [ [ [ [ 26.896928, 60.57914, 0.073525 ], [ 26.896841, 60.579127, 0.073525 ], [ 26.896808, 60.579178, 0.073525 ], [ 26.896896, 60.579192, 0.073525 ], [ 26.896928, 60.57914, 0.073525 ] ] ] ] } },
{ "type": "Feature", "properties": { "address": "187" }, "geometry": { "type": "MultiPolygon", "coordinates": [ [ [ [ 26.89694, 60.579424, 0.073525 ], [ 26.896853, 60.579411, 0.073525 ], [ 26.89682, 60.579462, 0.073525 ], [ 26.896907, 60.579475, 0.073525 ], [ 26.89694, 60.579424, 0.073525 ] ] ] ] } },
{ "type": "Feature", "properties": { "address": "188" }, "geometry": { "type": "MultiPolygon", "coordinates": [ [ [ [ 26.896972, 60.579373, 0.073525 ], [ 26.896885, 60.579359, 0.073525 ], [ 26.896853, 60.579411, 0.073525 ], [ 26.89694, 60.579424, 0.073525 ], [ 26.896972, 60.579373, 0.073525 ] ] ] ] } },
{ "type": "Feature", "properties": { "address": "186" }, "geometry": { "type": "MultiPolygon", "coordinates": [ [ [ [ 26.896907, 60.579475, 0.073525 ], [ 26.89682, 60.579462, 0.073525 ], [ 26.896788, 60.579514, 0.073525 ], [ 26.896875, 60.579527, 0.073525 ], [ 26.896907, 60.579475, 0.073525 ] ] ] ] } },
{ "type": "Feature", "properties": { "address": "190" }, "geometry": { "type": "MultiPolygon", "coordinates": [ [ [ [ 26.897037, 60.57927, 0.073525 ], [ 26.89695, 60.579256, 0.073525 ], [ 26.896918, 60.579308, 0.073525 ], [ 26.897005, 60.579321, 0.073525 ], [ 26.897037, 60.57927, 0.073525 ] ] ] ] } },
{ "type": "Feature", "properties": { "address": "191" }, "geometry": { "type": "MultiPolygon", "coordinates": [ [ [ [ 26.89707, 60.579218, 0.073525 ], [ 26.896983, 60.579205, 0.073525 ], [ 26.89695, 60.579256, 0.073525 ], [ 26.897037, 60.57927, 0.073525 ], [ 26.89707, 60.579218, 0.073525 ] ] ] ] } },
{ "type": "Feature", "properties": { "address": "189" }, "geometry": { "type": "MultiPolygon", "coordinates": [ [ [ [ 26.897005, 60.579321, 0.073525 ], [ 26.896918, 60.579308, 0.073525 ], [ 26.896885, 60.579359, 0.073525 ], [ 26.896972, 60.579373, 0.073525 ], [ 26.897005, 60.579321, 0.073525 ] ] ] ] } },
{ "type": "Feature", "properties": { "address": "168" }, "geometry": { "type": "MultiPolygon", "coordinates": [ [ [ [ 26.897136, 60.579567, 0.073525 ], [ 26.897049, 60.579554, 0.073525 ], [ 26.897017, 60.579605, 0.073525 ], [ 26.897104, 60.579618, 0.073525 ], [ 26.897136, 60.579567, 0.073525 ] ] ] ] } },
{ "type": "Feature", "properties": { "address": "160" }, "geometry": { "type": "MultiPolygon", "coordinates": [ [ [ [ 26.897224, 60.57958, 0.073525 ], [ 26.897136, 60.579567, 0.073525 ], [ 26.897104, 60.579618, 0.073525 ], [ 26.897191, 60.579632, 0.073525 ], [ 26.897224, 60.57958, 0.073525 ] ] ] ] } },
{ "type": "Feature", "properties": { "address": "177" }, "geometry": { "type": "MultiPolygon", "coordinates": [ [ [ [ 26.896995, 60.579489, 0.073525 ], [ 26.896907, 60.579475, 0.073525 ], [ 26.896875, 60.579527, 0.073525 ], [ 26.896962, 60.57954, 0.073525 ], [ 26.896995, 60.579489, 0.073525 ] ] ] ] } },
{ "type": "Feature", "properties": { "address": "149" }, "geometry": { "type": "MultiPolygon", "coordinates": [ [ [ [ 26.8973, 60.579761, 0.073525 ], [ 26.897213, 60.579748, 0.073525 ], [ 26.897181, 60.579799, 0.073525 ], [ 26.897268, 60.579813, 0.073525 ], [ 26.8973, 60.579761, 0.073525 ] ] ] ] } },
{ "type": "Feature", "properties": { "address": "148" }, "geometry": { "type": "MultiPolygon", "coordinates": [ [ [ [ 26.897268, 60.579813, 0.073525 ], [ 26.897181, 60.579799, 0.073525 ], [ 26.897148, 60.579851, 0.073525 ], [ 26.897235, 60.579864, 0.073525 ], [ 26.897268, 60.579813, 0.073525 ] ] ] ] } },
{ "type": "Feature", "properties": { "address": "138" }, "geometry": { "type": "MultiPolygon", "coordinates": [ [ [ [ 26.897258, 60.57998, 0.073525 ], [ 26.89717, 60.579967, 0.073525 ], [ 26.897138, 60.580018, 0.073525 ], [ 26.897225, 60.580032, 0.073525 ], [ 26.897258, 60.57998, 0.073525 ] ] ] ] } },
{ "type": "Feature", "properties": { "address": "139" }, "geometry": { "type": "MultiPolygon", "coordinates": [ [ [ [ 26.89729, 60.579929, 0.073525 ], [ 26.897203, 60.579915, 0.073525 ], [ 26.89717, 60.579967, 0.073525 ], [ 26.897258, 60.57998, 0.073525 ], [ 26.89729, 60.579929, 0.073525 ] ] ] ] } },
{ "type": "Feature", "properties": { "address": "141" }, "geometry": { "type": "MultiPolygon", "coordinates": [ [ [ [ 26.897355, 60.579826, 0.073525 ], [ 26.897268, 60.579813, 0.073525 ], [ 26.897235, 60.579864, 0.073525 ], [ 26.897323, 60.579877, 0.073525 ], [ 26.897355, 60.579826, 0.073525 ] ] ] ] } },
{ "type": "Feature", "properties": { "address": "142" }, "geometry": { "type": "MultiPolygon", "coordinates": [ [ [ [ 26.897388, 60.579774, 0.073525 ], [ 26.8973, 60.579761, 0.073525 ], [ 26.897268, 60.579813, 0.073525 ], [ 26.897355, 60.579826, 0.073525 ], [ 26.897388, 60.579774, 0.073525 ] ] ] ] } },
{ "type": "Feature", "properties": { "address": "150" }, "geometry": { "type": "MultiPolygon", "coordinates": [ [ [ [ 26.897333, 60.57971, 0.073525 ], [ 26.897246, 60.579696, 0.073525 ], [ 26.897213, 60.579748, 0.073525 ], [ 26.8973, 60.579761, 0.073525 ], [ 26.897333, 60.57971, 0.073525 ] ] ] ] } },
{ "type": "Feature", "properties": { "address": "151" }, "geometry": { "type": "MultiPolygon", "coordinates": [ [ [ [ 26.897365, 60.579658, 0.073525 ], [ 26.897278, 60.579645, 0.073525 ], [ 26.897246, 60.579696, 0.073525 ], [ 26.897333, 60.57971, 0.073525 ], [ 26.897365, 60.579658, 0.073525 ] ] ] ] } },
{ "type": "Feature", "properties": { "address": "140" }, "geometry": { "type": "MultiPolygon", "coordinates": [ [ [ [ 26.897323, 60.579877, 0.073525 ], [ 26.897235, 60.579864, 0.073525 ], [ 26.897203, 60.579915, 0.073525 ], [ 26.89729, 60.579929, 0.073525 ], [ 26.897323, 60.579877, 0.073525 ] ] ] ] } },
{ "type": "Feature", "properties": { "address": "143" }, "geometry": { "type": "MultiPolygon", "coordinates": [ [ [ [ 26.89742, 60.579723, 0.073525 ], [ 26.897333, 60.57971, 0.073525 ], [ 26.8973, 60.579761, 0.073525 ], [ 26.897388, 60.579774, 0.073525 ], [ 26.89742, 60.579723, 0.073525 ] ] ] ] } },
{ "type": "Feature", "properties": { "address": "144" }, "geometry": { "type": "MultiPolygon", "coordinates": [ [ [ [ 26.897452, 60.579672, 0.073525 ], [ 26.897365, 60.579658, 0.073525 ], [ 26.897333, 60.57971, 0.073525 ], [ 26.89742, 60.579723, 0.073525 ], [ 26.897452, 60.579672, 0.073525 ] ] ] ] } },
{ "type": "Feature", "properties": { "address": "152" }, "geometry": { "type": "MultiPolygon", "coordinates": [ [ [ [ 26.897398, 60.579607, 0.073525 ], [ 26.897311, 60.579593, 0.073525 ], [ 26.897278, 60.579645, 0.073525 ], [ 26.897365, 60.579658, 0.073525 ], [ 26.897398, 60.579607, 0.073525 ] ] ] ] } },
{ "type": "Feature", "properties": { "address": "146" }, "geometry": { "type": "MultiPolygon", "coordinates": [ [ [ [ 26.897203, 60.579915, 0.073525 ], [ 26.897116, 60.579902, 0.073525 ], [ 26.897083, 60.579954, 0.073525 ], [ 26.89717, 60.579967, 0.073525 ], [ 26.897203, 60.579915, 0.073525 ] ] ] ] } },
{ "type": "Feature", "properties": { "address": "145" }, "geometry": { "type": "MultiPolygon", "coordinates": [ [ [ [ 26.89717, 60.579967, 0.073525 ], [ 26.897083, 60.579954, 0.073525 ], [ 26.897051, 60.580005, 0.073525 ], [ 26.897138, 60.580018, 0.073525 ], [ 26.89717, 60.579967, 0.073525 ] ] ] ] } },
{ "type": "Feature", "properties": { "address": "147" }, "geometry": { "type": "MultiPolygon", "coordinates": [ [ [ [ 26.897235, 60.579864, 0.073525 ], [ 26.897148, 60.579851, 0.073525 ], [ 26.897116, 60.579902, 0.073525 ], [ 26.897203, 60.579915, 0.073525 ], [ 26.897235, 60.579864, 0.073525 ] ] ] ] } },
{ "type": "Feature", "properties": { "address": "137" }, "geometry": { "type": "MultiPolygon", "coordinates": [ [ [ [ 26.897562, 60.579801, 0.073525 ], [ 26.897475, 60.579788, 0.073525 ], [ 26.897442, 60.579839, 0.073525 ], [ 26.897529, 60.579853, 0.073525 ], [ 26.897562, 60.579801, 0.073525 ] ] ] ] } },
{ "type": "Feature", "properties": { "address": "136" }, "geometry": { "type": "MultiPolygon", "coordinates": [ [ [ [ 26.897529, 60.579853, 0.073525 ], [ 26.897442, 60.579839, 0.073525 ], [ 26.89741, 60.579891, 0.073525 ], [ 26.897497, 60.579904, 0.073525 ], [ 26.897529, 60.579853, 0.073525 ] ] ] ] } },
{ "type": "Feature", "properties": { "address": "130" }, "geometry": { "type": "MultiPolygon", "coordinates": [ [ [ [ 26.897519, 60.58002, 0.073525 ], [ 26.897432, 60.580007, 0.073525 ], [ 26.897399, 60.580058, 0.073525 ], [ 26.897487, 60.580072, 0.073525 ], [ 26.897519, 60.58002, 0.073525 ] ] ] ] } },
{ "type": "Feature", "properties": { "address": "131" }, "geometry": { "type": "MultiPolygon", "coordinates": [ [ [ [ 26.897551, 60.579969, 0.073525 ], [ 26.897464, 60.579955, 0.073525 ], [ 26.897432, 60.580007, 0.073525 ], [ 26.897519, 60.58002, 0.073525 ], [ 26.897551, 60.579969, 0.073525 ] ] ] ] } },
{ "type": "Feature", "properties": { "address": "132" }, "geometry": { "type": "MultiPolygon", "coordinates": [ [ [ [ 26.897584, 60.579917, 0.073525 ], [ 26.897497, 60.579904, 0.073525 ], [ 26.897464, 60.579955, 0.073525 ], [ 26.897551, 60.579969, 0.073525 ], [ 26.897584, 60.579917, 0.073525 ] ] ] ] } },
{ "type": "Feature", "properties": { "address": "134" }, "geometry": { "type": "MultiPolygon", "coordinates": [ [ [ [ 26.897464, 60.579955, 0.073525 ], [ 26.897377, 60.579942, 0.073525 ], [ 26.897345, 60.579994, 0.073525 ], [ 26.897432, 60.580007, 0.073525 ], [ 26.897464, 60.579955, 0.073525 ] ] ] ] } },
{ "type": "Feature", "properties": { "address": "133" }, "geometry": { "type": "MultiPolygon", "coordinates": [ [ [ [ 26.897432, 60.580007, 0.073525 ], [ 26.897345, 60.579994, 0.073525 ], [ 26.897312, 60.580045, 0.073525 ], [ 26.897399, 60.580058, 0.073525 ], [ 26.897432, 60.580007, 0.073525 ] ] ] ] } },
{ "type": "Feature", "properties": { "address": "135" }, "geometry": { "type": "MultiPolygon", "coordinates": [ [ [ [ 26.897497, 60.579904, 0.073525 ], [ 26.89741, 60.579891, 0.073525 ], [ 26.897377, 60.579942, 0.073525 ], [ 26.897464, 60.579955, 0.073525 ], [ 26.897497, 60.579904, 0.073525 ] ] ] ] } },
{ "type": "Feature", "properties": { "address": "129" }, "geometry": { "type": "MultiPolygon", "coordinates": [ [ [ [ 26.897574, 60.580085, 0.073525 ], [ 26.897487, 60.580072, 0.073525 ], [ 26.897454, 60.580123, 0.073525 ], [ 26.897541, 60.580136, 0.073525 ], [ 26.897574, 60.580085, 0.073525 ] ] ] ] } },
{ "type": "Feature", "properties": { "address": "128" }, "geometry": { "type": "MultiPolygon", "coordinates": [ [ [ [ 26.897661, 60.580098, 0.073525 ], [ 26.897574, 60.580085, 0.073525 ], [ 26.897541, 60.580136, 0.073525 ], [ 26.897628, 60.58015, 0.073525 ], [ 26.897661, 60.580098, 0.073525 ] ] ] ] } },
{ "type": "Feature", "properties": { "address": "107" }, "geometry": { "type": "MultiPolygon", "coordinates": [ [ [ [ 26.898147, 60.579096, 0.073525 ], [ 26.898056, 60.5791, 0.073525 ], [ 26.898066, 60.579154, 0.073525 ], [ 26.898157, 60.579149, 0.073525 ], [ 26.898147, 60.579096, 0.073525 ] ] ] ] } },
{ "type": "Feature", "properties": { "address": "108" }, "geometry": { "type": "MultiPolygon", "coordinates": [ [ [ [ 26.898136, 60.579042, 0.073525 ], [ 26.898046, 60.579046, 0.073525 ], [ 26.898056, 60.5791, 0.073525 ], [ 26.898147, 60.579096, 0.073525 ], [ 26.898136, 60.579042, 0.073525 ] ] ] ] } },
{ "type": "Feature", "properties": { "address": "105" }, "geometry": { "type": "MultiPolygon", "coordinates": [ [ [ [ 26.898168, 60.579203, 0.073525 ], [ 26.898077, 60.579207, 0.073525 ], [ 26.898087, 60.579261, 0.073525 ], [ 26.898178, 60.579257, 0.073525 ], [ 26.898168, 60.579203, 0.073525 ] ] ] ] } },
{ "type": "Feature", "properties": { "address": "106" }, "geometry": { "type": "MultiPolygon", "coordinates": [ [ [ [ 26.898157, 60.579149, 0.073525 ], [ 26.898066, 60.579154, 0.073525 ], [ 26.898077, 60.579207, 0.073525 ], [ 26.898168, 60.579203, 0.073525 ], [ 26.898157, 60.579149, 0.073525 ] ] ] ] } },
{ "type": "Feature", "properties": { "address": "102" }, "geometry": { "type": "MultiPolygon", "coordinates": [ [ [ [ 26.898188, 60.57931, 0.073525 ], [ 26.898098, 60.579314, 0.073525 ], [ 26.898108, 60.579368, 0.073525 ], [ 26.898199, 60.579364, 0.073525 ], [ 26.898188, 60.57931, 0.073525 ] ] ] ] } },
{ "type": "Feature", "properties": { "address": "103" }, "geometry": { "type": "MultiPolygon", "coordinates": [ [ [ [ 26.898178, 60.579257, 0.073525 ], [ 26.898087, 60.579261, 0.073525 ], [ 26.898098, 60.579314, 0.073525 ], [ 26.898188, 60.57931, 0.073525 ], [ 26.898178, 60.579257, 0.073525 ] ] ] ] } },
{ "type": "Feature", "properties": { "address": "104" }, "geometry": { "type": "MultiPolygon", "coordinates": [ [ [ [ 26.898087, 60.579261, 0.073525 ], [ 26.897996, 60.579265, 0.073525 ], [ 26.898007, 60.579319, 0.073525 ], [ 26.898098, 60.579314, 0.073525 ], [ 26.898087, 60.579261, 0.073525 ] ] ] ] } }
]
}
